,time,r1i1p2f1,r2i1p2f1,r3i1p2f1
0,2015-01-16,286.4659763894288,286.381056991644,286.3141701455804
1,2015-02-15,286.2727154211725,286.2219672646525,286.39157089589486
2,2015-03-16,287.0950945243601,287.0973621493156,286.780948630164
3,2015-04-16,288.09892610074735,288.0505786852497,288.09745536627116
4,2015-05-16,289.04763652230054,289.12897361737413,289.15737865080985
5,2015-06-16,289.91318202587655,289.7523182896271,289.692696349698
6,2015-07-16,290.1885947472457,290.1379744461928,290.17904031689113
7,2015-08-16,290.15865124554364,289.88953581049884,290.276563453732
8,2015-09-16,289.46703168331004,289.2431869303422,289.4767899859534
9,2015-10-16,288.4999610196654,288.2785735585674,288.5814206512232
10,2015-11-16,287.5312375182146,287.12872475647526,287.7235340718845
11,2015-12-16,286.9569150873687,286.7244551739985,287.1487405620835
12,2016-01-16,286.5854118698123,286.1647826316382,286.80847526060484
13,2016-02-15,286.6136199086892,286.32812646071227,286.8290610634221
14,2016-03-16,287.0971616468367,286.93319942877724,287.3654832752915
15,2016-04-16,288.3242652538639,287.9034636714634,288.39322200997725
16,2016-05-16,289.27960538400976,288.9075505269613,289.4198686191035
17,2016-06-16,290.0543503517671,289.72185256681155,290.0868777345741
18,2016-07-16,290.41921265885566,290.1150647774936,290.42550787066176
19,2016-08-16,290.17343021157063,289.82990418522945,290.3284593557525
20,2016-09-16,289.6173433583606,289.2903890260421,289.4309001667019
21,2016-10-16,288.6396829698425,288.27143459602735,288.5365282084442
22,2016-11-16,287.7296252919732,287.44971595990825,287.7028291110458
23,2016-12-16,286.9745458633874,286.9010761103572,287.02355642577226
24,2017-01-16,286.6511324627794,286.5556178125903,286.69610344651915
25,2017-02-15,286.75107302748347,286.6200678798349,286.58904148277475
26,2017-03-16,287.29545610183726,287.13982852248114,287.452736475708
27,2017-04-16,288.3435022322924,288.2570250101933,288.3664952711044
28,2017-05-16,289.3180744233939,289.1135578215925,289.2831392367772
29,2017-06-16,289.96284655788384,289.8157008786606,289.85031165252514
30,2017-07-16,290.26061076402215,290.0265499440234,290.2096342859142
31,2017-08-16,290.08247055992615,289.9956373801142,290.0548666056255
32,2017-09-16,289.3536561818594,289.2183266148008,289.2796922475235
33,2017-10-16,288.4154195754337,288.282142381401,288.3024539632422
34,2017-11-16,287.42185625227233,287.38623410363937,287.4419337651514
35,2017-12-16,286.7237670323668,286.7760422466293,286.75420350673966
36,2018-01-16,286.3501527276866,286.5600137030871,286.42555969771365
37,2018-02-15,286.48488728633185,286.4658106518301,286.4236213360065
38,2018-03-16,287.2849120928179,287.28587923497145,287.1343022533643
39,2018-04-16,288.33207440584954,288.2325600482372,288.04477799276845
40,2018-05-16,289.31383265470924,289.09399999861597,288.9902932228279
41,2018-06-16,289.9202319051785,289.96428876572446,289.926688085722
42,2018-07-16,290.4616016833833,290.34497054754684,290.2106621784405
43,2018-08-16,290.24110276090545,290.2264065557715,289.9964810131928
44,2018-09-16,289.4270825400123,289.57779565804856,289.5430408716706
45,2018-10-16,288.50191430873747,288.7516440530001,288.5767355525633
46,2018-11-16,287.50980077687353,287.7842275673956,287.67513077879283
47,2018-12-16,286.97567172503165,287.1386781648892,287.0119827874417
48,2019-01-16,286.7113718115298,286.7443508089808,286.6311245055754
49,2019-02-15,286.9595350376718,286.72012665369573,286.7983949548738
50,2019-03-16,287.25587931117326,287.42075695971903,287.32462124599283
51,2019-04-16,288.4705247537851,288.31956124930224,288.2377695241612
52,2019-05-16,289.26586350413726,289.2219954159538,289.271356209294
53,2019-06-16,290.0284363469952,290.14199816539565,289.9293823515592
54,2019-07-16,290.42105256781673,290.29526958519267,290.3081690493583
55,2019-08-16,290.2851411893807,290.03435667683596,290.0551107223578
56,2019-09-16,289.7858772323774,289.2673785015248,289.55231335827506
57,2019-10-16,288.75382276996294,288.4823421963792,288.5572261779296
58,2019-11-16,287.91078084618744,287.6237364721326,287.7382331854531
59,2019-12-16,287.2963842162353,286.78421730495256,287.03872294588314
60,2020-01-16,286.9523069646371,286.20185203425,286.68646362674156
61,2020-02-15,287.0028872573305,286.439335484393,286.831284000227
62,2020-03-16,287.70949513855015,287.1135163497484,287.5425568507767
63,2020-04-16,288.5815105113393,288.1147523400115,288.3601213382238
64,2020-05-16,289.45914456956694,289.11036388443716,289.32138641194706
65,2020-06-16,290.15081127970234,289.76807854332594,290.01946692054025
66,2020-07-16,290.5922031942901,290.1122106363791,290.4212688806018
67,2020-08-16,290.56220652669384,290.0259716603209,290.2105242325219
68,2020-09-16,289.7862416913852,289.2971869407707,289.41879501663243
69,2020-10-16,288.7920070313686,288.35122920954274,288.68709405568535
70,2020-11-16,288.0794151403741,287.39521278137124,287.87998031177074
71,2020-12-16,287.1668947999682,286.74070136004457,286.8982963943491
72,2021-01-16,286.9672314574579,286.22354351160664,286.71634533788813
73,2021-02-15,287.12933968377484,286.48756611296,286.7859739401953
74,2021-03-16,287.7855102404938,287.1104228801906,287.43310119089836
75,2021-04-16,288.70528593300156,288.1182020423083,288.4272669867491
76,2021-05-16,289.6879435681163,289.17280897827516,289.34693691400827
77,2021-06-16,290.44194291632476,289.87731506170826,290.0604878959391
78,2021-07-16,290.7569946874767,290.1395493544754,290.32375870697825
79,2021-08-16,290.7656178237822,290.1350086598997,290.07627241397427
80,2021-09-16,289.92301889558235,289.400994849638,289.4419556230666
81,2021-10-16,289.13279807519035,288.4299546229821,288.5175054138608
82,2021-11-16,288.1988761702764,287.5947744516814,287.68002965835393
83,2021-12-16,287.4876148316585,286.96351960975306,286.8656582808063
84,2022-01-16,287.375686643498,286.5801688491252,286.83606511884415
85,2022-02-15,287.19068205791,286.5189316466374,286.68577919006486
86,2022-03-16,287.64291813496686,287.3237406476801,287.2626428809978
87,2022-04-16,288.5976049317377,288.3604775167136,288.3288687491709
88,2022-05-16,289.6015858470162,289.3139924384963,289.2265886120572
89,2022-06-16,290.272764494835,290.20612539312435,289.9458115992916
90,2022-07-16,290.7280092727718,290.4770194473346,290.322547019898
91,2022-08-16,290.5206363722595,290.2688276952004,290.09945153129695
92,2022-09-16,289.81255467826486,289.57569196368354,289.4170141121778
93,2022-10-16,288.7421025396343,288.78025605602807,288.48022672040224
94,2022-11-16,287.8583558286562,287.77497591742735,287.64540278542677
95,2022-12-16,287.22095330772635,287.37572940135857,286.85484791552085
96,2023-01-16,286.77577484876446,287.2157422453673,286.4625772904429
97,2023-02-15,286.9342479384405,286.8172661979241,286.4790956668149
98,2023-03-16,287.49424842634716,287.8318440215923,287.2348400057746
99,2023-04-16,288.4630622108382,288.6694341539317,288.1635181315818
100,2023-05-16,289.3627822358096,289.51203042296333,289.1771045220709
101,2023-06-16,289.98122933743036,290.3122146761722,289.81129411143667
102,2023-07-16,290.31857449494447,290.56031665840203,290.1953364565329
103,2023-08-16,290.3052599422632,290.4597973882719,290.1319729857734
104,2023-09-16,289.5135227679569,289.7466432311371,289.3981495610582
105,2023-10-16,288.6758285270152,288.81061165474136,288.5000295689254
106,2023-11-16,287.5128494485664,287.9853806175329,287.6337235986972
107,2023-12-16,287.0127373084926,287.1879812076476,286.8689021984468
108,2024-01-16,286.7065286553746,286.7835902612359,286.49166598901536
109,2024-02-15,286.8432064098892,286.8455596033677,286.9654982724967
110,2024-03-16,287.3221328798718,287.39904728770506,287.27971700975866
111,2024-04-16,288.55086901452495,288.37639759460603,288.3543865877236
112,2024-05-16,289.50132815237276,289.42245845908144,289.23573067654104
113,2024-06-16,290.301087165292,290.1631178299871,290.07275086356185
114,2024-07-16,290.4431527786276,290.5728427206677,290.31223683133834
115,2024-08-16,290.32840985027315,290.3384627356005,290.2133440078357
116,2024-09-16,289.5743031227837,289.63080708847275,289.60359426140406
117,2024-10-16,288.8226639462365,288.8628763058852,288.6939539732567
118,2024-11-16,287.7711279556223,288.0389324961608,287.9893636951574
119,2024-12-16,286.8591289287673,287.35904659765185,287.29839090921917
120,2025-01-16,286.58392861931424,287.0469560303475,286.81557976628505
121,2025-02-15,286.8232206118463,286.9926564409895,286.9718964011812
122,2025-03-16,287.4171923465626,287.8157163797885,287.63965452610853
123,2025-04-16,288.58854250799203,288.7244228807165,288.4426448407847
124,2025-05-16,289.32856835296985,289.70465887979185,289.3892187433593
125,2025-06-16,290.2630493766389,290.38124806240177,290.0363119245487
126,2025-07-16,290.58896376530737,290.74353996135454,290.5423521403352
127,2025-08-16,290.4196207831722,290.5996961511162,290.3172925692235
128,2025-09-16,289.67671565756353,289.97221302576116,289.607640179494
129,2025-10-16,288.9356099886218,288.86375505551274,288.8117501025433
130,2025-11-16,288.34627562500555,288.1416952782349,287.966193380425
131,2025-12-16,287.5280184542157,287.30409672187454,287.2114022722777
132,2026-01-16,287.0665288375539,286.7434919767326,286.7764000711137
133,2026-02-15,287.0792803743288,287.1825758172817,286.799118436439
134,2026-03-16,287.99277099300923,287.6994637655034,287.50694371914864
135,2026-04-16,288.763364120617,288.66013234772277,288.4854963994453
136,2026-05-16,289.7052589101777,289.5993320791406,289.3635426347527
137,2026-06-16,290.5347503056121,290.4201974583822,290.1174393047539
138,2026-07-16,290.97224565121854,290.80161266308005,290.4839349352761
139,2026-08-16,290.7139328549606,290.4602706819881,290.41631264847484
140,2026-09-16,290.0105829647774,289.9100136299,289.74339730934577
141,2026-10-16,289.12113439509,288.8377132767033,289.0348489640784
142,2026-11-16,288.3170389584055,287.82110546119753,288.026771335166
143,2026-12-16,287.8067000193519,287.3547400726727,287.54669551295996
144,2027-01-16,287.3671636682327,286.9851287233895,287.2227657887
145,2027-02-15,287.36301054422756,287.00134087481433,287.38272424693525
146,2027-03-16,287.9012138980529,287.4308811229519,287.86886139855665
147,2027-04-16,288.9584945451177,288.4835656668183,288.66434222642687
148,2027-05-16,289.9799368988493,289.42622370475624,289.5644393263309
149,2027-06-16,290.67010650272323,290.2696377547586,290.27757885181626
150,2027-07-16,291.0737145756979,290.55221032419405,290.7142730790914
151,2027-08-16,290.84735066810185,290.4430865281287,290.6709109297716
152,2027-09-16,290.2301206215922,289.7233476935373,289.7866171021074
153,2027-10-16,289.301632770341,288.79393831215424,289.0277453258459
154,2027-11-16,288.31535262190357,287.8946036985104,288.2774372375177
155,2027-12-16,287.5008911572884,287.15645477129243,287.45110739093826
156,2028-01-16,287.0025527535713,286.6962797337667,287.1812462874572
157,2028-02-15,287.23735649883173,286.66878126549284,287.116552102301
158,2028-03-16,288.04461861228685,287.4216277939631,287.84807888506066
159,2028-04-16,288.7187565216668,288.6572963467875,288.7699092148962
160,2028-05-16,289.61777729144495,289.5613069148544,289.87033024848915
161,2028-06-16,290.3614901302986,290.3230507027385,290.37887638666933
162,2028-07-16,290.80640928083125,290.57380266784673,290.8837743939939
163,2028-08-16,290.4846344932522,290.4620279671056,290.7794497319054
164,2028-09-16,289.74757987864626,289.8971911331477,290.01098228013
165,2028-10-16,289.00763379826077,288.9300211134508,289.2446627774716
166,2028-11-16,288.11795212312927,288.27175570480574,288.32364363510464
167,2028-12-16,287.21031143207216,287.4036943303956,287.5194263782471
168,2029-01-16,286.99340773832904,287.0682620723133,287.28783023918936
169,2029-02-15,287.3281451547406,287.25832649705717,287.3037334876542
170,2029-03-16,287.6610178312561,287.69860021783956,287.8625434294367
171,2029-04-16,288.9107580600811,288.5766842680103,288.93972129720595
172,2029-05-16,289.8765866334015,289.56654061258223,289.56723295276646
173,2029-06-16,290.5078673151684,290.3038683069587,290.357750425692
174,2029-07-16,290.6946381352873,290.63072156476,290.8295008312073
175,2029-08-16,290.7248501975362,290.4275021865815,290.7436759788668
176,2029-09-16,289.98415598796765,289.8411337088406,290.04287089464486
177,2029-10-16,289.08841940656146,288.87194763810203,289.0136725888247
178,2029-11-16,288.34271334294505,287.9963717979085,288.1900661488461
179,2029-12-16,287.67589768719114,287.413497146117,287.4055657861167
180,2030-01-16,287.2898442653407,286.93383134031427,287.12137136136033
181,2030-02-15,287.3812525370766,287.1496719514179,287.22363156222997
182,2030-03-16,287.83640174746546,287.70963937867134,287.8188788700797
183,2030-04-16,288.93931401861613,288.7760816078096,288.7752076591777
184,2030-05-16,289.9263059084735,289.776249609233,289.7584446945437
185,2030-06-16,290.6006531650861,290.5718731745743,290.4684425271714
186,2030-07-16,290.994627946117,290.78320560147523,290.8091690913873
187,2030-08-16,290.8974468582563,290.6884646238226,290.5912450620405
188,2030-09-16,290.25516090852756,290.0210047536152,290.0162538077646
189,2030-10-16,289.13482969840123,289.2664790195474,289.0681484394852
190,2030-11-16,288.2833793706166,288.39403897753886,288.31232861395864
191,2030-12-16,287.8387138127284,287.66441777390725,287.5933767560625
192,2031-01-16,287.3228088199343,287.2346083051204,286.9254943859732
193,2031-02-15,287.6371810599128,287.30524073568427,287.2834520838426
194,2031-03-16,288.1764693732929,287.7892315096376,287.8207233824572
195,2031-04-16,289.0762582848272,288.79187670697127,288.75341564723453
196,2031-05-16,289.9271319164602,289.8351373111537,289.75730544144665
197,2031-06-16,290.7499108492321,290.5318975361425,290.5926048428877
198,2031-07-16,291.1229720798951,291.0206617787443,290.96179934055414
199,2031-08-16,290.9697292212501,290.628764389374,290.68571462532924
200,2031-09-16,290.3530155363345,289.9390743778271,290.03481366698054
201,2031-10-16,289.42510356219924,289.0910465732056,289.25866049943585
202,2031-11-16,288.40284270404385,288.1539857748949,288.39792743403245
203,2031-12-16,287.988231349932,287.2926146850394,287.6093051525912
204,2032-01-16,287.72954753164447,287.0749234053959,287.1162119941631
205,2032-02-15,287.7436752111693,287.1965505943711,287.4198845269037
206,2032-03-16,288.3589712170945,287.8029488404276,288.0344111267099
207,2032-04-16,289.04799833827747,288.76203568625675,288.8183330787066
208,2032-05-16,290.01385361740506,289.5808116796947,289.8391210662681
209,2032-06-16,290.8975332366575,290.372357219964,290.57937251124184
210,2032-07-16,291.06586461755955,290.69907625719253,290.98669493523704
211,2032-08-16,290.8750045967882,290.62268464147695,290.836374129874
212,2032-09-16,290.17575743104226,290.0625013101638,290.1965677119731
213,2032-10-16,289.21824820296536,289.1600078271682,289.24152148587746
214,2032-11-16,288.31508005004025,288.30330754606155,288.6309776790155
215,2032-12-16,287.5779987489626,287.58132001008545,287.8593916931083
216,2033-01-16,287.1299614724377,287.11418134378926,287.468379417979
217,2033-02-15,287.4531130170344,287.3475887710459,287.35357864762307
218,2033-03-16,288.0838677312723,287.8910847510115,288.03258803017894
219,2033-04-16,288.938217651151,288.9343967000422,288.9112625264235
220,2033-05-16,289.97729309987255,290.0456709668519,289.81346664704193
221,2033-06-16,290.7959030166453,290.73436190608754,290.6351323560399
222,2033-07-16,291.04965233361145,290.91105822715934,290.9512958203281
223,2033-08-16,290.99914627997185,290.86394913695665,290.9416581774452
224,2033-09-16,290.2648344799935,290.022440273745,290.15406549231653
225,2033-10-16,289.4879764178185,289.23048574921717,289.4189678193535
226,2033-11-16,288.5015618559915,288.43314771783486,288.3871953636455
227,2033-12-16,287.7983828881073,287.5951732113744,287.92722041488355
228,2034-01-16,287.645546215917,287.3828953822843,287.49144177692517
229,2034-02-15,287.83400361452306,287.14577032260814,287.58892886328675
230,2034-03-16,288.2916427994739,287.80649309186583,288.11372794563835
231,2034-04-16,289.2365650144269,288.7867597869895,289.08320886528895
232,2034-05-16,290.14644317219427,289.7543353769413,289.96073476328763
233,2034-06-16,290.84206768617594,290.56553655095354,290.70989493956495
234,2034-07-16,291.24545362371157,290.82198468755337,290.9365802211833
235,2034-08-16,291.1042261180285,290.6961099982412,290.7765867510429
236,2034-09-16,290.3635873353698,290.15971748728083,290.22768904120284
237,2034-10-16,289.62257275243337,289.14755009540823,289.3804877075139
238,2034-11-16,288.67265447748787,288.5105658564839,288.3708151204419
239,2034-12-16,287.95218061884066,287.831849280602,287.7047360930421
240,2035-01-16,287.50056567121084,287.44522195592305,287.4274645033062
241,2035-02-15,287.7368081347405,287.47091656871464,287.29382024493225
242,2035-03-16,288.25167909471054,287.8534984758333,288.01563881429786
243,2035-04-16,289.2179007524372,289.1409628860901,288.9402304612529
244,2035-05-16,290.1310566450007,289.8840098761121,289.93239040870554
245,2035-06-16,290.9580608888735,290.71905878582527,290.60390119914655
246,2035-07-16,291.07726396610605,291.01538962466805,291.0359362322212
247,2035-08-16,290.9309546535517,290.94548205348394,290.8870717764224
248,2035-09-16,290.45530885811706,290.2320737710858,290.2630813616668
249,2035-10-16,289.59995859521285,289.30214701338383,289.5611197100114
250,2035-11-16,288.7989668435481,288.4605821602715,288.5552003533524
251,2035-12-16,288.1116771895548,287.8142084182237,287.9267120963238
252,2036-01-16,287.7499431613868,287.52350198579967,287.489566048006
253,2036-02-15,287.7512132631007,287.45675775247577,287.47992877670487
254,2036-03-16,287.99989399011065,288.1618652614141,287.96892587206474
255,2036-04-16,289.16458689355255,289.066570767972,289.10015760016955
256,2036-05-16,290.2925148376181,289.83882186453906,290.133092185342
257,2036-06-16,291.026934859434,290.71445563760676,290.86249697949296
258,2036-07-16,291.3331134689009,291.1149366690747,291.2248543272659
259,2036-08-16,291.1126489855788,290.9724331357787,291.0407071462829
260,2036-09-16,290.53199134252236,290.3612418372051,290.47081097795774
261,2036-10-16,289.67550913197516,289.45016739072014,289.7099406278622
262,2036-11-16,288.7645750556666,288.60625813729365,288.8262856272994
263,2036-12-16,287.77379858320995,287.9344912879717,288.0566689616886
264,2037-01-16,287.5734324372296,287.72361323489434,287.75379301308845
265,2037-02-15,287.5561353628384,287.65246578544645,287.6160454850617
266,2037-03-16,288.0952437407979,288.40176477835837,288.11765609402306
267,2037-04-16,289.29041193462007,289.23000503017533,289.13246675720933
268,2037-05-16,290.1613999370491,290.00313514787257,289.9022886752495
269,2037-06-16,290.9423675999252,290.82332461007854,290.7863257270217
270,2037-07-16,291.20151428639775,291.1700186628935,291.0972614563734
271,2037-08-16,291.2242037816458,291.3611694687946,291.06570647697896
272,2037-09-16,290.50281959048596,290.7267934029043,290.338980299644
273,2037-10-16,289.7514574267565,289.7051632307019,289.40566406267186
274,2037-11-16,288.838241935697,288.9538493121348,288.56263654937476
275,2037-12-16,288.1289310282399,288.3481366724343,287.8335718840483
276,2038-01-16,287.64932295596446,287.8547428266764,287.578445700715
277,2038-02-15,287.65917708205313,288.0740479384403,287.7944676512108
278,2038-03-16,288.2963982649024,288.56684689513077,288.1742111967042
279,2038-04-16,289.2446215310263,289.37063053076645,289.1790781049
280,2038-05-16,290.1226987302509,290.23647736239155,289.9308050311254
281,2038-06-16,291.0576821405986,290.9285622870532,290.6955605908608
282,2038-07-16,291.37558670763605,291.34406701994993,291.07495629106137
283,2038-08-16,291.13894439248696,291.24674307673166,290.94488240033485
284,2038-09-16,290.4788649979004,290.3892604697419,290.38602555832915
285,2038-10-16,289.5421257367969,289.5252383827893,289.5527714726149
286,2038-11-16,288.9101550560881,288.72481415371936,288.84890308790534
287,2038-12-16,288.18962317382073,287.89028043836015,287.89514111647844
288,2039-01-16,287.6159124968338,287.54447863282576,287.63955688820664
289,2039-02-15,287.54944750717766,287.6763035358327,287.8307987024622
290,2039-03-16,288.3141770484482,288.0900613585271,288.0877801453406
291,2039-04-16,289.1214511829365,289.10838318860004,289.1884267685015
292,2039-05-16,290.06535463745286,290.02004689908546,290.111635496526
293,2039-06-16,290.75132331046206,290.69352864991026,290.83778191479223
294,2039-07-16,291.0847147808054,291.11217934713,291.32988305087054
295,2039-08-16,291.0636528943519,291.169286687089,291.19651795711746
296,2039-09-16,290.4187699840564,290.3385900028409,290.40006860699094
297,2039-10-16,289.5225265882927,289.5176229803746,289.63814575229634
298,2039-11-16,288.64162369240114,288.7306982041709,288.99776010660025
299,2039-12-16,287.97090000065464,287.97970276217785,288.41318588504737
300,2040-01-16,287.4814081115629,287.75023963010716,287.9965681551464
301,2040-02-15,287.70564316657374,287.68102365442405,287.8995320192835
302,2040-03-16,288.3444831899217,288.19400424700973,288.48881404094436
303,2040-04-16,289.0875289422553,288.92885457337934,289.37741571557876
304,2040-05-16,290.1229254390419,290.1418973517692,290.2699230642357
305,2040-06-16,290.80310057324203,290.87139082968446,291.0841781460873
306,2040-07-16,291.16950726867645,291.391104987587,291.3395664844014
307,2040-08-16,291.0512530912914,291.1250689817346,291.30780440606077
308,2040-09-16,290.4702057117552,290.5493149392422,290.7513535141288
309,2040-10-16,289.57493727982006,289.69936172496654,289.8874494168396
310,2040-11-16,288.75599311320826,288.94732039010734,289.2720860627326
311,2040-12-16,287.91143474306637,288.1891870634387,288.7481935030636
312,2041-01-16,287.65836841628976,287.57421880041284,288.11909455171707
313,2041-02-15,287.4768404304982,287.90718108444827,287.867764754689
314,2041-03-16,288.1565822271714,288.42091535025014,288.547436712342
315,2041-04-16,289.1781195779263,289.59021680089097,289.3910323734217
316,2041-05-16,290.1039475111702,290.48571599765097,290.3285958205297
317,2041-06-16,290.9454660908692,291.0077217883837,290.91873005538037
318,2041-07-16,291.3277676545125,291.53993364801664,291.2586925926185
319,2041-08-16,291.2545485229092,291.3482591002844,291.12141366140236
320,2041-09-16,290.48759596756315,290.6549509089721,290.55672895779185
321,2041-10-16,289.6414351254022,289.7127256510377,289.68961102113343
322,2041-11-16,288.6968441501806,288.8005550420559,289.0291949835904
323,2041-12-16,287.8356713794543,288.15575748432286,288.24734644824275
324,2042-01-16,287.5817355733465,287.70574399712837,287.64499252012774
325,2042-02-15,287.72390206599823,287.67388414178123,287.8392439526309
326,2042-03-16,288.3683373624043,288.3312497786483,288.620657178105
327,2042-04-16,289.44339723664984,289.2464252074678,289.4891994363867
328,2042-05-16,290.335612131474,290.340086950891,290.3103655954341
329,2042-06-16,291.06972936250656,290.97303666728993,291.03411845595735
330,2042-07-16,291.52784196378366,291.3883522925722,291.48292675816396
331,2042-08-16,291.31511656537896,291.18592520125327,291.1943886526277
332,2042-09-16,290.6727261022929,290.7188442833845,290.75235688746716
333,2042-10-16,289.8134640151346,289.837808844493,289.82845589131085
334,2042-11-16,288.9464963957133,288.8650608755362,288.8940470739512
335,2042-12-16,288.26458171331467,288.31898034193665,288.2510844937608
336,2043-01-16,287.8557963150155,287.84309656653414,287.667967071463
337,2043-02-15,288.0163046018969,287.7241416744351,287.8261947141051
338,2043-03-16,288.5544919474083,288.46240946266454,288.3926380295136
339,2043-04-16,289.4647159305652,289.3708858617758,289.3790823850748
340,2043-05-16,290.3939843221693,290.22642918020813,290.34426955616027
341,2043-06-16,290.90344337102727,290.91787014556354,291.052330828492
342,2043-07-16,291.3935375692926,291.4189884984872,291.3282259467733
343,2043-08-16,291.23003986734363,291.1395747872,291.13895165522393
344,2043-09-16,290.740617102828,290.44468889990935,290.64733788138983
345,2043-10-16,289.9151265245819,289.80969530151833,289.75488544044504
346,2043-11-16,289.0372522223309,288.9394438587848,289.0277912242951
347,2043-12-16,288.24604291832236,287.87746663936434,288.1301231782239
348,2044-01-16,287.78335640110356,287.8791954241705,287.94298407220776
349,2044-02-15,287.763005496578,287.94713448969856,287.8712693394818
350,2044-03-16,288.46778838308745,288.42254296163605,288.5642876742521
351,2044-04-16,289.4007209536836,289.4699111866264,289.26152781025917
352,2044-05-16,290.30048906341784,290.2442001485191,290.4486662636658
353,2044-06-16,291.0120119372912,291.08154459624893,291.0645305946789
354,2044-07-16,291.3829529402176,291.3592446833848,291.5113743674869
355,2044-08-16,291.41550483539163,291.27320717018193,291.3964153389912
356,2044-09-16,290.65375806151764,290.84541297056404,290.81911695124626
357,2044-10-16,289.864609092147,289.88680222575414,289.98526500992415
358,2044-11-16,289.0589862405982,289.3414338124092,289.1893303174762
359,2044-12-16,288.35576276317016,288.6550694203502,288.53649009736745
360,2045-01-16,287.93733050256907,288.17419583692623,288.24886773502186
361,2045-02-15,287.93557584940885,288.32333314443616,288.37354336207966
362,2045-03-16,288.5407188373991,288.6213935639419,288.799686988924
363,2045-04-16,289.3220260153919,289.51193938441565,289.6773657223059
364,2045-05-16,290.2893670049609,290.4099887687603,290.5682282108821
365,2045-06-16,291.19544708046953,291.15475598633145,291.3139368154474
366,2045-07-16,291.4710026621391,291.43709090943594,291.7367989166496
367,2045-08-16,291.51957605496875,291.2028770588778,291.6328642637919
368,2045-09-16,290.8156882740034,290.6469552925418,290.94482708385095
369,2045-10-16,289.92348288661736,289.8548032620111,290.0875034881137
370,2045-11-16,288.97295858153007,289.05060912480315,289.4511857600393
371,2045-12-16,288.26339346859226,288.1208625492149,288.75374014504274
372,2046-01-16,288.06565911343444,287.7297727511488,288.3475254683571
373,2046-02-15,288.203445111132,287.9588566117539,288.3432374634938
374,2046-03-16,288.7535510561574,288.6311536832531,288.92886483184634
375,2046-04-16,289.54154496238175,289.4046769098573,289.73566864138365
376,2046-05-16,290.44574734531534,290.33467406545907,290.613575337553
377,2046-06-16,291.27545340137095,291.0979444446154,291.41769673668387
378,2046-07-16,291.60964836084173,291.4511150018046,291.7100435684491
379,2046-08-16,291.51983011791623,291.3686425149305,291.7386855840159
380,2046-09-16,290.9603438171073,290.7044326009453,290.90517839165034
381,2046-10-16,290.25250163182784,289.96318357306706,290.1221729931272
382,2046-11-16,289.41398041951226,289.1887031034013,289.43990481480716
383,2046-12-16,288.69124950342274,288.2901789298955,288.7236171469651
384,2047-01-16,288.4564263595807,288.06696048447833,288.1085632906672
385,2047-02-15,288.40977239533413,288.1737680061472,288.231625687093
386,2047-03-16,289.07246041269053,288.629586910545,288.70745051989223
387,2047-04-16,289.8691053130559,289.6107404597497,289.61233213263654
388,2047-05-16,290.6919746888801,290.5952920324356,290.5467101684256
389,2047-06-16,291.47268317498595,291.2531884167033,291.3306361977894
390,2047-07-16,291.84666726337343,291.89816274319776,291.5999832639276
391,2047-08-16,291.68744520562547,291.6766804214038,291.54428557088846
392,2047-09-16,291.0253463926588,290.9264965576699,290.9125607669136
393,2047-10-16,290.12072081508467,290.1844177124945,290.02140505044486
394,2047-11-16,289.22148587482883,289.3375518548989,289.02690629709394
395,2047-12-16,288.60736678078877,288.74551777433373,288.3497453407562
396,2048-01-16,288.0053956935576,288.3941280351957,288.1849983035905
397,2048-02-15,288.1197543472348,288.3764786735926,287.72824943606923
398,2048-03-16,288.69004658970476,289.14665841853775,288.7095625908792
399,2048-04-16,289.74468432519035,289.75205124710783,289.5622889807066
400,2048-05-16,290.62816697338,290.6139997711369,290.39771305595355
401,2048-06-16,291.18256366561496,291.4039356800805,291.1434112015135
402,2048-07-16,291.4231294060549,291.8735676318782,291.31406477978373
403,2048-08-16,291.5244499070092,291.77273348638425,291.3814111332576
404,2048-09-16,290.94111020905933,291.25255621618123,290.80028558774325
405,2048-10-16,290.10593524248355,290.33619297933467,289.8803624064234
406,2048-11-16,289.3186376204994,289.68301793921523,289.1276050092792
407,2048-12-16,288.7118622895921,289.0546936925653,288.30253910872295
408,2049-01-16,288.1885906075495,288.68561339567873,288.0674758159989
409,2049-02-15,288.27752939059724,288.5274272777099,288.35286789350226
410,2049-03-16,288.90327385195553,289.01979523589864,288.95441722950125
411,2049-04-16,289.594358773189,290.02884292012783,289.66545854144834
412,2049-05-16,290.54537347915686,291.0114901729217,290.68032080569714
413,2049-06-16,291.3174911827457,291.6490776187944,291.5231683590329
414,2049-07-16,291.61048272393936,292.09929251592956,291.7531757273115
415,2049-08-16,291.6174624885549,291.86222653124196,291.6381274351615
416,2049-09-16,290.9751463076601,291.23687362310824,290.95962073736365
417,2049-10-16,290.18812391150703,290.2848285011512,290.1421617675874
418,2049-11-16,289.30464880708473,289.5409853293767,289.25521353350643
419,2049-12-16,288.68231716246703,288.87311712061955,288.8233618712682
420,2050-01-16,288.35921132794874,288.47255401210595,288.2833852454555
421,2050-02-15,288.363322046557,288.481673715404,288.4154849058546
422,2050-03-16,289.03788946330496,288.94981615137846,288.82659710877385
423,2050-04-16,289.9181596499658,289.912689268552,289.7787075032213
424,2050-05-16,290.6707830704045,290.810617715799,290.73412056943886
425,2050-06-16,291.39009400917087,291.4029702285708,291.4899608493132
426,2050-07-16,291.93117281070215,291.833640560288,291.9016542245015
427,2050-08-16,291.6949017136779,291.75660147849896,291.7035455831618
428,2050-09-16,291.21140054506594,291.0507999428491,291.1370160124801
429,2050-10-16,290.3628964428568,290.20234796517434,290.2940404494598
430,2050-11-16,289.3468011024848,289.749868674635,289.5464032164087
431,2050-12-16,288.95601048319696,288.9481783659566,288.82360242403803
432,2051-01-16,288.571495226538,288.26686666989093,288.41440261788455
433,2051-02-15,288.6699881697216,288.27169730444047,288.4801188542536
434,2051-03-16,289.2530228815332,289.0947602682087,288.723198685102
435,2051-04-16,289.9436030772194,289.8462327820547,289.89757577183406
436,2051-05-16,290.84503448596,290.73845993804565,290.7633389532554
437,2051-06-16,291.5890091672265,291.52071124983166,291.4162154337252
438,2051-07-16,291.96016774405854,291.91914653105283,291.965828099743
439,2051-08-16,291.80086055810324,291.80827628527584,291.705817667119
440,2051-09-16,291.3207845348707,291.2175406806734,290.9394928144579
441,2051-10-16,290.3157692868768,290.44175092555304,290.20656654401245
442,2051-11-16,289.69494232995265,289.7194510777638,289.43464971419394
443,2051-12-16,289.0117061479395,288.8114220921405,288.8180039307988
444,2052-01-16,288.64635104977833,288.5986490753721,288.3170387504187
445,2052-02-15,288.3482109113038,288.44866718225444,288.33538203018503
446,2052-03-16,288.8986262453092,289.00098061225276,288.93347252521016
447,2052-04-16,290.00702385364923,290.1424685968255,289.8361732445737
448,2052-05-16,290.7010708279828,290.8416657382419,290.76175867497
449,2052-06-16,291.606025182235,291.6268498798616,291.52734528470535
450,2052-07-16,291.945258681098,291.92880482150304,291.85010519869684
451,2052-08-16,291.9737018607734,291.85818218882974,291.79359468475417
452,2052-09-16,291.36283897948255,291.1422855454227,291.16842160504916
453,2052-10-16,290.476613927335,290.4989990100468,290.2439197554074
454,2052-11-16,289.73482906545263,289.68401730922216,289.4914786273337
455,2052-12-16,289.07814694338526,289.0780759349754,288.9526784162374
456,2053-01-16,288.9471093551449,288.56872193546536,288.6936264664333
457,2053-02-15,288.8654355198971,288.83842115764566,288.7066829407898
458,2053-03-16,289.2226441204878,289.4049482231052,288.95756956189365
459,2053-04-16,290.0011314227107,290.15070776516524,289.9774503578467
460,2053-05-16,290.8121454543018,290.94888398774737,290.9149204984995
461,2053-06-16,291.5574318738485,291.61827167392494,291.6769030695514
462,2053-07-16,292.070708266169,292.1155239152543,292.05022592597913
463,2053-08-16,291.96519556286444,291.88332349517617,291.85956939821835
464,2053-09-16,291.3328447723264,290.999446022896,291.178362562564
465,2053-10-16,290.5821564282554,290.36764815805225,290.14953794720617
466,2053-11-16,289.68940158064584,289.6760422276197,289.5926975292245
467,2053-12-16,288.9222916287389,288.979626338759,288.7514560674799
468,2054-01-16,288.85414895718316,288.61409059971135,288.5056621073908
469,2054-02-15,288.79454558753895,288.9555627436052,288.5016495695152
470,2054-03-16,289.35881486395635,289.27417957821416,289.1268610995203
471,2054-04-16,290.33447184261433,290.01170883487015,289.86018800966684
472,2054-05-16,290.9424200560722,290.991558524284,290.74906818901667
473,2054-06-16,291.7315162378977,291.72673935457794,291.44022908841
474,2054-07-16,292.11788943385903,292.0754435487128,291.9138661041076
475,2054-08-16,291.8210214854965,292.1276725703232,291.9076090326045
476,2054-09-16,291.38721101627243,291.4759656449676,291.2752464164525
477,2054-10-16,290.4518573725982,290.5914911140556,290.36249105010467
478,2054-11-16,289.71324036849927,289.7323827897698,289.70619520751194
479,2054-12-16,288.9276811770505,289.0793978266579,288.9860412643653
480,2055-01-16,288.7587801112187,288.80827055516875,288.45143408097914
481,2055-02-15,288.6970874981639,288.71300273871475,288.5759978181687
482,2055-03-16,289.2962836884985,289.4043334895108,289.0727859271235
483,2055-04-16,289.9921177582066,290.0373882565906,289.8519922611234
484,2055-05-16,290.9596175118568,291.0970560293662,290.7105474797333
485,2055-06-16,291.6823983055406,291.8217608036744,291.44290363765026
486,2055-07-16,291.9919353305538,292.11565844838185,291.96155372217663
487,2055-08-16,292.00860205802474,292.10319404459267,291.84522738712656
488,2055-09-16,291.3754693137242,291.5131194197045,291.19053048807814
489,2055-10-16,290.71546399992104,290.66864982151503,290.29991698092783
490,2055-11-16,290.06202198789845,289.8263993325539,289.6356647369128
491,2055-12-16,289.12655405700616,289.0234521512831,288.94855450768705
492,2056-01-16,289.02382991738034,288.7752673492658,288.4739254781892
493,2056-02-15,288.95752108223843,288.55794151718254,288.45827471391306
494,2056-03-16,289.5084226797853,289.24395507496524,289.10240973629175
495,2056-04-16,290.40263813362793,290.1683119365098,289.97359975866993
496,2056-05-16,291.04796001296853,290.8611255760045,290.84905279249307
497,2056-06-16,292.0073506373289,291.7562510340075,291.495640131558
498,2056-07-16,292.18468588889175,291.93973124609056,291.897121215747
499,2056-08-16,292.2423979118913,291.99400539451995,291.9405047892535
500,2056-09-16,291.6141837530364,291.2696602071864,291.28640935028676
501,2056-10-16,290.6082003466019,290.6210156037564,290.437617095169
502,2056-11-16,289.8983953836665,289.82984566631745,289.691868777507
503,2056-12-16,289.24247067917855,289.2414340114116,288.9169382561692
504,2057-01-16,288.9374825979199,289.1210324519269,288.66013290509954
505,2057-02-15,288.8507699740836,288.91146843331813,288.8764321068094
506,2057-03-16,289.2424015433418,289.33041398368084,289.36712162939955
507,2057-04-16,290.2012605747958,290.2532636906777,290.2081544287457
508,2057-05-16,291.06401853910296,291.03984007146806,291.117244205768
509,2057-06-16,291.92146156943403,291.86218742551165,291.70779476431517
510,2057-07-16,292.4626399888796,292.38907786504467,292.0838427504083
511,2057-08-16,292.2312630299239,292.2729419029472,292.0730445424453
512,2057-09-16,291.6203846826585,291.4469521563966,291.5497588261867
513,2057-10-16,290.70725863158657,290.65220047858554,290.6532303464732
514,2057-11-16,290.0667308249403,289.9653785094937,289.76302083434405
515,2057-12-16,289.47353017006606,289.393327991587,289.4454037508298
516,2058-01-16,288.9460635111779,288.89344120510435,288.8596766193532
517,2058-02-15,289.3893904279232,288.9536749148562,288.91742777824373
518,2058-03-16,289.79098137199304,289.5216503024097,289.41657150156897
519,2058-04-16,290.40790113272595,290.3992280391793,290.50551240474846
520,2058-05-16,291.2456096587485,291.2184558816643,291.08112442921157
521,2058-06-16,292.2537717859672,291.88580161468053,291.97771189682936
522,2058-07-16,292.5395146725189,292.2608393630666,292.34484652978756
523,2058-08-16,292.4678935574886,292.2931813750134,292.2103462168855
524,2058-09-16,291.69769094116157,291.53351902884083,291.57896524313344
525,2058-10-16,290.73641622846674,290.7604591048396,290.8353477465881
526,2058-11-16,290.04726741973764,289.7754548419664,290.02310589620237
527,2058-12-16,289.4626835406442,289.38152833887216,289.52886571627516
528,2059-01-16,288.7218658407079,288.8854433136584,289.26924274312614
529,2059-02-15,289.0691276466176,288.6166078181856,289.2568396538428
530,2059-03-16,289.5602989896427,289.35545138247187,289.88937250748194
531,2059-04-16,290.1856015865036,290.31741838180085,290.44462838050384
532,2059-05-16,291.21820918922356,291.3126562581003,291.38653063993064
533,2059-06-16,292.0537870122553,291.89180067572045,292.18493112750906
534,2059-07-16,292.4367440735657,292.33296646702985,292.5442157234768
535,2059-08-16,292.30850810460345,292.1520874114471,292.3124366109551
536,2059-09-16,291.60623857769036,291.5989102201442,291.7782268146459
537,2059-10-16,290.87762702632546,290.69844077784927,290.8598355187853
538,2059-11-16,290.02932271798096,290.05345726614377,290.09035522039414
539,2059-12-16,289.51687446439377,289.42058388781606,289.44353914821045
540,2060-01-16,289.0600561074262,289.02392403835034,289.1354698257608
541,2060-02-15,288.9473254324979,289.1494825033781,289.22127093533214
542,2060-03-16,289.59124598084884,289.48674658533724,289.5301469968715
543,2060-04-16,290.4522436512495,290.42127063777457,290.6402037039273
544,2060-05-16,291.39928286354336,291.35244967056315,291.25036121399756
545,2060-06-16,292.07605323065064,292.02833682160787,292.10394944581344
546,2060-07-16,292.5999858475498,292.5525830385741,292.48431584280877
547,2060-08-16,292.52625028955936,292.5856487223381,292.37904271996075
548,2060-09-16,291.9410409900281,291.8351200722674,291.7120211291227
549,2060-10-16,290.93401105931105,290.7461154465924,290.77257015022747
550,2060-11-16,290.4566664819235,290.0797049400598,289.9775863681279
551,2060-12-16,289.64473003637,289.4976137429964,289.50987935838504
552,2061-01-16,289.32519709287754,289.2470984504311,289.2029734765844
553,2061-02-15,289.37206707244655,289.1843922820791,289.4728538141594
554,2061-03-16,289.78700850759384,289.87386918896544,289.74485430240804
555,2061-04-16,290.6151802994864,290.56480976645963,290.57963507673134
556,2061-05-16,291.4025467336397,291.4227978114627,291.39427719237744
557,2061-06-16,292.2442417853543,292.073822878569,292.06891403802643
558,2061-07-16,292.75533615011364,292.3934939285395,292.4258482293858
559,2061-08-16,292.51621186198975,292.28652816744835,292.5524465263522
560,2061-09-16,291.9527325772499,291.7207837437099,291.94559747446976
561,2061-10-16,291.0375973221399,290.93564569950485,290.99810848727765
562,2061-11-16,290.2734049173122,290.16964100543066,290.1644679526224
563,2061-12-16,289.7639632157188,289.40545341355977,289.5957197454419
564,2062-01-16,289.2092940102547,288.94824639511154,289.14002359374314
565,2062-02-15,289.16877337877094,289.17368596202544,288.94904221345274
566,2062-03-16,289.7388722613817,289.63211345030004,289.7172413792035
567,2062-04-16,290.74950873052273,290.6188407869923,290.5605036487854
568,2062-05-16,291.48852689948245,291.2951974848503,291.36569483880044
569,2062-06-16,292.24351901733917,292.0917502087227,292.0633808753424
570,2062-07-16,292.50663895230036,292.54440609637163,292.4025481714587
571,2062-08-16,292.5755551066357,292.49130270763266,292.2092977222905
572,2062-09-16,291.9562375001719,291.9278780650437,291.5757164847465
573,2062-10-16,291.1413892851934,291.0820867403618,290.66680663524903
574,2062-11-16,290.34931660387844,290.211959293036,289.97235615006355
575,2062-12-16,289.8109494113134,289.8815866840548,289.3366469152757
576,2063-01-16,289.1992750205455,289.349941590381,288.9759245845617
577,2063-02-15,289.2035777331606,289.37515782910134,289.00203614496854
578,2063-03-16,289.7208888473232,289.9921096124596,289.57332203711223
579,2063-04-16,290.4969130421108,290.71883633967025,290.5587297311528
580,2063-05-16,291.4737266711465,291.4995216831009,291.3511765740296
581,2063-06-16,292.2710448875983,292.3466824936399,292.05124954159936
582,2063-07-16,292.70173051955203,292.7026866525387,292.43209054768755
583,2063-08-16,292.64286808041317,292.55887768904705,292.2921737998714
584,2063-09-16,292.04500217794174,291.93639700204204,291.633031910349
585,2063-10-16,291.2420922201206,291.07050933718693,290.8454488016994
586,2063-11-16,290.33051198095154,290.42069798192284,290.04089206341365
587,2063-12-16,289.89865683271694,289.5255223163337,289.3558828008791
588,2064-01-16,289.5769484267343,289.16438088189267,289.330112285357
589,2064-02-15,289.62974926701406,289.33835007067484,289.37718572737515
590,2064-03-16,290.2293200434398,289.81820897943294,289.78328475334416
591,2064-04-16,290.6543301254271,290.55595405940767,290.5099370802083
592,2064-05-16,291.67715478087064,291.4215806391555,291.44970263252384
593,2064-06-16,292.2213840415331,292.2312503963903,292.0613162834078
594,2064-07-16,292.7277733170878,292.4918086951576,292.4814193188439
595,2064-08-16,292.5541257606405,292.5295108660913,292.50532327183083
596,2064-09-16,291.79268644217933,291.8982597524429,291.9362900984899
597,2064-10-16,290.92914398274195,290.9117153364893,291.0894265305149
598,2064-11-16,290.2211948279791,290.1854611653479,290.28417623385764
599,2064-12-16,289.4885366171914,289.5308253129579,289.7938621118876
600,2065-01-16,289.1471599487015,289.29870022977354,289.43383565964604
601,2065-02-15,289.28704802591676,289.2569344150008,289.54698361616227
602,2065-03-16,289.90027676991457,289.796560507546,289.9258281815894
603,2065-04-16,290.5968229928996,290.7595706144532,290.809828359249
604,2065-05-16,291.5349141179555,291.58727859193465,291.5926237596081
605,2065-06-16,292.15746463658996,292.38900989634016,292.4664341403191
606,2065-07-16,292.4992971781992,292.70925118741684,292.90274611581395
607,2065-08-16,292.55020291789776,292.56094465609675,292.5913100240367
608,2065-09-16,291.81207160618493,291.9765557536291,292.0567633515305
609,2065-10-16,291.0821752118734,291.06967969971225,291.10064709449364
610,2065-11-16,290.2789400311311,290.4169072516371,290.40401323789484
611,2065-12-16,289.5566876100194,289.7950843520645,289.65791892238025
612,2066-01-16,289.3799727285667,289.3447404389224,289.4982849948685
613,2066-02-15,289.3602986829464,289.2698998726763,289.5527797941637
614,2066-03-16,289.758694935807,289.7948569771261,289.9093481563317
615,2066-04-16,290.67915887100844,290.7560895988145,290.7623246650566
616,2066-05-16,291.5499972936473,291.47716821442003,291.4808969028507
617,2066-06-16,292.2514475471703,292.3755171958093,292.201508689127
618,2066-07-16,292.7684750236608,292.7561493569925,292.6904158304228
619,2066-08-16,292.82602895682373,292.72938529908333,292.6360462464567
620,2066-09-16,292.1592735893626,292.1376944731026,291.8784622499971
621,2066-10-16,291.35096358979416,291.2753400951235,291.06910671929853
622,2066-11-16,290.49672217664835,290.646786527443,290.2161014519916
623,2066-12-16,289.9002043691371,290.05831672871506,289.5994430420372
624,2067-01-16,289.48844767759056,289.7538094729141,289.29769169353375
625,2067-02-15,289.55340101318774,289.7533584981017,289.3316675540262
626,2067-03-16,290.0772166968984,290.5222703414114,289.6593095753919
627,2067-04-16,290.85902851186745,291.1229511008011,290.52786369112965
628,2067-05-16,291.6978564370145,291.8374399096171,291.48585817065555
629,2067-06-16,292.4382324594308,292.5018119382541,292.2956057809267
630,2067-07-16,292.90487738278176,293.0259954354009,292.6694178705325
631,2067-08-16,292.7019361421821,292.87841143666225,292.80444382592384
632,2067-09-16,292.1322270067745,292.2435175934199,292.03576763429453
633,2067-10-16,291.20459386209575,291.3140809823911,291.2660430639843
634,2067-11-16,290.55848399911457,290.4715172392099,290.36478400504416
635,2067-12-16,289.890855920026,290.0264326256769,290.02030654760307
636,2068-01-16,289.57248569546397,289.59503614694927,289.39873822714867
637,2068-02-15,289.5867047281115,289.5525656558752,289.5207593214603
638,2068-03-16,290.1305431521135,290.12715857327146,289.87271796135707
639,2068-04-16,290.851649435463,290.88966835430176,290.7680450905938
640,2068-05-16,291.76075759269014,291.8029868577972,291.60259734192215
641,2068-06-16,292.5073837928025,292.5460446457821,292.41873958854507
642,2068-07-16,292.908327011274,292.9708281204819,292.8941298826102
643,2068-08-16,292.93643435648244,292.8874609216708,292.8977884758657
644,2068-09-16,292.3389517623731,292.1076215034031,292.206737743368
645,2068-10-16,291.46871308908675,291.4067412793677,291.22062395769876
646,2068-11-16,290.7259987133746,290.5096815987825,290.4947128829002
647,2068-12-16,290.13309829028333,289.9878071729605,290.1642416386971
648,2069-01-16,289.6176191876527,289.4246431732007,289.8950283389061
649,2069-02-15,290.1237667302614,289.74405704767616,289.69565131602366
650,2069-03-16,290.306628486297,290.21853158048447,290.2242189477834
651,2069-04-16,291.08563322216673,291.0765089089111,291.0770922184064
652,2069-05-16,292.0121352690085,291.8418675626289,291.91330308321346
653,2069-06-16,292.7142643052033,292.6849135476978,292.5921046761784
654,2069-07-16,293.1128085474659,293.1158714701732,293.0172973242081
655,2069-08-16,293.0905585522125,293.01631155337503,292.9033414309244
656,2069-09-16,292.2822955907581,292.42013390598004,292.2314242389743
657,2069-10-16,291.3751558746397,291.5643904026761,291.3453275032376
658,2069-11-16,290.88009781135304,290.84734620365083,290.40658307633805
659,2069-12-16,290.31785502893047,290.39511237458186,290.0407533780302
660,2070-01-16,289.9253318996552,289.8495122258156,289.69797372160633
661,2070-02-15,290.13599266211037,290.0931915257083,289.7001365769677
662,2070-03-16,290.18915022960783,290.75004206597555,289.9961032248647
663,2070-04-16,291.14927176356093,291.3696507184657,290.74250845030144
664,2070-05-16,292.0046562965997,292.2383193008451,291.76516509339126
665,2070-06-16,292.7510243505559,292.9063324705729,292.3878884823271
666,2070-07-16,293.1599760836353,293.21868099119,292.8438534447286
667,2070-08-16,292.9684408083662,293.24488971517656,292.80123858962963
668,2070-09-16,292.2278023123724,292.54325853315476,292.1366747831447
669,2070-10-16,291.44567907130374,291.721145466212,291.39728972483243
670,2070-11-16,290.6486908716552,291.1029970344749,290.59933727798267
671,2070-12-16,289.80068133268713,290.2186265865451,289.9684472803814
672,2071-01-16,289.46493764458603,290.05540740509514,289.4167463751904
673,2071-02-15,289.5849565171746,290.1747830849366,289.41964144010694
674,2071-03-16,290.1884811982589,290.4891219675621,290.02082155055325
675,2071-04-16,290.9381783572255,291.14875900782914,290.935079725088
676,2071-05-16,291.76265387833257,291.82966609036555,291.62830430870827
677,2071-06-16,292.6609010159376,292.8403022497644,292.53290376648476
678,2071-07-16,292.9869598692524,293.2776477066203,292.9938571817637
679,2071-08-16,292.9663925790385,293.06347317600716,292.7932181810254
680,2071-09-16,292.4240535872709,292.4183575452396,292.0294291427521
681,2071-10-16,291.51034386318236,291.56193192170747,291.2459239292436
682,2071-11-16,290.6392048831216,290.75520249778765,290.4707809520007
683,2071-12-16,289.93259888045066,290.1279040203687,289.9786172220798
684,2072-01-16,289.77850164887803,289.68323781688235,289.5632150448984
685,2072-02-15,289.9693352720713,289.94605939989617,289.6410186999358
686,2072-03-16,290.4119519357321,290.44895505748843,290.15803004577225
687,2072-04-16,291.033465540131,291.18508124973135,291.06585811359315
688,2072-05-16,291.98764533007187,291.98244060427356,291.7842391868754
689,2072-06-16,292.7296548821887,292.7445160570506,292.76012238850336
690,2072-07-16,293.0552194753571,293.0400355197884,293.00572284976795
691,2072-08-16,293.1606062647157,293.03912147748485,293.06062356669986
692,2072-09-16,292.3824421175239,292.3782474960169,292.3612633538859
693,2072-10-16,291.45746805478905,291.39663888347707,291.4405231554214
694,2072-11-16,290.7845785733637,290.67441198557583,290.83665739529357
695,2072-12-16,290.2412214253221,289.9488371204285,290.3663634757249
696,2073-01-16,289.7348705535586,289.8862021988183,289.9803356805592
697,2073-02-15,289.7146833909715,289.7713469859934,289.92205366033795
698,2073-03-16,290.4365121703645,290.116076555794,290.4311020878951
699,2073-04-16,291.2413158854145,291.08022351363877,291.4058352880598
700,2073-05-16,292.0961572301625,291.968299414104,292.06067889353443
701,2073-06-16,292.81765205003836,292.63966634409036,292.6641393577927
702,2073-07-16,293.2186401634956,293.15973227781666,293.23788932483205
703,2073-08-16,293.10922372898006,293.09195945654784,293.23029178682617
704,2073-09-16,292.649075450405,292.39983872139794,292.51583737679175
705,2073-10-16,291.80056703911947,291.68231563055394,291.73785317681734
706,2073-11-16,290.97988361317795,290.937702532481,291.0329640907441
707,2073-12-16,290.3328666185321,290.2185561283265,290.3086427730547
708,2074-01-16,290.0596162425263,290.2238034227101,289.98948114414935
709,2074-02-15,290.00908622844184,290.2497444683542,289.6981593104968
710,2074-03-16,290.5214281745925,290.62065349833813,290.2880106422462
711,2074-04-16,291.3573907836717,291.61183935592146,291.07221956477787
712,2074-05-16,292.144081207412,292.4664671926576,291.9671751177649
713,2074-06-16,292.8288991891841,293.0729242234696,292.59514897432695
714,2074-07-16,293.40747402003586,293.5313309793558,293.1054084592317
715,2074-08-16,293.28054996615674,293.44319794918687,293.02915083089204
716,2074-09-16,292.59969301476616,292.7730243433314,292.4721602237705
717,2074-10-16,291.73465326271906,291.99332235151104,291.4574009975615
718,2074-11-16,290.9208382618897,290.98845967626687,290.6127737897894
719,2074-12-16,290.298231717338,290.50661689974595,290.0415673367755
720,2075-01-16,290.15430466018256,290.25902973314635,289.77429855364716
721,2075-02-15,290.01119549292594,289.955539503785,289.8618897528901
722,2075-03-16,290.51465738851545,290.71175129773417,290.390476007556
723,2075-04-16,291.41728740736596,291.1421751637557,291.273493413417
724,2075-05-16,292.00356693785164,292.0837502840864,292.0594322679085
725,2075-06-16,292.8529954426221,292.7856780090266,292.8544630283127
726,2075-07-16,293.1768132806304,293.1279550657211,293.26129143359867
727,2075-08-16,293.1344661217682,293.1313330163646,293.18222386017544
728,2075-09-16,292.4173887811134,292.59904080973615,292.5857924113759
729,2075-10-16,291.60538788990925,291.64522896313173,291.64641506237723
730,2075-11-16,290.79762805140564,290.87950606595206,290.85683386331107
731,2075-12-16,290.2700127018334,290.23861356221397,290.3639899299639
732,2076-01-16,290.1227340249018,289.9306893209756,290.1144651719098
733,2076-02-15,289.93566769778624,290.0686906641845,290.22882359421624
734,2076-03-16,290.5380107102607,290.4443471339944,290.5600363803193
735,2076-04-16,291.2605064596868,291.3775424965497,291.4108726814586
736,2076-05-16,292.1436344104395,292.0759675491068,292.0297803043599
737,2076-06-16,292.9881502976826,292.83994015695407,292.8277298465682
738,2076-07-16,293.4150115795911,293.2509568406547,293.2735005808193
739,2076-08-16,293.3943131788335,293.2441482710962,293.2304685909899
740,2076-09-16,292.5519191035247,292.63612735445514,292.53455347769807
741,2076-10-16,291.7824444950419,291.833269053536,291.6662771212667
742,2076-11-16,290.9227952654848,290.88726514100597,290.83512857581627
743,2076-12-16,290.3584491592765,290.3831407496216,290.11497104797485
744,2077-01-16,289.8551001449658,289.99673687839595,289.87994323880906
745,2077-02-15,289.9837868697639,290.20613816299493,290.1425006927236
746,2077-03-16,290.6001735957983,290.6451618444679,290.52761406757935
747,2077-04-16,291.42173584437353,291.3693344646845,291.2079334587098
748,2077-05-16,292.2251008764106,292.11981188645944,292.04934047195115
749,2077-06-16,292.88055208287744,292.9687969758822,292.7981835734868
750,2077-07-16,293.2323016554779,293.3533449378887,293.32738953203176
751,2077-08-16,293.2831067399711,293.30790435960915,293.37886495879417
752,2077-09-16,292.6663207259434,292.6070658572912,292.6423326073617
753,2077-10-16,291.98838236902026,291.95082300911093,291.7582324259165
754,2077-11-16,291.2595643385925,290.9795103956005,291.0786173468628
755,2077-12-16,290.56448088171464,290.4949022459607,290.4545765737571
756,2078-01-16,290.2279642698792,290.08866513402734,290.2581871186517
757,2078-02-15,290.36847577594955,290.0945360890588,290.29860362993855
758,2078-03-16,290.8966477411475,290.5801404424412,290.7098315080283
759,2078-04-16,291.37398904812204,291.4660269393881,291.4832225826553
760,2078-05-16,292.26352695511395,292.2806304889408,292.43138527248504
761,2078-06-16,293.11749041676563,293.0386471791673,293.16925862411256
762,2078-07-16,293.56468207588,293.60019132625445,293.5678959797921
763,2078-08-16,293.6594358919863,293.48176238277733,293.418413297375
764,2078-09-16,292.9611540268026,292.8493246514323,292.8209911059206
765,2078-10-16,292.0606635578554,292.02706391954473,291.85073576324044
766,2078-11-16,291.2034704597385,291.1905244971261,291.17180065789694
767,2078-12-16,290.836650693468,290.73175313840585,290.687901657587
768,2079-01-16,290.4800332694316,290.266513015328,290.40836600921426
769,2079-02-15,290.584038335611,290.5496883136695,290.345131810654
770,2079-03-16,291.18283090087175,291.03488332533766,290.6952578058133
771,2079-04-16,291.9351396489964,291.72821799143594,291.42296237900905
772,2079-05-16,292.46305235659554,292.68674184046625,292.27959917043347
773,2079-06-16,293.25048117053836,293.3098662988983,293.00041723362557
774,2079-07-16,293.8186547177589,293.66823360897706,293.34826921035034
775,2079-08-16,293.74638450602,293.68265798642335,293.30325396004014
776,2079-09-16,292.90988471225796,292.9874749581484,292.67413007977666
777,2079-10-16,292.00744819700634,292.14069316695884,291.83519001934957
778,2079-11-16,291.09311177282245,291.2292998434205,291.1130421781065
779,2079-12-16,290.5323664214967,290.6623883097157,290.42893263608227
780,2080-01-16,290.24004285008687,290.37271401243044,289.97604651250555
781,2080-02-15,290.30356487127654,290.59730978499425,290.0910290064148
782,2080-03-16,290.6043274006022,290.9821314135105,290.5907151196054
783,2080-04-16,291.38111985788794,291.73388273296206,291.436863907334
784,2080-05-16,292.27013627369877,292.55483665389085,292.27909797619816
785,2080-06-16,293.0353282537571,293.27325776715116,293.1846643803859
786,2080-07-16,293.5485581647532,293.6607098984187,293.59054446776827
787,2080-08-16,293.37775561651046,293.60696008506517,293.4049732071265
788,2080-09-16,292.7779117199607,292.99298232374207,292.87194011984957
789,2080-10-16,291.88337661391444,291.97765259944015,292.01934495367436
790,2080-11-16,291.03760509820455,291.3186459963342,291.2058309938945
791,2080-12-16,290.2439412002899,290.4876418681392,290.6679389640131
792,2081-01-16,290.063794011133,290.28449483694396,290.16568846478987
793,2081-02-15,290.07712715222146,290.65721613823126,290.3519146351472
794,2081-03-16,290.8261850725628,290.9562595850957,290.99880914960863
795,2081-04-16,291.61625564849965,291.80791025808315,291.6509156881926
796,2081-05-16,292.320540464388,292.8225300340379,292.4153655030123
797,2081-06-16,293.1876794708537,293.4210908251124,293.2347652488827
798,2081-07-16,293.48132162269087,293.74179638011384,293.769152822615
799,2081-08-16,293.5014550288015,293.57517286997773,293.68345274210816
800,2081-09-16,292.7939378418099,293.0053673998533,293.15007046121104
801,2081-10-16,292.12610807619046,292.00523889156415,292.1584380349704
802,2081-11-16,291.3337973172729,291.45719760781606,291.5209472666152
803,2081-12-16,290.69828488858514,290.80421020300616,290.7674588639642
804,2082-01-16,290.3553212027897,290.54578672756895,290.63743996029854
805,2082-02-15,290.3995125765058,290.69200782683873,290.79613857463613
806,2082-03-16,291.03739832444273,291.0777361696841,291.3275970723126
807,2082-04-16,291.7147409842198,291.75173697395115,292.013642671989
808,2082-05-16,292.5083223147411,292.6139267992981,292.9037564052186
809,2082-06-16,293.18637689511667,293.43928632079184,293.40902580631536
810,2082-07-16,293.8595240385863,293.81879129863796,293.93978772207777
811,2082-08-16,293.67151386721645,293.7553743024426,293.90198382171553
812,2082-09-16,292.9703267361107,293.05851728934476,293.2136330069265
813,2082-10-16,292.15896217912655,292.15568309451805,292.3382067099801
814,2082-11-16,291.39805036113063,291.43343957260487,291.4953527565329
815,2082-12-16,290.6784982705324,290.6877340281253,291.02788500360754
816,2083-01-16,290.3870520694842,290.25026646652265,290.6154294677497
817,2083-02-15,290.2100546247793,290.3215569226332,290.89500385221316
818,2083-03-16,290.9537205352967,290.86801307933376,291.2048404631399
819,2083-04-16,291.5960256646291,291.6139736112208,291.9570730728702
820,2083-05-16,292.4684918832867,292.3755481845158,292.62625398728215
821,2083-06-16,293.2073973479917,293.1167933068692,293.2466568144073
822,2083-07-16,293.73842528022845,293.4804929284097,293.827718103732
823,2083-08-16,293.58108866254224,293.5791007613579,293.6016771603294
824,2083-09-16,292.95795669991884,293.0370330331471,292.85247316742766
825,2083-10-16,292.13927989229137,292.0934069301809,292.0325348915389
826,2083-11-16,291.30079085778937,291.33829745098825,291.25543035572304
827,2083-12-16,290.9273772826938,290.6207374355156,290.5830502134152
828,2084-01-16,290.58664953319584,290.24250951006195,290.378828422767
829,2084-02-15,290.6162650943008,290.5633548894553,290.5868401789448
830,2084-03-16,291.0847103975282,291.03850023048915,291.03560994733493
831,2084-04-16,291.840649662463,291.8176325144232,291.7286003732338
832,2084-05-16,292.82546031732915,292.48055716568643,292.450548444096
833,2084-06-16,293.6177491116261,293.3799426686888,293.07834897120387
834,2084-07-16,293.9738723429436,293.8522000970353,293.43018610826306
835,2084-08-16,293.8971158480835,293.7245623511241,293.4137020759461
836,2084-09-16,293.20743187031115,293.04858270870545,292.88281378112254
837,2084-10-16,292.41429846360677,292.17360590076146,292.0459763526567
838,2084-11-16,291.70167058658774,291.48209138532917,291.09505433911255
839,2084-12-16,291.08420644700664,290.7727956590138,290.7194609442058
840,2085-01-16,290.8491952565172,290.5604118289023,290.26489707933564
841,2085-02-15,290.9560910097767,290.67758052346676,290.4189313433358
842,2085-03-16,291.33563365987874,291.28861043164807,291.05081082794527
843,2085-04-16,292.0006646324064,291.8045083651283,291.751333781478
844,2085-05-16,292.91843020703965,292.81733054048664,292.3588828753112
845,2085-06-16,293.57841305736514,293.55939036383364,293.23948228818267
846,2085-07-16,294.0153147754837,293.8901471712045,293.70750882500215
847,2085-08-16,293.92085635862276,293.8383659613673,293.64576461976543
848,2085-09-16,293.132055583851,293.2161125105305,293.06723862604355
849,2085-10-16,292.129847532602,292.34260424694855,292.22355065280334
850,2085-11-16,291.35449818694383,291.67302263132405,291.5119394050451
851,2085-12-16,290.7168829447933,290.9638034019778,290.98311088014935
852,2086-01-16,290.4101063018624,290.6935969397542,290.82148858365
853,2086-02-15,290.5183671143321,290.82751550601836,290.8158828557212
854,2086-03-16,291.1930986476667,291.16770900695604,291.27219922474626
855,2086-04-16,291.8020747272704,291.8741832565611,292.0409458514417
856,2086-05-16,292.6346546613361,292.81372300455075,292.93126611512895
857,2086-06-16,293.57361518439984,293.62952511948095,293.632184955246
858,2086-07-16,293.99920967565447,294.0350515379133,294.0707526302191
859,2086-08-16,293.8608499846252,294.15224332446815,294.14499544594554
860,2086-09-16,293.1922629227403,293.3781946169298,293.30637446704907
861,2086-10-16,292.278636337871,292.62395866825034,292.5414149288716
862,2086-11-16,291.4197339531909,291.6787607239581,291.78041555842424
863,2086-12-16,291.0697141584367,290.99597860566524,291.19113369933996
864,2087-01-16,290.5870157774703,290.68095035852224,290.8589766954941
865,2087-02-15,290.58624954855486,290.8119867231366,291.06003767156204
866,2087-03-16,291.18899732966395,291.21384760795877,291.3302538029236
867,2087-04-16,292.0899017407778,292.0181458931543,292.0378901827023
868,2087-05-16,292.8014413491537,292.8533010112136,293.0287689373994
869,2087-06-16,293.51317681273616,293.5531049356654,293.62396111125526
870,2087-07-16,294.10433803548085,294.01779693215116,294.0705222457957
871,2087-08-16,293.9452137314091,293.92807114932884,293.9010165163183
872,2087-09-16,293.3870480552134,293.3750080273042,293.42726353264027
873,2087-10-16,292.55192881023294,292.67100703185343,292.2650818951021
874,2087-11-16,291.7030729961864,291.78939402924783,291.3900275648262
875,2087-12-16,291.30090377201697,291.18553293524417,290.8418928184041
876,2088-01-16,291.1360446742146,290.712838681189,290.4171166824054
877,2088-02-15,290.9812638009205,290.80867973641216,290.7434389585392
878,2088-03-16,291.5122625169689,291.30624590047915,291.2074883388669
879,2088-04-16,292.1551368255917,292.050908123368,292.0927896684489
880,2088-05-16,293.0248075456694,292.9216184104648,292.7961335430345
881,2088-06-16,293.7655712228123,293.6525580918473,293.60250871254595
882,2088-07-16,294.216358585859,294.26488479446857,293.85508140105713
883,2088-08-16,294.167068245681,294.0894081956661,293.7600184061886
884,2088-09-16,293.41322390575175,293.5298743530439,293.14456675219367
885,2088-10-16,292.6376891281045,292.60285688794363,292.2940519184472
886,2088-11-16,291.99604682151937,291.9235660747174,291.46262713564477
887,2088-12-16,291.4438056640188,291.2653947840052,290.8612042884492
888,2089-01-16,290.88686258128735,290.8912700045422,290.60615041273286
889,2089-02-15,291.05524836714125,290.8630030767851,290.620478896667
890,2089-03-16,291.6115359083968,291.3194250849667,291.2946286624375
891,2089-04-16,292.353625986087,292.27067688948233,292.085044417299
892,2089-05-16,293.1672141825727,292.9939610549296,292.84316598493086
893,2089-06-16,293.88936716261003,293.77426686622687,293.51469915413514
894,2089-07-16,294.4027863019118,294.27884475075234,294.030274284954
895,2089-08-16,294.2537080881766,294.16681862642855,294.0122360036966
896,2089-09-16,293.5690363210604,293.5160340180278,293.3009723526436
897,2089-10-16,292.7845145619994,292.66601218421715,292.4999194871532
898,2089-11-16,291.8960275265366,291.88621479320256,291.860527952232
899,2089-12-16,291.3107591297258,291.25198664527676,291.353592416657
900,2090-01-16,290.8562872133625,291.16206588131297,290.9520040657781
901,2090-02-15,290.9738530883659,291.16718372577776,291.3763840973173
902,2090-03-16,291.38494193999753,291.5756782068492,291.7441242809058
903,2090-04-16,292.24439453165587,292.3234416408684,292.59067309767903
904,2090-05-16,293.09172881369415,293.048107231708,293.4627580508751
905,2090-06-16,293.8439195458056,293.8230524525915,294.1297261985488
906,2090-07-16,294.3733371201057,294.1771700403106,294.57852752429164
907,2090-08-16,294.05450186774254,294.1168381133538,294.58221065229907
908,2090-09-16,293.43188404192404,293.33235248444686,293.7926609559118
909,2090-10-16,292.79303958943467,292.46448242652053,293.00104363726365
910,2090-11-16,291.9709097406636,291.65036068558885,292.00648206660463
911,2090-12-16,291.2084363073644,291.1634246069695,291.63999700803834
912,2091-01-16,290.89071351653155,290.80904736419114,291.30717069556454
913,2091-02-15,290.9424526955252,290.8056136020797,291.24133504887595
914,2091-03-16,291.41913999818036,291.4362907657378,291.78865464970846
915,2091-04-16,292.15840629435655,292.26977038128473,292.3814491129305
916,2091-05-16,293.03060502445095,292.9634355184108,293.29835363396774
917,2091-06-16,293.87263475671267,293.7899195548843,293.94110962277614
918,2091-07-16,294.08807566116025,294.1616248311399,294.3746617256564
919,2091-08-16,294.1192571264919,294.03025147275577,294.1674926086448
920,2091-09-16,293.4749333053494,293.4778981136301,293.618178223088
921,2091-10-16,292.6409275344452,292.6479101345367,292.64399879536575
922,2091-11-16,291.9157483268467,291.89955465778326,291.8789486504834
923,2091-12-16,291.18952612114794,291.11173372389436,291.4118564718738
924,2092-01-16,291.0134239643576,290.961414679497,291.08465359762295
925,2092-02-15,291.07413399813976,291.13208567257595,291.2113573142883
926,2092-03-16,291.66158189317264,291.5648344679435,291.44215216006876
927,2092-04-16,292.3879101460329,292.3759419535794,292.2203404404465
928,2092-05-16,293.311104342923,293.2243294412678,293.11642224401504
929,2092-06-16,294.0045561208524,293.9023201756094,293.8511939161615
930,2092-07-16,294.3772772873296,294.40293057692213,294.2967340515812
931,2092-08-16,294.411905432453,294.3108633437552,294.35980039011594
932,2092-09-16,293.74570488201533,293.8127793897143,293.5691327032177
933,2092-10-16,293.08410632112543,292.99676816165044,292.72348646682303
934,2092-11-16,292.10007460229133,292.2555405116083,291.87418260652294
935,2092-12-16,291.6231235473157,291.63524713167936,291.30237203660204
936,2093-01-16,291.21128817095916,291.44758054438563,290.9486452529995
937,2093-02-15,291.25278458547496,291.49697789537873,291.1383559205864
938,2093-03-16,291.71265544919584,292.0475233346796,291.45802110925587
939,2093-04-16,292.54848405472296,292.6211106239049,292.2871910338831
940,2093-05-16,293.2776215495886,293.39059183634095,292.99463467565346
941,2093-06-16,294.117743147937,293.9439714895903,293.9024326219914
942,2093-07-16,294.5540059368729,294.5594402898307,294.3366568366955
943,2093-08-16,294.6302826333303,294.4283101752483,294.33455745625315
944,2093-09-16,293.7707969337367,293.68442357718175,293.66829675021245
945,2093-10-16,293.0007678369796,292.8607212062929,292.86764454127126
946,2093-11-16,292.293495226732,291.8681876903087,292.1584725629072
947,2093-12-16,291.6837276172887,291.410778758804,291.2928287168389
948,2094-01-16,291.43551466840916,291.0326915027108,291.0929749702084
949,2094-02-15,291.406487799517,291.0283585170528,291.2631337048439
950,2094-03-16,291.92661307512935,291.6072021134082,291.64238122819836
951,2094-04-16,292.75671179655376,292.4728567422726,292.3940052191529
952,2094-05-16,293.2873544912845,293.2911334058307,293.1038206254809
953,2094-06-16,294.14329111058134,293.95487592986706,294.026881068639
954,2094-07-16,294.4636716936584,294.43815008781047,294.4926906983146
955,2094-08-16,294.3582218716431,294.33558302216596,294.48218908246463
956,2094-09-16,293.7806832261714,293.6339460205973,293.7070875181074
957,2094-10-16,292.89290165518776,292.7859736964519,292.88291824507564
958,2094-11-16,292.15163253399,291.95071092612636,292.0830226338807
959,2094-12-16,291.37246151816794,291.40677690295496,291.42944505631914
960,2095-01-16,291.1113283934741,291.1441833748247,291.1474798566974
961,2095-02-15,291.2264716921473,291.18919210367443,291.1576162378256
962,2095-03-16,291.8867400261208,291.74126949165185,291.6448883092368
963,2095-04-16,292.5592819723297,292.5599412952793,292.4470905793836
964,2095-05-16,293.231212847447,293.099007522311,293.2333324726041
965,2095-06-16,294.265670258865,293.99527459995454,294.01372715114155
966,2095-07-16,294.717064926834,294.4018454693829,294.4725909890886
967,2095-08-16,294.6091615238763,294.3460719763995,294.3567472331956
968,2095-09-16,294.08411356371073,293.79237075060286,293.71674900879066
969,2095-10-16,293.1766806645765,292.9934515056123,292.950073983004
970,2095-11-16,292.3348120904516,292.23260438938036,292.0653065397922
971,2095-12-16,291.9682093710886,291.7429644252672,291.5292843817986
972,2096-01-16,291.5939625977025,291.3777791101297,291.3325476309514
973,2096-02-15,291.3987413530097,291.3008777118159,291.24524291587153
974,2096-03-16,291.93631940174134,291.81750963842796,291.9384942383248
975,2096-04-16,292.8482864632846,292.6111084320074,292.6160949286942
976,2096-05-16,293.5315529143519,293.50289386179867,293.4678898975294
977,2096-06-16,294.2647230780779,294.26264095591057,294.15921543561035
978,2096-07-16,294.8082300147288,294.75064813602165,294.8053186378279
979,2096-08-16,294.7600582133615,294.7393758927014,294.7309394861592
980,2096-09-16,294.01432906303165,294.1044996426766,294.03798613490324
981,2096-10-16,293.12245913398067,293.133108870394,293.2187448152441
982,2096-11-16,292.3237809671148,292.3355488901984,292.44362759117575
983,2096-12-16,291.51546795792893,291.8330187708328,291.9295021839803
984,2097-01-16,291.52138782366285,291.4284105578796,291.85623883599027
985,2097-02-15,291.5818203909947,291.52571085773553,291.7009017705394
986,2097-03-16,292.009734242962,291.9252118681179,292.15314901437824
987,2097-04-16,292.6012292616108,292.6392530067985,292.9904926799457
988,2097-05-16,293.37411660908145,293.4775400643568,293.78051675862764
989,2097-06-16,294.20302062961883,294.2619223615772,294.41626621370494
990,2097-07-16,294.68075210747946,294.6089342479138,294.9533376158497
991,2097-08-16,294.6119786881651,294.56828319041244,294.76299224940004
992,2097-09-16,293.87544950378555,293.9593243368728,294.12174409751
993,2097-10-16,293.06349018477084,293.0723699653804,293.2603692453002
994,2097-11-16,292.28168118911645,292.11166555363445,292.33604522352647
995,2097-12-16,291.463623921269,291.5333995475442,291.7791285599857
996,2098-01-16,291.4671672942099,291.1377266825649,291.359399961103
997,2098-02-15,291.44627427596026,291.0946798639357,291.5341368553951
998,2098-03-16,291.90696330159295,291.9569872058435,291.9997519660711
999,2098-04-16,292.66339086280095,292.62144919780036,292.88023823488487
1000,2098-05-16,293.4151957699941,293.349229695926,293.46582693899967
1001,2098-06-16,294.31219575897467,294.1831279989736,294.23944439447644
1002,2098-07-16,294.7143510078542,294.64491368323434,294.77868883520375
1003,2098-08-16,294.7139812682078,294.6136306454688,294.63650153155453
1004,2098-09-16,294.0504861426846,294.00332878626983,293.99322610922184
1005,2098-10-16,293.11118671900005,293.0327965336268,293.2377072437592
1006,2098-11-16,292.33369403125863,292.10944784700257,292.34286910456944
1007,2098-12-16,291.84234610231755,291.6236931478854,291.7680500943728
1008,2099-01-16,291.72761522614064,291.4266207536741,291.3746342731534
1009,2099-02-15,291.65851394207897,291.55240399515793,291.1719556110824
1010,2099-03-16,292.3457423980646,292.0413090422773,291.8296905840055
1011,2099-04-16,292.84313257850215,292.83687366270124,292.7948250946186
1012,2099-05-16,293.67929339142205,293.5755099481912,293.63722768244196
1013,2099-06-16,294.3965034754565,294.36891608232605,294.373922826838
1014,2099-07-16,294.69857758989343,294.91697667420505,294.83559796758556
1015,2099-08-16,294.7889616922559,294.8122119987272,294.6765363524665
1016,2099-09-16,294.04599686989377,294.2552752165935,294.03996139120017
1017,2099-10-16,293.3384199955537,293.2986356493213,293.20478196864565
1018,2099-11-16,292.30064678506193,292.4690500509319,292.38556299446327
1019,2099-12-16,291.744870251158,292.00951909375175,291.74123680670345
1020,2100-01-16,291.2737801510051,291.8138324222985,291.65018946880014
1021,2100-02-15,291.57667796649724,291.74520510805536,291.6094402100664
1022,2100-03-16,291.83092355170646,292.3312654070325,292.267965519334
1023,2100-04-16,292.5742200941694,293.1049522258733,292.88745952013403
1024,2100-05-16,293.43831788284285,293.82859795755013,293.6263879237759
1025,2100-06-16,294.1575153618627,294.5975772612746,294.41256907119947
1026,2100-07-16,294.6671241059333,294.9108737263629,294.7980389784873
1027,2100-08-16,294.74851489426607,294.9166124447724,294.7984453896984
1028,2100-09-16,294.1105090965523,294.2845389069242,294.0405842059977
1029,2100-10-16,293.1528921573242,293.33085021066614,293.35866498761743
1030,2100-11-16,292.32742475683534,292.5635298490448,292.43005467110135
1031,2100-12-16,291.926621103332,291.67081340175736,291.81042815284763
