,time,r1i1p1f1
0,2015-01-16,286.8798639026366
1,2015-02-15,286.8992089865154
2,2015-03-16,287.52159733001326
3,2015-04-16,288.4026252154772
4,2015-05-16,289.25511880992036
5,2015-06-16,289.72401488414715
6,2015-07-16,290.1019074878228
7,2015-08-16,289.87288579983357
8,2015-09-16,289.3853625189186
9,2015-10-16,288.31302675716586
10,2015-11-16,287.5104084083724
11,2015-12-16,286.7843186352385
12,2016-01-16,286.30351159144766
13,2016-02-15,286.69338924462903
14,2016-03-16,287.263649111944
15,2016-04-16,288.282936494548
16,2016-05-16,289.0851213330715
17,2016-06-16,289.8324796322011
18,2016-07-16,290.1649186677587
19,2016-08-16,290.17256904068756
20,2016-09-16,289.5787151297124
21,2016-10-16,288.7612152925784
22,2016-11-16,287.7060057312338
23,2016-12-16,287.0495499504016
24,2017-01-16,286.8328665044427
25,2017-02-15,287.128194717884
26,2017-03-16,287.3776227534408
27,2017-04-16,288.47300833438425
28,2017-05-16,289.324952765815
29,2017-06-16,289.87739039171396
30,2017-07-16,290.1957134959281
31,2017-08-16,290.209502820419
32,2017-09-16,289.4931125347132
33,2017-10-16,288.5307812600371
34,2017-11-16,287.88339183256187
35,2017-12-16,287.16317481616875
36,2018-01-16,286.9757240582507
37,2018-02-15,287.18931085689695
38,2018-03-16,287.83947233981377
39,2018-04-16,288.59237272733577
40,2018-05-16,289.4703033728853
41,2018-06-16,289.90470192525174
42,2018-07-16,290.25878174648494
43,2018-08-16,290.16454983191744
44,2018-09-16,289.6084390467909
45,2018-10-16,288.7841334393661
46,2018-11-16,287.9041490041585
47,2018-12-16,287.25472315780934
48,2019-01-16,286.9629112593594
49,2019-02-15,287.13937470310094
50,2019-03-16,287.86076889015567
51,2019-04-16,288.6120280937437
52,2019-05-16,289.24894736507406
53,2019-06-16,289.83894526847797
54,2019-07-16,290.18781896188847
55,2019-08-16,290.1697245505292
56,2019-09-16,289.4926058563189
57,2019-10-16,288.6134398414351
58,2019-11-16,287.7246259714677
59,2019-12-16,287.2626823020666
60,2020-01-16,287.0184097158634
61,2020-02-15,287.1644681304582
62,2020-03-16,287.6281335672326
63,2020-04-16,288.4274047931617
64,2020-05-16,289.3093706314523
65,2020-06-16,289.82987411057576
66,2020-07-16,290.2384622107339
67,2020-08-16,290.18532238622777
68,2020-09-16,289.5168424869151
69,2020-10-16,288.7535034464609
70,2020-11-16,287.72231733163204
71,2020-12-16,287.1268333682787
72,2021-01-16,286.88116517097797
73,2021-02-15,287.07723042454825
74,2021-03-16,287.7508801034626
75,2021-04-16,288.49876989484085
76,2021-05-16,289.329718651279
77,2021-06-16,290.0595513482765
78,2021-07-16,290.28623169146283
79,2021-08-16,290.2714269793565
80,2021-09-16,289.76712532562095
81,2021-10-16,288.8938560393675
82,2021-11-16,288.02243859518825
83,2021-12-16,287.29256197064467
84,2022-01-16,287.0142606046763
85,2022-02-15,287.087891441374
86,2022-03-16,287.7197964520526
87,2022-04-16,288.58842103403066
88,2022-05-16,289.4361477753773
89,2022-06-16,289.9594419409762
90,2022-07-16,290.1650772684122
91,2022-08-16,290.19459381562456
92,2022-09-16,289.5431817963254
93,2022-10-16,288.65722083301284
94,2022-11-16,287.630619629552
95,2022-12-16,286.86432767109244
96,2023-01-16,286.67945521861475
97,2023-02-15,286.8211596020023
98,2023-03-16,287.38457694497964
99,2023-04-16,288.2857182528478
100,2023-05-16,289.10894496435674
101,2023-06-16,289.5701305402142
102,2023-07-16,289.98960521846436
103,2023-08-16,289.92514171398903
104,2023-09-16,289.33437508965943
105,2023-10-16,288.38480253568764
106,2023-11-16,287.2522438708667
107,2023-12-16,286.58922656220784
108,2024-01-16,286.2504700118289
109,2024-02-15,286.4108797095127
110,2024-03-16,287.0681991004387
111,2024-04-16,288.0694947867019
112,2024-05-16,288.8973484885996
113,2024-06-16,289.4423110106404
114,2024-07-16,289.8826074707471
115,2024-08-16,289.9316313612694
116,2024-09-16,289.2034331251051
117,2024-10-16,288.17061024059853
118,2024-11-16,287.16915823387893
119,2024-12-16,286.49177757615706
120,2025-01-16,286.28829289005404
121,2025-02-15,286.34803677427004
122,2025-03-16,287.0706855843676
123,2025-04-16,288.03560834446426
124,2025-05-16,288.8499623104892
125,2025-06-16,289.4849158495851
126,2025-07-16,289.7777911355618
127,2025-08-16,289.9651796020935
128,2025-09-16,289.426705079623
129,2025-10-16,288.4635593237915
130,2025-11-16,287.54060980795646
131,2025-12-16,286.74760543486957
132,2026-01-16,286.61942042414245
133,2026-02-15,286.84169796003266
134,2026-03-16,287.33347019702927
135,2026-04-16,288.22980493743495
136,2026-05-16,289.1861860282216
137,2026-06-16,289.77688440908685
138,2026-07-16,290.1337575543197
139,2026-08-16,290.1659130220263
140,2026-09-16,289.5550800880942
141,2026-10-16,288.7202247584264
142,2026-11-16,287.94056475352846
143,2026-12-16,287.3923485730785
144,2027-01-16,287.0558843028644
145,2027-02-15,287.3001219516888
146,2027-03-16,287.84030985484264
147,2027-04-16,288.6968369010209
148,2027-05-16,289.54314116271763
149,2027-06-16,290.16069877836435
150,2027-07-16,290.5994479355456
151,2027-08-16,290.39697695380926
152,2027-09-16,289.8628490472358
153,2027-10-16,289.0618414045471
154,2027-11-16,288.0524259049225
155,2027-12-16,287.4360951302128
156,2028-01-16,287.0548391146925
157,2028-02-15,287.3512668912158
158,2028-03-16,287.8466228130865
159,2028-04-16,288.75878031906205
160,2028-05-16,289.64625233483423
161,2028-06-16,290.1158284573608
162,2028-07-16,290.4731115241661
163,2028-08-16,290.31497205841697
164,2028-09-16,289.70517336189306
165,2028-10-16,288.83459103272014
166,2028-11-16,287.8656992777384
167,2028-12-16,287.14944564764374
168,2029-01-16,286.7872712220057
169,2029-02-15,286.97240731405697
170,2029-03-16,287.4755103349905
171,2029-04-16,288.3506167437604
172,2029-05-16,289.1738831799361
173,2029-06-16,289.91705418947157
174,2029-07-16,290.3019845195915
175,2029-08-16,290.13522795866726
176,2029-09-16,289.4857453842223
177,2029-10-16,288.7212297615787
178,2029-11-16,287.66236448646777
179,2029-12-16,286.92926826955295
180,2030-01-16,286.6091650462725
181,2030-02-15,286.7849725323108
182,2030-03-16,287.31313778958435
183,2030-04-16,288.11335174639413
184,2030-05-16,289.16801538764537
185,2030-06-16,289.75429896284174
186,2030-07-16,290.051549529997
187,2030-08-16,290.09342279610155
188,2030-09-16,289.6005089384317
189,2030-10-16,288.4907824645337
190,2030-11-16,287.7813837788328
191,2030-12-16,287.03512093626955
192,2031-01-16,286.82305780365016
193,2031-02-15,287.1689567639719
194,2031-03-16,287.58159010249494
195,2031-04-16,288.52816877193516
196,2031-05-16,289.3274630333731
197,2031-06-16,290.0480572878132
198,2031-07-16,290.28449398101384
199,2031-08-16,290.16926645719104
200,2031-09-16,289.67940341768093
201,2031-10-16,288.68837250312987
202,2031-11-16,287.6601593975178
203,2031-12-16,287.05688450650405
204,2032-01-16,286.7244647402485
205,2032-02-15,287.0000026725577
206,2032-03-16,287.5128345776886
207,2032-04-16,288.50313918956743
208,2032-05-16,289.47646949734917
209,2032-06-16,290.08429445620476
210,2032-07-16,290.48958119156936
211,2032-08-16,290.31482843368104
212,2032-09-16,289.8205215951485
213,2032-10-16,288.7795889396452
214,2032-11-16,287.9708194780826
215,2032-12-16,287.3569962482713
216,2033-01-16,287.0751363600994
217,2033-02-15,287.3397164644814
218,2033-03-16,287.8065252023798
219,2033-04-16,288.5728964356672
220,2033-05-16,289.5441497083231
221,2033-06-16,290.0660059226904
222,2033-07-16,290.6018635064641
223,2033-08-16,290.51742192689466
224,2033-09-16,289.9442327234687
225,2033-10-16,289.12597691503646
226,2033-11-16,288.24659371916766
227,2033-12-16,287.4734095794567
228,2034-01-16,287.43516948779956
229,2034-02-15,287.5395516473983
230,2034-03-16,288.21203964618513
231,2034-04-16,289.0116534337601
232,2034-05-16,289.80270467770515
233,2034-06-16,290.53923667537254
234,2034-07-16,290.8126597856876
235,2034-08-16,290.85608969691714
236,2034-09-16,290.21642442336673
237,2034-10-16,289.35436527067145
238,2034-11-16,288.2770809554537
239,2034-12-16,287.538560626342
240,2035-01-16,287.306681795649
241,2035-02-15,287.6204804647626
242,2035-03-16,288.151157368496
243,2035-04-16,288.98928373903703
244,2035-05-16,289.8009795619078
245,2035-06-16,290.1775974175278
246,2035-07-16,290.5652766552165
247,2035-08-16,290.5872001501656
248,2035-09-16,289.89624482660906
249,2035-10-16,288.8898071724124
250,2035-11-16,287.92267321819554
251,2035-12-16,287.20516815856644
252,2036-01-16,286.9795077778003
253,2036-02-15,287.06953306999924
254,2036-03-16,287.5562030998798
255,2036-04-16,288.3907312567569
256,2036-05-16,289.34557063105626
257,2036-06-16,290.01525030599356
258,2036-07-16,290.3802218066364
259,2036-08-16,290.3032669092599
260,2036-09-16,289.84550926878563
261,2036-10-16,288.76213731488065
262,2036-11-16,287.91067423831186
263,2036-12-16,287.2466035002471
264,2037-01-16,287.0354251930946
265,2037-02-15,286.94015528108287
266,2037-03-16,287.6171897815295
267,2037-04-16,288.62978332654654
268,2037-05-16,289.3713536599305
269,2037-06-16,289.92769881739105
270,2037-07-16,290.3526726721759
271,2037-08-16,290.3996241474587
272,2037-09-16,289.8272635776433
273,2037-10-16,288.87966193930276
274,2037-11-16,288.0387427273376
275,2037-12-16,287.26623761458063
276,2038-01-16,287.0096849754498
277,2038-02-15,287.1585597242677
278,2038-03-16,287.7432316307431
279,2038-04-16,288.73318200218336
280,2038-05-16,289.58097416071706
281,2038-06-16,290.12716623551233
282,2038-07-16,290.4092606874648
283,2038-08-16,290.40054668844255
284,2038-09-16,289.7083216639788
285,2038-10-16,288.6762187689878
286,2038-11-16,287.94946461854954
287,2038-12-16,287.21541548566006
288,2039-01-16,287.03285445721434
289,2039-02-15,287.1267197906433
290,2039-03-16,287.54714247348335
291,2039-04-16,288.6484981424801
292,2039-05-16,289.47362292209715
293,2039-06-16,290.03765721830155
294,2039-07-16,290.48008402884176
295,2039-08-16,290.35597988195167
296,2039-09-16,289.7212310366643
297,2039-10-16,288.80557699486434
298,2039-11-16,287.89790243371937
299,2039-12-16,287.2810071094583
300,2040-01-16,286.95662951971815
301,2040-02-15,286.9299872502515
302,2040-03-16,287.63577315912613
303,2040-04-16,288.7217656225057
304,2040-05-16,289.5773278911722
305,2040-06-16,290.26187988417877
306,2040-07-16,290.46350285376366
307,2040-08-16,290.4221660715536
308,2040-09-16,289.83033595445204
309,2040-10-16,288.8313179860399
310,2040-11-16,287.95261711070714
311,2040-12-16,287.3792871529656
312,2041-01-16,287.16437205450075
313,2041-02-15,287.2091891220535
314,2041-03-16,287.7792929903364
315,2041-04-16,288.8143977748415
316,2041-05-16,289.73325775802476
317,2041-06-16,290.3649570079996
318,2041-07-16,290.5891517799827
319,2041-08-16,290.52554982368673
320,2041-09-16,289.8822709227961
321,2041-10-16,289.11189341468753
322,2041-11-16,288.2655402381066
323,2041-12-16,287.43848299682264
324,2042-01-16,287.23904445888394
325,2042-02-15,287.42954558829064
326,2042-03-16,288.12356292203947
327,2042-04-16,288.8939794286162
328,2042-05-16,289.68470347586526
329,2042-06-16,290.32948539852345
330,2042-07-16,290.81056020772604
331,2042-08-16,290.8425718880446
332,2042-09-16,290.2810098580598
333,2042-10-16,289.3753458787543
334,2042-11-16,288.46087468661113
335,2042-12-16,287.81587844654433
336,2043-01-16,287.2269600511025
337,2043-02-15,287.6061844638996
338,2043-03-16,288.2431668600277
339,2043-04-16,289.1678339119653
340,2043-05-16,289.9343699446913
341,2043-06-16,290.3051356067294
342,2043-07-16,290.7024012005459
343,2043-08-16,290.6552360009075
344,2043-09-16,290.08620424982144
345,2043-10-16,289.19719131648503
346,2043-11-16,288.4267586005909
347,2043-12-16,287.60901939365993
348,2044-01-16,287.42506468832875
349,2044-02-15,287.41843511791535
350,2044-03-16,287.91393335150616
351,2044-04-16,288.8779571213048
352,2044-05-16,289.6525659208651
353,2044-06-16,290.31813631114824
354,2044-07-16,290.6525416797426
355,2044-08-16,290.65416412002844
356,2044-09-16,289.8765618207614
357,2044-10-16,289.00117143480884
358,2044-11-16,288.02030998746875
359,2044-12-16,287.45218574309627
360,2045-01-16,287.05692276887595
361,2045-02-15,287.23126236729826
362,2045-03-16,287.89748868072695
363,2045-04-16,288.69706947657465
364,2045-05-16,289.6388791875267
365,2045-06-16,290.3007283647268
366,2045-07-16,290.68111836804934
367,2045-08-16,290.59737075277565
368,2045-09-16,289.9294395788523
369,2045-10-16,288.8983407898496
370,2045-11-16,288.0171479953456
371,2045-12-16,287.3482241288274
372,2046-01-16,287.23385176532435
373,2046-02-15,287.330007149667
374,2046-03-16,287.75294508227995
375,2046-04-16,288.43075922934634
376,2046-05-16,289.4032311855418
377,2046-06-16,290.1074164858003
378,2046-07-16,290.5301070419004
379,2046-08-16,290.3899802418553
380,2046-09-16,289.8692433229794
381,2046-10-16,288.9917390381694
382,2046-11-16,288.0251486524348
383,2046-12-16,287.2788878378952
384,2047-01-16,287.0692849713593
385,2047-02-15,287.07944119393454
386,2047-03-16,287.7296055036054
387,2047-04-16,288.6740384254171
388,2047-05-16,289.6753385060566
389,2047-06-16,290.19128177371164
390,2047-07-16,290.6029644628781
391,2047-08-16,290.5363176821617
392,2047-09-16,290.0101290317866
393,2047-10-16,289.1239075270768
394,2047-11-16,288.17849750507816
395,2047-12-16,287.5603013368847
396,2048-01-16,287.4035522479191
397,2048-02-15,287.5773358944014
398,2048-03-16,287.98205833189604
399,2048-04-16,288.7429126821902
400,2048-05-16,289.83726128435217
401,2048-06-16,290.41962798494643
402,2048-07-16,290.76049242525715
403,2048-08-16,290.85288850024415
404,2048-09-16,290.1608175203973
405,2048-10-16,289.3425361197188
406,2048-11-16,288.4058753297277
407,2048-12-16,287.68245250000655
408,2049-01-16,287.34116351378276
409,2049-02-15,287.54647331932995
410,2049-03-16,288.2070341689492
411,2049-04-16,289.04211720768956
412,2049-05-16,289.94625740615686
413,2049-06-16,290.7249847936266
414,2049-07-16,290.9657067435443
415,2049-08-16,291.0773434702128
416,2049-09-16,290.48914882004425
417,2049-10-16,289.535079691913
418,2049-11-16,288.6548831469464
419,2049-12-16,287.8066584342787
420,2050-01-16,287.7403064268868
421,2050-02-15,287.9889759975714
422,2050-03-16,288.52764835067325
423,2050-04-16,289.39686729014653
424,2050-05-16,290.0012146079175
425,2050-06-16,290.54618235695125
426,2050-07-16,290.8124585692633
427,2050-08-16,290.733025318766
428,2050-09-16,290.0292197836244
429,2050-10-16,289.18025410617525
430,2050-11-16,288.21299826406874
431,2050-12-16,287.61493537317045
432,2051-01-16,287.40451963084087
433,2051-02-15,287.3526309800821
434,2051-03-16,287.8555348194092
435,2051-04-16,288.9771932466147
436,2051-05-16,289.7569450383333
437,2051-06-16,290.29033019164575
438,2051-07-16,290.73745400379227
439,2051-08-16,290.7488786284608
440,2051-09-16,290.09119266879657
441,2051-10-16,289.10337383172526
442,2051-11-16,288.3160710665975
443,2051-12-16,287.70328110053504
444,2052-01-16,287.38117815577476
445,2052-02-15,287.7401811733424
446,2052-03-16,287.9780398609235
447,2052-04-16,288.85391827896433
448,2052-05-16,289.75863453553075
449,2052-06-16,290.3710437192624
450,2052-07-16,290.73811939904573
451,2052-08-16,290.856065690559
452,2052-09-16,290.1456105126452
453,2052-10-16,289.19385065542593
454,2052-11-16,288.4095538206683
455,2052-12-16,287.7669071376409
456,2053-01-16,287.417067610538
457,2053-02-15,287.66939610139013
458,2053-03-16,288.16110052868805
459,2053-04-16,289.05594968499133
460,2053-05-16,289.8995689329142
461,2053-06-16,290.5890440835395
462,2053-07-16,291.0035920372594
463,2053-08-16,290.95256483437475
464,2053-09-16,290.2261029274793
465,2053-10-16,289.501336505276
466,2053-11-16,288.4434354521375
467,2053-12-16,287.8755022797264
468,2054-01-16,287.57841039472163
469,2054-02-15,287.35533474292146
470,2054-03-16,288.3148561911733
471,2054-04-16,289.14692494763943
472,2054-05-16,289.9170457088321
473,2054-06-16,290.51374811755085
474,2054-07-16,290.8866358665778
475,2054-08-16,290.9367254455931
476,2054-09-16,290.39589968755627
477,2054-10-16,289.4165977285071
478,2054-11-16,288.6428740956349
479,2054-12-16,287.77964378358257
480,2055-01-16,287.43171949641277
481,2055-02-15,287.6022625704464
482,2055-03-16,288.3703489568127
483,2055-04-16,289.1489769768355
484,2055-05-16,289.9114244880095
485,2055-06-16,290.46369703959414
486,2055-07-16,291.00598087793094
487,2055-08-16,290.9951351741156
488,2055-09-16,290.47937620195097
489,2055-10-16,289.5083372570773
490,2055-11-16,288.43508994982864
491,2055-12-16,287.8392690216069
492,2056-01-16,287.8318037341815
493,2056-02-15,287.85465612869194
494,2056-03-16,288.21139037069634
495,2056-04-16,289.13914889504247
496,2056-05-16,289.8644508709762
497,2056-06-16,290.5476586605897
498,2056-07-16,291.0261142448929
499,2056-08-16,290.9607020955183
500,2056-09-16,290.42088873530764
501,2056-10-16,289.54634591289624
502,2056-11-16,288.6339049238759
503,2056-12-16,287.98094385982216
504,2057-01-16,287.6302248190279
505,2057-02-15,287.81414383951704
506,2057-03-16,288.24184470571737
507,2057-04-16,289.1935784872972
508,2057-05-16,290.16546808859067
509,2057-06-16,290.75617437416025
510,2057-07-16,291.0531079141009
511,2057-08-16,291.0270493773823
512,2057-09-16,290.3956383243857
513,2057-10-16,289.5772311591592
514,2057-11-16,288.70481949024435
515,2057-12-16,288.03003287816534
516,2058-01-16,287.8702081491476
517,2058-02-15,288.04481602160075
518,2058-03-16,288.44090235924597
519,2058-04-16,289.4797345660734
520,2058-05-16,290.3336563978814
521,2058-06-16,291.06240277473927
522,2058-07-16,291.4627454947236
523,2058-08-16,291.3255561490163
524,2058-09-16,290.6088219231701
525,2058-10-16,289.62877998119416
526,2058-11-16,288.7319142993715
527,2058-12-16,287.9316378098609
528,2059-01-16,287.6786505207538
529,2059-02-15,287.443106690581
530,2059-03-16,288.1545037714134
531,2059-04-16,289.04602674795535
532,2059-05-16,289.8892579266516
533,2059-06-16,290.4802327948179
534,2059-07-16,290.9760684270298
535,2059-08-16,290.8403168825864
536,2059-09-16,290.3004994100053
537,2059-10-16,289.18628586345005
538,2059-11-16,288.417928334054
539,2059-12-16,287.81917775731034
540,2060-01-16,287.43458718468037
541,2060-02-15,287.4867288317184
542,2060-03-16,288.1214934907288
543,2060-04-16,289.10334202248015
544,2060-05-16,289.96123385075873
545,2060-06-16,290.66168158813645
546,2060-07-16,291.0377937348427
547,2060-08-16,290.8267205066934
548,2060-09-16,290.42932842966786
549,2060-10-16,289.5443867851724
550,2060-11-16,288.6525063517209
551,2060-12-16,287.81674764195435
552,2061-01-16,287.4698685038097
553,2061-02-15,287.87454472191456
554,2061-03-16,288.3597620137174
555,2061-04-16,289.32746068913053
556,2061-05-16,290.03934091672755
557,2061-06-16,290.69594589740785
558,2061-07-16,291.0906095884554
559,2061-08-16,291.19494651760743
560,2061-09-16,290.5232928297987
561,2061-10-16,289.6479989354203
562,2061-11-16,288.6979241917042
563,2061-12-16,288.0070393662198
564,2062-01-16,287.8549686357941
565,2062-02-15,287.90744378116864
566,2062-03-16,288.47759127424325
567,2062-04-16,289.37887155682256
568,2062-05-16,290.28111314939645
569,2062-06-16,290.7640443369931
570,2062-07-16,291.3082750840125
571,2062-08-16,291.19286103811385
572,2062-09-16,290.693279775482
573,2062-10-16,289.7043336958876
574,2062-11-16,288.63453089370273
575,2062-12-16,287.7910839196873
576,2063-01-16,287.63161413004065
577,2063-02-15,287.70011149251854
578,2063-03-16,288.25282025746077
579,2063-04-16,289.10839020404404
580,2063-05-16,289.9699081908594
581,2063-06-16,290.59717503932285
582,2063-07-16,291.0600823442781
583,2063-08-16,291.0194694641833
584,2063-09-16,290.3586171669034
585,2063-10-16,289.24030806002963
586,2063-11-16,288.4826826865755
587,2063-12-16,287.78029619122844
588,2064-01-16,287.57171241773125
589,2064-02-15,287.6887998562874
590,2064-03-16,288.0733852349446
591,2064-04-16,288.9182566746267
592,2064-05-16,290.0129994682096
593,2064-06-16,290.7014207620948
594,2064-07-16,290.8693405612171
595,2064-08-16,290.93737333444767
596,2064-09-16,290.3920565894137
597,2064-10-16,289.4922656072294
598,2064-11-16,288.6183883834797
599,2064-12-16,287.96625655632783
600,2065-01-16,287.6972295469324
601,2065-02-15,287.87553609917177
602,2065-03-16,288.4222109395065
603,2065-04-16,289.2351604229936
604,2065-05-16,290.1333418517548
605,2065-06-16,290.7206549069093
606,2065-07-16,291.3417740028428
607,2065-08-16,291.22130384636785
608,2065-09-16,290.75469392761175
609,2065-10-16,289.8338999162842
610,2065-11-16,288.8652498112594
611,2065-12-16,288.24158082114633
612,2066-01-16,288.07795233187136
613,2066-02-15,288.17234671650635
614,2066-03-16,288.93089578136914
615,2066-04-16,289.56122950915295
616,2066-05-16,290.4885885313522
617,2066-06-16,291.2274248642509
618,2066-07-16,291.5052381164923
619,2066-08-16,291.5060830718752
620,2066-09-16,290.92406738904714
621,2066-10-16,289.8823591820448
622,2066-11-16,289.12524983560763
623,2066-12-16,288.44870296747587
624,2067-01-16,288.00096172697766
625,2067-02-15,288.11964445786964
626,2067-03-16,288.62679933235364
627,2067-04-16,289.5393407844546
628,2067-05-16,290.3827146505497
629,2067-06-16,290.9456012486356
630,2067-07-16,291.39306765965097
631,2067-08-16,291.38643806364547
632,2067-09-16,290.7290494051582
633,2067-10-16,289.75066340278624
634,2067-11-16,288.9297614914785
635,2067-12-16,288.19242734372335
636,2068-01-16,288.1529813880668
637,2068-02-15,288.3469366942942
638,2068-03-16,288.63309445039783
639,2068-04-16,289.4812915425744
640,2068-05-16,290.39099735299095
641,2068-06-16,290.9005345227997
642,2068-07-16,291.2727637107902
643,2068-08-16,291.14065359725413
644,2068-09-16,290.7732616863403
645,2068-10-16,289.9813046846266
646,2068-11-16,289.0310363013129
647,2068-12-16,288.29983565890984
648,2069-01-16,288.0712758651693
649,2069-02-15,288.11171762868423
650,2069-03-16,288.4667060454094
651,2069-04-16,289.4255843043287
652,2069-05-16,290.41633259715945
653,2069-06-16,291.0011176597827
654,2069-07-16,291.5701743621289
655,2069-08-16,291.5295493353968
656,2069-09-16,291.05424825412507
657,2069-10-16,290.0720345317807
658,2069-11-16,289.11182979747264
659,2069-12-16,288.5470155496275
660,2070-01-16,288.33651058779975
661,2070-02-15,288.58946848897074
662,2070-03-16,288.7011567970652
663,2070-04-16,289.6328783442821
664,2070-05-16,290.41191831927625
665,2070-06-16,290.9843675318115
666,2070-07-16,291.3939079574483
667,2070-08-16,291.26694014648274
668,2070-09-16,290.77689917958384
669,2070-10-16,289.78025755113146
670,2070-11-16,288.97214307352914
671,2070-12-16,288.2836186516622
672,2071-01-16,288.10431088657407
673,2071-02-15,288.43855496950056
674,2071-03-16,288.864610422483
675,2071-04-16,289.4858595136763
676,2071-05-16,290.51088322560037
677,2071-06-16,291.1434684243412
678,2071-07-16,291.58195254563435
679,2071-08-16,291.6605309004249
680,2071-09-16,290.824390554834
681,2071-10-16,290.0899102741342
682,2071-11-16,289.2330322303124
683,2071-12-16,288.5422088825823
684,2072-01-16,288.2149328563441
685,2072-02-15,288.35571958685495
686,2072-03-16,288.80942799044766
687,2072-04-16,289.75079251638
688,2072-05-16,290.5779242002656
689,2072-06-16,291.312627655164
690,2072-07-16,291.7131637453758
691,2072-08-16,291.5658554429615
692,2072-09-16,290.8084526042295
693,2072-10-16,290.0554441914294
694,2072-11-16,289.1484245460335
695,2072-12-16,288.4112840750613
696,2073-01-16,288.3056311462571
697,2073-02-15,288.2367111126242
698,2073-03-16,288.82494301079106
699,2073-04-16,289.5457006394541
700,2073-05-16,290.47189544020574
701,2073-06-16,291.0749141777001
702,2073-07-16,291.53837154079895
703,2073-08-16,291.5198349663014
704,2073-09-16,290.82052197032993
705,2073-10-16,289.92454282667023
706,2073-11-16,289.1722017129751
707,2073-12-16,288.2792224656637
708,2074-01-16,287.9536535858245
709,2074-02-15,288.2365660123639
710,2074-03-16,288.62008768264116
711,2074-04-16,289.4740735123104
712,2074-05-16,290.3515203502749
713,2074-06-16,291.04855875602374
714,2074-07-16,291.6369548675203
715,2074-08-16,291.3765644805069
716,2074-09-16,290.8697608924127
717,2074-10-16,289.86924120206334
718,2074-11-16,289.04351821118826
719,2074-12-16,288.3340893914819
720,2075-01-16,288.12007821555176
721,2075-02-15,288.1857525194004
722,2075-03-16,288.7293581860378
723,2075-04-16,289.59959477312646
724,2075-05-16,290.65573664051783
725,2075-06-16,291.28963696672025
726,2075-07-16,291.74696231065286
727,2075-08-16,291.5939909434107
728,2075-09-16,290.9166454128608
729,2075-10-16,290.14584754544666
730,2075-11-16,289.45382847967073
731,2075-12-16,288.75587517856815
732,2076-01-16,288.49245118524306
733,2076-02-15,288.3271768986724
734,2076-03-16,288.73897501227356
735,2076-04-16,289.706498006279
736,2076-05-16,290.471397768434
737,2076-06-16,291.2156879942984
738,2076-07-16,291.5912534368516
739,2076-08-16,291.37903841726285
740,2076-09-16,290.72069620633863
741,2076-10-16,289.755583867361
742,2076-11-16,288.75352641186913
743,2076-12-16,288.05675393527895
744,2077-01-16,287.78141814811573
745,2077-02-15,287.97290109701305
746,2077-03-16,288.40877735860016
747,2077-04-16,289.279813495456
748,2077-05-16,290.2802866553834
749,2077-06-16,290.9199784490006
750,2077-07-16,291.4161141018637
751,2077-08-16,291.24600735307837
752,2077-09-16,290.70031197108
753,2077-10-16,289.8819920015816
754,2077-11-16,288.91643047375686
755,2077-12-16,288.21220634259566
756,2078-01-16,287.6505518423457
757,2078-02-15,288.13152117273586
758,2078-03-16,288.5405715916624
759,2078-04-16,289.4098499907442
760,2078-05-16,290.2705368518548
761,2078-06-16,291.01301486508135
762,2078-07-16,291.5504888859287
763,2078-08-16,291.5852362398531
764,2078-09-16,291.05934767996297
765,2078-10-16,290.19732439973484
766,2078-11-16,289.1361009415716
767,2078-12-16,288.4119728630742
768,2079-01-16,288.1017828971716
769,2079-02-15,288.3144743872193
770,2079-03-16,288.95924807487404
771,2079-04-16,289.6840509420863
772,2079-05-16,290.6540563011655
773,2079-06-16,291.38005517775537
774,2079-07-16,291.73712896412513
775,2079-08-16,291.7359337589176
776,2079-09-16,291.0209903294065
777,2079-10-16,290.27770205303653
778,2079-11-16,289.4999865945594
779,2079-12-16,288.833178107008
780,2080-01-16,288.5596200939013
781,2080-02-15,288.9003470877691
782,2080-03-16,289.36143859464704
783,2080-04-16,290.0756187410429
784,2080-05-16,290.8413264307181
785,2080-06-16,291.6129028062775
786,2080-07-16,292.0955970646624
787,2080-08-16,292.0426857067591
788,2080-09-16,291.32162095611824
789,2080-10-16,290.4404744238122
790,2080-11-16,289.4862734174442
791,2080-12-16,288.92573076695976
792,2081-01-16,288.46355527640856
793,2081-02-15,288.7205075731511
794,2081-03-16,289.05502928764975
795,2081-04-16,290.0170553315476
796,2081-05-16,290.730618007153
797,2081-06-16,291.4453556625549
798,2081-07-16,291.83336652395866
799,2081-08-16,291.75285810350465
800,2081-09-16,291.2036379782455
801,2081-10-16,290.24511515071487
802,2081-11-16,289.4486629875362
803,2081-12-16,288.8341698226792
804,2082-01-16,288.5902432867617
805,2082-02-15,288.66107945003387
806,2082-03-16,288.9949695179012
807,2082-04-16,289.9870475309675
808,2082-05-16,290.8013219842666
809,2082-06-16,291.5098205729971
810,2082-07-16,292.0606042503303
811,2082-08-16,291.9934739101088
812,2082-09-16,291.43738361694034
813,2082-10-16,290.5998685079968
814,2082-11-16,289.6636649969774
815,2082-12-16,288.8804132496204
816,2083-01-16,288.65940180911554
817,2083-02-15,288.8058626212447
818,2083-03-16,289.1260991313563
819,2083-04-16,290.0636097497519
820,2083-05-16,290.9301960825541
821,2083-06-16,291.62779465111475
822,2083-07-16,292.1748453965965
823,2083-08-16,292.23553154567026
824,2083-09-16,291.57215166761847
825,2083-10-16,290.74541260094406
826,2083-11-16,289.8259479699634
827,2083-12-16,289.218525637604
828,2084-01-16,288.93582332091967
829,2084-02-15,289.06164589827574
830,2084-03-16,289.54858641754265
831,2084-04-16,290.28613063923126
832,2084-05-16,291.04522651428977
833,2084-06-16,291.70298142180326
834,2084-07-16,292.08113920669615
835,2084-08-16,292.10815817145476
836,2084-09-16,291.3441977615389
837,2084-10-16,290.45678741788595
838,2084-11-16,289.7391147038001
839,2084-12-16,289.09995868321187
840,2085-01-16,288.9812578176442
841,2085-02-15,288.9718596422526
842,2085-03-16,289.271930134639
843,2085-04-16,290.08214841149834
844,2085-05-16,291.06080244038617
845,2085-06-16,291.59785802876706
846,2085-07-16,292.1061750857098
847,2085-08-16,292.0238600069716
848,2085-09-16,291.33765676263715
849,2085-10-16,290.36489174143264
850,2085-11-16,289.4429879134455
851,2085-12-16,288.77437645342974
852,2086-01-16,288.7078390247762
853,2086-02-15,288.5107333210798
854,2086-03-16,288.9987748644238
855,2086-04-16,289.7728117353359
856,2086-05-16,290.75246768411574
857,2086-06-16,291.45859462817833
858,2086-07-16,291.94065713980046
859,2086-08-16,291.9340644415862
860,2086-09-16,291.17251067634203
861,2086-10-16,290.2274645506725
862,2086-11-16,289.31434227045355
863,2086-12-16,288.7573734659257
864,2087-01-16,288.4333669353771
865,2087-02-15,288.64901244587514
866,2087-03-16,289.0763501726154
867,2087-04-16,289.9340084650041
868,2087-05-16,290.8267419748463
869,2087-06-16,291.6497669279238
870,2087-07-16,292.0941995977128
871,2087-08-16,292.05059359878726
872,2087-09-16,291.44438044737643
873,2087-10-16,290.6657892672267
874,2087-11-16,289.6310851521492
875,2087-12-16,289.0063051186168
876,2088-01-16,288.93173486595987
877,2088-02-15,289.0488496242089
878,2088-03-16,289.5594659533185
879,2088-04-16,290.4366459246966
880,2088-05-16,291.1768062339808
881,2088-06-16,291.9818317435777
882,2088-07-16,292.65434368550905
883,2088-08-16,292.4518107055779
884,2088-09-16,291.9326374618631
885,2088-10-16,291.03120298970833
886,2088-11-16,290.2833656853231
887,2088-12-16,289.55577203598864
888,2089-01-16,289.4273375967588
889,2089-02-15,289.3266725461693
890,2089-03-16,289.8283549643877
891,2089-04-16,290.40339797613285
892,2089-05-16,291.2776867839604
893,2089-06-16,292.04753317351077
894,2089-07-16,292.34483600251633
895,2089-08-16,292.3434657006288
896,2089-09-16,291.59853883465064
897,2089-10-16,290.7767369816208
898,2089-11-16,289.7786619024956
899,2089-12-16,289.05339678771236
900,2090-01-16,288.68679586363106
901,2090-02-15,288.87237650254394
902,2090-03-16,289.19795242147404
903,2090-04-16,290.110284926432
904,2090-05-16,290.867470578186
905,2090-06-16,291.6250630751423
906,2090-07-16,292.1455674197767
907,2090-08-16,292.08777008520565
908,2090-09-16,291.4293008802621
909,2090-10-16,290.4663331870433
910,2090-11-16,289.6105906569955
911,2090-12-16,288.939187327853
912,2091-01-16,288.67082495724776
913,2091-02-15,288.7305986084323
914,2091-03-16,289.18946450032985
915,2091-04-16,290.1250222278104
916,2091-05-16,290.99029779562846
917,2091-06-16,291.7465581827691
918,2091-07-16,292.26982961332493
919,2091-08-16,292.1917716035721
920,2091-09-16,291.6025423400302
921,2091-10-16,290.67255709669826
922,2091-11-16,289.65866445556406
923,2091-12-16,289.0692221683238
924,2092-01-16,288.8746772111879
925,2092-02-15,288.9782307493995
926,2092-03-16,289.4009456479019
927,2092-04-16,290.24162579818415
928,2092-05-16,291.2349768219888
929,2092-06-16,291.9898722939078
930,2092-07-16,292.44737651599223
931,2092-08-16,292.4220189098957
932,2092-09-16,291.99537883302764
933,2092-10-16,291.0480701843465
934,2092-11-16,290.1449098111229
935,2092-12-16,289.3990714258234
936,2093-01-16,289.23300525918035
937,2093-02-15,289.3042566495536
938,2093-03-16,289.53259759055317
939,2093-04-16,290.4801517674635
940,2093-05-16,291.16676318157386
941,2093-06-16,291.9558270231338
942,2093-07-16,292.3544088280856
943,2093-08-16,292.25460787206856
944,2093-09-16,291.4105246605907
945,2093-10-16,290.5466935273818
946,2093-11-16,289.50083720381224
947,2093-12-16,288.85189946786875
948,2094-01-16,288.6029985862453
949,2094-02-15,288.68785389782096
950,2094-03-16,289.29569752253923
951,2094-04-16,290.2392049110598
952,2094-05-16,290.95758405298324
953,2094-06-16,291.62839993469134
954,2094-07-16,292.04558917105237
955,2094-08-16,292.1524404537036
956,2094-09-16,291.45265954420165
957,2094-10-16,290.4197089477204
958,2094-11-16,289.4571348952814
959,2094-12-16,288.7838448831614
960,2095-01-16,288.54595931885933
961,2095-02-15,288.62408840631855
962,2095-03-16,289.0983509434938
963,2095-04-16,289.9607697411504
964,2095-05-16,290.95615210811576
965,2095-06-16,291.70950260813476
966,2095-07-16,292.21170705978517
967,2095-08-16,292.1413888916418
968,2095-09-16,291.61168567687724
969,2095-10-16,290.7349661542629
970,2095-11-16,289.87930171121815
971,2095-12-16,289.1827203547913
972,2096-01-16,288.825441144438
973,2096-02-15,289.0115642628883
974,2096-03-16,289.4601055515905
975,2096-04-16,290.2032781769283
976,2096-05-16,291.06825008255595
977,2096-06-16,292.0934395996317
978,2096-07-16,292.5612795097957
979,2096-08-16,292.54460848695544
980,2096-09-16,291.8875210135946
981,2096-10-16,291.1129682589537
982,2096-11-16,290.224634093091
983,2096-12-16,289.63955979547495
984,2097-01-16,289.31995988962456
985,2097-02-15,289.4972484582428
986,2097-03-16,289.74187695579036
987,2097-04-16,290.49807987473235
988,2097-05-16,291.36393131815584
989,2097-06-16,292.0611003251317
990,2097-07-16,292.573519619202
991,2097-08-16,292.4380833009331
992,2097-09-16,291.8804749469411
993,2097-10-16,290.7966517190409
994,2097-11-16,290.0839824429798
995,2097-12-16,289.4190515188187
996,2098-01-16,289.0332355134819
997,2098-02-15,289.1157888346431
998,2098-03-16,289.5159480894106
999,2098-04-16,290.3385140217692
1000,2098-05-16,291.22093397902506
1001,2098-06-16,292.03050192695036
1002,2098-07-16,292.50730602322966
1003,2098-08-16,292.4448940468491
1004,2098-09-16,291.7379181444956
1005,2098-10-16,290.6992901405382
1006,2098-11-16,290.1654889971232
1007,2098-12-16,289.265000137145
1008,2099-01-16,288.9941654562196
1009,2099-02-15,289.17460093021646
1010,2099-03-16,289.80197745650867
1011,2099-04-16,290.5857234968451
1012,2099-05-16,291.3167564755057
1013,2099-06-16,292.11854775374695
1014,2099-07-16,292.69453810088703
1015,2099-08-16,292.74819157987986
1016,2099-09-16,292.1362541040597
1017,2099-10-16,291.21222520257135
1018,2099-11-16,290.20889277507587
1019,2099-12-16,289.5332022163435
1020,2100-01-16,289.4515538909669
1021,2100-02-15,289.4118131082157
1022,2100-03-16,289.9789413599043
1023,2100-04-16,290.786053604923
1024,2100-05-16,291.63657989179586
1025,2100-06-16,292.5445071539283
1026,2100-07-16,292.91564252105945
1027,2100-08-16,292.8228062553192
1028,2100-09-16,292.24173995816653
1029,2100-10-16,291.23793660444267
1030,2100-11-16,290.27500715104475
1031,2100-12-16,289.6675283712889
