,time,r1i1p1f1,r2i1p1f1,r3i1p1f1
0,2015-01-16,277.13803,280.4721,277.1071
1,2015-02-16,278.22845,278.8886,276.52258
2,2015-03-16,279.74847,278.7873,277.01688
3,2015-04-16,280.545,281.38065,279.86707
4,2015-05-16,285.37424,286.04874,281.1297
5,2015-06-16,286.89517,288.82684,285.68054
6,2015-07-16,289.82422,290.92905,288.1988
7,2015-08-16,290.5621,292.04926,289.84357
8,2015-09-16,290.1846,290.17123,290.27414
9,2015-10-16,284.56668,283.94205,286.06158
10,2015-11-16,280.95032,280.19318,281.7221
11,2015-12-16,280.9938,280.5591,280.65063
12,2016-01-16,277.81622,280.6067,280.46902
13,2016-02-16,277.2014,280.60226,279.7941
14,2016-03-16,280.19592,281.04218,279.5765
15,2016-04-16,279.7279,280.9083,282.4096
16,2016-05-16,282.3427,285.70657,286.93112
17,2016-06-16,286.9151,286.67404,288.10794
18,2016-07-16,289.07993,291.52838,290.89215
19,2016-08-16,291.18842,293.00623,290.95956
20,2016-09-16,287.65155,289.88452,289.9036
21,2016-10-16,286.22662,286.7126,284.4822
22,2016-11-16,283.85132,281.47357,283.19925
23,2016-12-16,279.23425,282.25522,279.2368
24,2017-01-16,279.75204,277.32123,280.2687
25,2017-02-16,279.243,278.6102,279.68445
26,2017-03-16,275.92398,279.79886,279.57224
27,2017-04-16,280.1744,281.1243,278.99686
28,2017-05-16,283.2134,283.64087,282.85165
29,2017-06-16,289.1097,287.7538,288.02176
30,2017-07-16,291.03336,291.2908,289.20108
31,2017-08-16,290.43655,290.85242,290.83618
32,2017-09-16,289.42297,289.0675,291.33655
33,2017-10-16,286.1373,285.8036,286.5992
34,2017-11-16,282.16544,281.30423,283.17484
35,2017-12-16,279.25662,278.53946,283.2358
36,2018-01-16,278.67673,279.776,278.98398
37,2018-02-16,277.72202,279.70074,276.92584
38,2018-03-16,279.50314,280.80222,279.17914
39,2018-04-16,280.02774,283.56714,282.03656
40,2018-05-16,283.99338,283.94577,285.208
41,2018-06-16,287.88248,288.17087,288.18164
42,2018-07-16,291.89755,290.81635,291.32214
43,2018-08-16,290.3429,291.04135,292.48358
44,2018-09-16,288.56757,289.24066,288.6304
45,2018-10-16,287.7202,284.55917,283.47705
46,2018-11-16,282.54788,282.36566,281.54953
47,2018-12-16,279.94208,279.83627,281.04596
48,2019-01-16,277.0438,279.98154,280.5037
49,2019-02-16,276.3832,277.39862,278.68436
50,2019-03-16,276.0846,278.7701,280.2074
51,2019-04-16,279.9098,281.56616,282.69186
52,2019-05-16,283.44714,285.5667,284.32404
53,2019-06-16,286.07065,290.23206,288.20105
54,2019-07-16,289.48776,291.22183,291.46317
55,2019-08-16,290.49765,290.24084,291.89062
56,2019-09-16,289.33527,289.83487,291.50848
57,2019-10-16,286.03357,285.01404,286.7926
58,2019-11-16,282.47604,281.67184,281.1857
59,2019-12-16,278.17825,276.94717,280.5038
60,2020-01-16,280.14404,277.0786,277.73624
61,2020-02-16,276.23654,278.87735,279.05576
62,2020-03-16,278.82474,280.21954,278.5534
63,2020-04-16,280.7879,280.698,281.1776
64,2020-05-16,282.165,285.24228,283.52383
65,2020-06-16,284.57306,287.78323,287.38318
66,2020-07-16,290.75122,291.17288,290.78354
67,2020-08-16,290.71695,292.62967,290.85297
68,2020-09-16,287.5812,288.62958,290.14554
69,2020-10-16,282.07574,286.16364,287.41623
70,2020-11-16,281.52936,283.13037,282.19257
71,2020-12-16,279.59558,280.52444,280.36884
72,2021-01-16,280.26355,279.37732,281.4132
73,2021-02-16,278.55695,278.32867,280.60397
74,2021-03-16,279.5725,277.19675,277.81134
75,2021-04-16,281.22723,280.75214,280.8512
76,2021-05-16,286.7694,282.40613,282.54855
77,2021-06-16,287.2735,286.9806,286.40027
78,2021-07-16,290.78784,290.84558,288.5948
79,2021-08-16,290.7133,291.41992,291.3699
80,2021-09-16,289.10043,290.23703,288.8767
81,2021-10-16,283.50244,286.20547,286.97183
82,2021-11-16,277.98672,281.68097,283.10736
83,2021-12-16,279.57797,279.9286,281.37906
84,2022-01-16,277.4867,276.91977,275.79242
85,2022-02-16,278.4177,280.27402,278.87735
86,2022-03-16,280.01538,277.83722,278.23938
87,2022-04-16,282.1877,282.10538,281.20535
88,2022-05-16,284.23895,283.5791,285.2641
89,2022-06-16,289.5076,288.26373,288.50598
90,2022-07-16,290.9099,291.24243,290.1555
91,2022-08-16,291.6471,292.0632,291.83276
92,2022-09-16,290.60925,288.20847,288.39722
93,2022-10-16,285.93182,285.8768,286.26935
94,2022-11-16,281.36557,283.5254,281.76868
95,2022-12-16,279.39197,281.89948,280.8712
96,2023-01-16,277.54092,277.30313,277.95126
97,2023-02-16,278.19403,279.63776,277.00577
98,2023-03-16,277.12625,279.20825,278.05035
99,2023-04-16,279.47678,282.0176,280.5909
100,2023-05-16,283.55466,284.60074,283.348
101,2023-06-16,288.06793,290.72537,288.9978
102,2023-07-16,290.6963,290.01724,291.31052
103,2023-08-16,291.4735,290.23944,291.4787
104,2023-09-16,288.31116,290.20203,289.18243
105,2023-10-16,285.12518,287.38968,285.9498
106,2023-11-16,281.5246,282.1433,283.27225
107,2023-12-16,280.0751,279.29694,281.43253
108,2024-01-16,278.99094,277.7552,279.22134
109,2024-02-16,279.63867,279.11115,278.24402
110,2024-03-16,280.1733,279.51624,281.65515
111,2024-04-16,282.6557,282.99646,281.3254
112,2024-05-16,284.65396,285.53693,284.29495
113,2024-06-16,288.55923,288.11218,288.83496
114,2024-07-16,291.6205,291.24448,292.5195
115,2024-08-16,289.96265,291.45975,291.36517
116,2024-09-16,289.4114,290.1013,289.31412
117,2024-10-16,284.11212,287.58057,287.2321
118,2024-11-16,284.07407,282.62366,280.68835
119,2024-12-16,280.8761,280.41354,280.889
120,2025-01-16,279.27664,279.4026,279.57324
121,2025-02-16,279.6003,281.5598,278.90018
122,2025-03-16,280.82236,281.00543,279.20233
123,2025-04-16,282.87805,282.68427,279.4879
124,2025-05-16,285.1522,284.79907,284.84467
125,2025-06-16,288.86374,288.32245,291.6059
126,2025-07-16,291.30106,291.60095,292.38715
127,2025-08-16,291.1744,292.26315,291.63364
128,2025-09-16,290.64886,288.97125,290.03717
129,2025-10-16,288.78577,285.1629,286.9429
130,2025-11-16,284.4436,282.81165,283.6518
131,2025-12-16,282.03735,281.9682,281.3972
132,2026-01-16,282.20056,278.65234,278.00552
133,2026-02-16,280.12228,279.96515,278.56625
134,2026-03-16,279.35107,281.10483,276.7124
135,2026-04-16,281.4314,283.24417,280.54413
136,2026-05-16,286.46143,285.5181,283.70837
137,2026-06-16,288.2052,290.71317,289.63242
138,2026-07-16,289.65396,291.12866,290.88333
139,2026-08-16,291.91376,292.38904,291.82413
140,2026-09-16,289.546,289.80554,289.5072
141,2026-10-16,286.71042,285.31314,284.8039
142,2026-11-16,281.82123,281.15396,283.26266
143,2026-12-16,281.1408,280.71417,279.56494
144,2027-01-16,279.02518,276.79465,278.7788
145,2027-02-16,279.11322,279.62863,278.4643
146,2027-03-16,281.4919,280.4244,279.0934
147,2027-04-16,281.3313,282.01755,281.69727
148,2027-05-16,285.64908,283.15994,285.2782
149,2027-06-16,289.2475,290.16443,288.40485
150,2027-07-16,291.1452,290.36505,291.4633
151,2027-08-16,290.11398,291.69165,291.35083
152,2027-09-16,289.17896,289.9578,290.63943
153,2027-10-16,287.84238,288.03415,287.26175
154,2027-11-16,282.02475,283.2601,283.72208
155,2027-12-16,281.01724,278.6964,277.36774
156,2028-01-16,279.83163,278.1949,281.20624
157,2028-02-16,281.24197,279.77322,279.1013
158,2028-03-16,280.7711,279.69366,278.92645
159,2028-04-16,284.34665,282.70218,281.73236
160,2028-05-16,288.04202,286.59845,288.02557
161,2028-06-16,290.54272,289.5307,288.6205
162,2028-07-16,292.8768,294.0735,290.259
163,2028-08-16,292.15216,292.01083,292.82693
164,2028-09-16,290.20523,291.15512,289.91855
165,2028-10-16,286.0772,285.88126,286.2487
166,2028-11-16,282.41077,282.0083,282.32486
167,2028-12-16,281.91678,280.7069,280.68
168,2029-01-16,277.76544,278.90976,279.9926
169,2029-02-16,277.0351,277.64917,281.23022
170,2029-03-16,281.83835,283.14993,280.8595
171,2029-04-16,280.88403,280.7065,282.77087
172,2029-05-16,283.9456,284.28113,284.1122
173,2029-06-16,290.171,289.3925,287.26288
174,2029-07-16,290.02472,289.90323,292.5141
175,2029-08-16,290.9227,291.10632,291.71573
176,2029-09-16,290.60614,286.9067,288.16846
177,2029-10-16,287.58078,284.04916,287.51624
178,2029-11-16,283.5108,282.3159,284.36328
179,2029-12-16,281.9193,279.60278,282.00055
180,2030-01-16,279.29184,279.5666,278.88098
181,2030-02-16,280.8816,277.20395,277.8597
182,2030-03-16,279.27774,278.1911,277.84586
183,2030-04-16,281.37808,281.08798,281.78183
184,2030-05-16,285.43036,284.4033,284.94516
185,2030-06-16,289.45276,288.33148,288.30573
186,2030-07-16,292.23233,290.01846,292.4822
187,2030-08-16,291.976,290.5318,291.22437
188,2030-09-16,291.42535,290.19934,291.41736
189,2030-10-16,285.56952,286.34772,286.8076
190,2030-11-16,282.0698,281.78958,283.39902
191,2030-12-16,281.8898,278.39542,280.23795
192,2031-01-16,280.14005,279.84442,278.08386
193,2031-02-16,278.83432,278.54678,277.4005
194,2031-03-16,280.50644,278.82727,279.8755
195,2031-04-16,282.41135,280.07095,282.34488
196,2031-05-16,283.94196,283.1786,285.2676
197,2031-06-16,288.80392,285.98755,287.32278
198,2031-07-16,292.26486,291.56015,291.75522
199,2031-08-16,292.29144,291.88766,290.7981
200,2031-09-16,290.93045,290.6708,287.88776
201,2031-10-16,285.2166,286.24298,285.19525
202,2031-11-16,280.3384,282.02368,282.36133
203,2031-12-16,281.58475,280.38153,279.78384
204,2032-01-16,279.0606,279.515,278.90207
205,2032-02-16,280.04794,276.78333,278.3183
206,2032-03-16,279.69492,279.2731,281.1006
207,2032-04-16,280.9776,281.2341,283.22485
208,2032-05-16,283.34427,285.06104,287.03223
209,2032-06-16,288.73044,289.338,288.60526
210,2032-07-16,292.68124,292.1357,291.52557
211,2032-08-16,291.5628,292.45706,292.96255
212,2032-09-16,289.72205,290.9827,291.05685
213,2032-10-16,287.32828,286.0909,287.9059
214,2032-11-16,282.59692,281.27606,283.96878
215,2032-12-16,280.1217,282.10104,282.24643
216,2033-01-16,277.6188,279.04916,281.05444
217,2033-02-16,279.91116,275.81284,281.93243
218,2033-03-16,279.54922,281.23672,279.3441
219,2033-04-16,283.4716,279.25974,280.64728
220,2033-05-16,283.38498,282.82086,285.40082
221,2033-06-16,289.136,288.17404,290.46246
222,2033-07-16,291.2832,289.66797,291.99832
223,2033-08-16,291.54703,291.16403,291.199
224,2033-09-16,290.50937,289.6399,291.02408
225,2033-10-16,287.9228,287.7308,285.35464
226,2033-11-16,281.74835,282.07938,279.36945
227,2033-12-16,278.75153,280.66354,280.03787
228,2034-01-16,278.90195,280.41925,281.09302
229,2034-02-16,277.13846,279.36896,279.94632
230,2034-03-16,279.4311,281.4064,280.80646
231,2034-04-16,282.59998,282.1707,281.26477
232,2034-05-16,284.70248,287.88672,284.64932
233,2034-06-16,289.28055,289.80295,287.24115
234,2034-07-16,291.8057,293.52325,291.98865
235,2034-08-16,291.74634,291.59775,293.45142
236,2034-09-16,291.1483,290.41116,290.55377
237,2034-10-16,288.27664,287.4665,287.36847
238,2034-11-16,283.4744,282.2972,283.439
239,2034-12-16,280.4131,281.18774,278.854
240,2035-01-16,280.13193,280.75684,278.97562
241,2035-02-16,282.49164,278.61835,278.191
242,2035-03-16,280.7329,281.9303,279.24408
243,2035-04-16,283.22946,282.57547,282.46234
244,2035-05-16,284.81107,285.9379,285.44928
245,2035-06-16,289.18735,287.17847,288.78848
246,2035-07-16,290.5328,292.2017,293.05807
247,2035-08-16,291.2089,292.09583,292.13745
248,2035-09-16,291.95197,291.76553,289.4883
249,2035-10-16,288.49167,288.46246,288.4228
250,2035-11-16,284.27618,283.53033,282.4484
251,2035-12-16,280.68634,282.1458,279.6379
252,2036-01-16,280.7345,279.4279,278.01
253,2036-02-16,278.94043,279.406,277.39694
254,2036-03-16,280.94244,279.29694,280.96988
255,2036-04-16,283.231,280.95547,282.24255
256,2036-05-16,285.5469,285.56366,284.9666
257,2036-06-16,288.4454,289.18594,287.67838
258,2036-07-16,291.84372,291.599,291.33377
259,2036-08-16,292.65604,292.08212,291.4071
260,2036-09-16,292.25845,291.39105,287.94534
261,2036-10-16,289.26755,287.10046,284.1957
262,2036-11-16,283.96332,283.5682,281.56232
263,2036-12-16,281.31403,282.41464,280.525
264,2037-01-16,279.97678,279.80743,279.48285
265,2037-02-16,280.64066,278.24826,279.08972
266,2037-03-16,279.30814,279.88605,280.88913
267,2037-04-16,281.63422,281.05737,280.86246
268,2037-05-16,284.78934,285.02695,284.89706
269,2037-06-16,292.55167,288.42697,289.46838
270,2037-07-16,292.03656,292.42017,292.61618
271,2037-08-16,292.48743,292.76743,292.28168
272,2037-09-16,291.5953,292.32462,289.6423
273,2037-10-16,288.70282,287.06726,286.11234
274,2037-11-16,284.81232,283.2072,281.7641
275,2037-12-16,283.34033,281.23654,280.9609
276,2038-01-16,280.74268,277.75983,279.87286
277,2038-02-16,277.09113,277.73685,278.5754
278,2038-03-16,280.49536,278.7976,279.23068
279,2038-04-16,281.9274,279.30798,282.63715
280,2038-05-16,284.53116,282.2542,286.7692
281,2038-06-16,290.68094,287.43127,288.36096
282,2038-07-16,291.89026,290.37717,290.49347
283,2038-08-16,292.6256,291.3879,291.2968
284,2038-09-16,291.83844,290.91983,289.96817
285,2038-10-16,286.12976,289.47995,284.29697
286,2038-11-16,281.28745,284.10983,281.30658
287,2038-12-16,278.93912,281.71704,281.0503
288,2039-01-16,275.6498,279.65317,280.18246
289,2039-02-16,278.71503,279.65674,282.23807
290,2039-03-16,279.59985,280.83698,281.90186
291,2039-04-16,281.99646,282.6011,284.63495
292,2039-05-16,285.09088,287.8071,285.5818
293,2039-06-16,288.5531,289.16525,287.34042
294,2039-07-16,290.85663,290.95282,292.93225
295,2039-08-16,293.11707,292.92126,291.42395
296,2039-09-16,291.51532,290.2389,292.11627
297,2039-10-16,288.78784,287.02545,288.7074
298,2039-11-16,281.36026,281.9518,284.5589
299,2039-12-16,280.1844,282.79324,281.8699
300,2040-01-16,278.57202,279.66296,280.55566
301,2040-02-16,279.24673,280.15686,279.4063
302,2040-03-16,281.3031,280.65283,280.06354
303,2040-04-16,284.5949,281.3482,281.5472
304,2040-05-16,286.95056,286.08466,284.175
305,2040-06-16,287.57727,288.6385,287.17258
306,2040-07-16,291.29398,291.18427,291.91092
307,2040-08-16,291.16476,292.29086,290.504
308,2040-09-16,291.7632,290.19272,288.95456
309,2040-10-16,287.55594,285.2754,285.98605
310,2040-11-16,283.36078,282.6636,283.57422
311,2040-12-16,281.4533,281.9615,281.37503
312,2041-01-16,277.74185,281.27258,278.81808
313,2041-02-16,279.84497,279.37103,278.46042
314,2041-03-16,279.46472,282.77954,280.98196
315,2041-04-16,280.17175,284.18546,282.1606
316,2041-05-16,284.7505,285.57034,283.81985
317,2041-06-16,287.99585,288.35056,286.1623
318,2041-07-16,291.06607,292.38583,291.3269
319,2041-08-16,292.1394,293.21292,293.42764
320,2041-09-16,289.748,292.3588,291.8903
321,2041-10-16,285.21405,287.89783,287.58896
322,2041-11-16,279.73917,284.5954,284.11758
323,2041-12-16,279.27597,281.9207,281.5302
324,2042-01-16,280.39716,281.78345,280.32346
325,2042-02-16,280.3104,280.32364,279.7106
326,2042-03-16,280.76782,280.55185,280.79324
327,2042-04-16,282.92725,283.5521,282.50708
328,2042-05-16,286.13913,287.00583,285.41586
329,2042-06-16,287.8359,290.62003,290.00272
330,2042-07-16,290.4078,291.0021,289.61768
331,2042-08-16,292.0712,293.128,292.7084
332,2042-09-16,289.8773,293.28995,292.03787
333,2042-10-16,285.23138,287.92596,288.4144
334,2042-11-16,282.5277,282.85388,284.14413
335,2042-12-16,282.02057,282.35272,280.83133
336,2043-01-16,277.1924,279.8824,278.98877
337,2043-02-16,276.5712,279.07855,278.6778
338,2043-03-16,279.26633,277.57022,278.1715
339,2043-04-16,280.5424,280.50348,280.94568
340,2043-05-16,283.4422,284.68298,286.24136
341,2043-06-16,288.209,289.34528,291.1984
342,2043-07-16,292.6963,291.53183,291.16928
343,2043-08-16,291.9614,291.4737,290.22946
344,2043-09-16,289.78967,290.62595,290.42014
345,2043-10-16,286.43423,285.5123,286.06537
346,2043-11-16,284.29507,283.20895,281.53876
347,2043-12-16,281.38678,280.99683,281.8735
348,2044-01-16,280.45267,281.18378,281.29306
349,2044-02-16,281.36182,280.9646,279.72055
350,2044-03-16,281.8953,280.9216,279.84125
351,2044-04-16,282.12592,283.42358,282.08118
352,2044-05-16,284.79877,284.96225,285.414
353,2044-06-16,290.80215,288.64612,288.62225
354,2044-07-16,290.33096,292.4237,292.56458
355,2044-08-16,293.30832,291.1053,291.2923
356,2044-09-16,291.54977,289.16583,291.2319
357,2044-10-16,286.92072,287.88977,289.416
358,2044-11-16,281.89496,282.46274,283.60913
359,2044-12-16,281.7376,281.86948,280.4233
360,2045-01-16,280.21298,279.91794,281.06613
361,2045-02-16,277.27402,280.32364,277.7305
362,2045-03-16,280.6513,280.6359,280.4987
363,2045-04-16,283.10107,282.06894,282.4829
364,2045-05-16,285.1811,283.05225,284.5231
365,2045-06-16,289.42395,288.57135,288.9466
366,2045-07-16,290.94296,291.0452,294.18753
367,2045-08-16,291.79318,292.18216,292.89154
368,2045-09-16,290.4853,290.85352,290.06357
369,2045-10-16,287.04498,286.6062,286.08322
370,2045-11-16,283.01596,281.21072,281.56036
371,2045-12-16,278.50726,279.69376,280.40176
372,2046-01-16,281.0188,275.5499,280.55612
373,2046-02-16,279.88452,276.83954,280.69794
374,2046-03-16,280.36182,278.69955,279.41342
375,2046-04-16,282.96652,281.6047,281.50656
376,2046-05-16,284.89703,282.9098,285.557
377,2046-06-16,289.62537,288.84558,288.40515
378,2046-07-16,291.2823,292.2259,290.04526
379,2046-08-16,294.29544,291.9412,290.84985
380,2046-09-16,289.03284,291.23975,291.47318
381,2046-10-16,287.55212,287.13602,288.89215
382,2046-11-16,282.82083,284.297,282.52603
383,2046-12-16,278.75372,280.67532,280.17163
384,2047-01-16,277.30215,280.97528,277.50058
385,2047-02-16,277.2568,278.63968,279.1972
386,2047-03-16,281.8941,280.15762,278.60397
387,2047-04-16,282.1569,283.9794,279.3612
388,2047-05-16,284.71747,286.7573,283.79834
389,2047-06-16,286.95114,289.65387,289.6563
390,2047-07-16,290.71436,292.3327,290.342
391,2047-08-16,291.65857,293.04352,292.10977
392,2047-09-16,292.138,289.77875,291.60754
393,2047-10-16,287.5212,288.8357,287.8388
394,2047-11-16,284.6039,283.88403,283.4386
395,2047-12-16,282.1931,283.56686,281.27863
396,2048-01-16,279.0749,281.89255,281.21118
397,2048-02-16,281.35913,281.89685,280.67447
398,2048-03-16,283.39413,281.33243,279.60925
399,2048-04-16,283.36707,284.16635,280.01672
400,2048-05-16,287.64282,285.8882,284.4338
401,2048-06-16,290.5487,290.83548,289.29062
402,2048-07-16,292.49164,292.11932,291.10754
403,2048-08-16,291.48233,293.80032,290.77673
404,2048-09-16,291.76123,292.15018,290.19403
405,2048-10-16,286.8168,289.93576,285.51767
406,2048-11-16,283.01236,283.633,283.4543
407,2048-12-16,281.76978,282.7307,279.4395
408,2049-01-16,279.0153,279.32397,279.24603
409,2049-02-16,279.36917,278.1888,279.76102
410,2049-03-16,280.64594,280.01404,281.33508
411,2049-04-16,281.86493,282.3509,280.94232
412,2049-05-16,285.38126,286.29312,285.35812
413,2049-06-16,291.05408,289.67325,287.98972
414,2049-07-16,292.48724,293.08344,291.98764
415,2049-08-16,293.16068,292.8528,292.29028
416,2049-09-16,292.7855,289.56085,290.97443
417,2049-10-16,289.2541,287.9451,285.5927
418,2049-11-16,284.15564,283.55365,282.19135
419,2049-12-16,280.60327,281.3759,278.8608
420,2050-01-16,280.26443,281.2115,277.31256
421,2050-02-16,281.53867,279.5549,279.1139
422,2050-03-16,280.67548,280.12497,279.9804
423,2050-04-16,282.17224,282.83893,281.02304
424,2050-05-16,283.8164,284.92654,283.5868
425,2050-06-16,292.1438,289.8312,286.56537
426,2050-07-16,292.42587,293.28796,291.84515
427,2050-08-16,291.20752,292.79303,290.84225
428,2050-09-16,292.36615,292.15533,289.6239
429,2050-10-16,288.1462,287.6907,285.35117
430,2050-11-16,283.50284,285.7947,283.06094
431,2050-12-16,278.80106,279.7183,281.0196
432,2051-01-16,278.5755,282.64853,278.84262
433,2051-02-16,280.03073,280.64386,281.1566
434,2051-03-16,279.1902,281.7304,281.60413
435,2051-04-16,282.24982,283.64398,284.0047
436,2051-05-16,285.01645,286.25748,286.94922
437,2051-06-16,290.4417,289.68665,290.05228
438,2051-07-16,291.8882,292.19165,292.55893
439,2051-08-16,291.77924,292.93576,294.5408
440,2051-09-16,291.7663,290.6764,290.65308
441,2051-10-16,286.47583,285.45502,288.27628
442,2051-11-16,282.73413,283.1499,283.5244
443,2051-12-16,282.11533,281.65048,281.59985
444,2052-01-16,280.55597,280.05493,280.4174
445,2052-02-16,280.14203,281.60385,276.92972
446,2052-03-16,280.61624,280.55075,278.27948
447,2052-04-16,284.90704,282.43625,283.983
448,2052-05-16,284.83353,286.29523,284.3997
449,2052-06-16,288.38678,288.7307,288.0236
450,2052-07-16,291.6834,292.65286,289.56497
451,2052-08-16,293.09415,292.3449,291.34576
452,2052-09-16,291.52515,288.23495,292.03812
453,2052-10-16,288.82016,285.99817,289.04257
454,2052-11-16,284.4944,283.4146,283.88965
455,2052-12-16,282.10034,280.96384,280.9668
456,2053-01-16,280.5277,279.85364,278.64542
457,2053-02-16,281.78265,278.27252,279.15585
458,2053-03-16,282.08414,282.43323,281.28864
459,2053-04-16,286.2462,283.2056,282.7059
460,2053-05-16,286.68378,285.9026,283.5429
461,2053-06-16,290.0342,289.63202,286.09763
462,2053-07-16,293.87222,291.81226,289.67877
463,2053-08-16,293.1281,292.27045,292.4024
464,2053-09-16,292.27557,290.12878,290.2915
465,2053-10-16,287.3269,286.40982,287.2311
466,2053-11-16,283.80933,282.733,281.81534
467,2053-12-16,280.9312,280.30896,282.1376
468,2054-01-16,279.8507,280.0414,279.19403
469,2054-02-16,282.53888,278.7295,279.45016
470,2054-03-16,281.70245,281.9381,280.01974
471,2054-04-16,283.32486,280.7566,283.3766
472,2054-05-16,287.00204,285.49695,286.81143
473,2054-06-16,289.96555,289.59973,289.32306
474,2054-07-16,291.0212,292.29456,292.35605
475,2054-08-16,292.2824,292.4298,293.3175
476,2054-09-16,292.84857,292.85986,291.16898
477,2054-10-16,286.88763,288.741,289.0847
478,2054-11-16,283.11105,282.5149,282.98618
479,2054-12-16,282.47778,282.2265,281.1788
480,2055-01-16,281.31613,280.06982,279.04672
481,2055-02-16,280.4802,277.03882,280.68747
482,2055-03-16,280.55548,280.94608,279.85187
483,2055-04-16,282.16605,282.58347,280.8549
484,2055-05-16,287.08676,286.56818,285.98398
485,2055-06-16,289.3202,290.02786,288.3731
486,2055-07-16,291.72006,291.83093,292.35883
487,2055-08-16,291.16287,292.72607,291.9344
488,2055-09-16,291.35153,291.31622,290.86652
489,2055-10-16,286.77103,288.48373,287.6956
490,2055-11-16,283.1005,283.55405,285.1482
491,2055-12-16,281.63712,279.0074,280.60614
492,2056-01-16,281.79843,279.92004,279.58035
493,2056-02-16,281.0115,277.94394,279.0271
494,2056-03-16,280.63144,279.24545,280.84088
495,2056-04-16,281.29837,283.03723,283.36847
496,2056-05-16,285.1966,285.53076,286.14127
497,2056-06-16,287.9127,290.39838,290.9738
498,2056-07-16,291.48654,293.39276,291.28305
499,2056-08-16,293.2682,293.51758,292.1798
500,2056-09-16,291.94855,292.22723,290.94617
501,2056-10-16,287.17947,287.42877,288.0538
502,2056-11-16,284.42908,282.78464,283.47626
503,2056-12-16,280.7425,280.6499,279.33054
504,2057-01-16,280.65677,281.20462,280.96426
505,2057-02-16,278.71957,280.66086,278.74203
506,2057-03-16,278.8546,281.2445,280.307
507,2057-04-16,281.8327,283.14978,282.0756
508,2057-05-16,285.92603,285.78516,285.782
509,2057-06-16,289.57843,290.68823,289.8955
510,2057-07-16,291.69302,291.15463,294.4216
511,2057-08-16,292.4968,292.09927,292.84485
512,2057-09-16,291.49023,292.4186,291.15314
513,2057-10-16,287.05026,288.72278,286.8027
514,2057-11-16,283.9026,281.70697,281.13586
515,2057-12-16,281.8492,281.944,282.51212
516,2058-01-16,281.36902,279.64496,282.80545
517,2058-02-16,279.01404,282.3935,281.14523
518,2058-03-16,280.5459,280.51456,282.42245
519,2058-04-16,282.13867,282.80444,286.29504
520,2058-05-16,284.29404,285.15924,286.12866
521,2058-06-16,289.11627,288.63452,290.8783
522,2058-07-16,293.43472,294.3281,292.7535
523,2058-08-16,292.41412,293.34,294.75537
524,2058-09-16,292.32172,291.0823,292.35223
525,2058-10-16,287.25354,286.17474,286.0739
526,2058-11-16,281.96988,279.78485,283.80475
527,2058-12-16,280.66614,278.47684,282.2336
528,2059-01-16,278.98587,278.2109,281.09543
529,2059-02-16,281.55966,278.6648,280.2477
530,2059-03-16,280.19754,278.98398,279.75613
531,2059-04-16,281.14642,278.96445,283.28403
532,2059-05-16,284.6298,285.4374,286.57047
533,2059-06-16,289.5923,289.00116,288.5669
534,2059-07-16,292.85098,292.0475,290.8869
535,2059-08-16,292.2931,292.16678,291.96542
536,2059-09-16,293.10983,291.2518,293.29028
537,2059-10-16,288.497,287.24448,287.0562
538,2059-11-16,283.72562,282.998,284.60358
539,2059-12-16,282.63904,282.17587,279.70084
540,2060-01-16,279.94406,277.85626,280.0891
541,2060-02-16,279.80426,281.14697,280.1318
542,2060-03-16,280.73898,281.69925,282.07587
543,2060-04-16,282.4511,282.905,285.83984
544,2060-05-16,287.71426,286.18378,289.262
545,2060-06-16,290.56897,290.16928,292.423
546,2060-07-16,292.38593,292.29044,291.92087
547,2060-08-16,294.2428,291.85382,294.5652
548,2060-09-16,290.05225,290.15442,291.3308
549,2060-10-16,288.6261,286.76614,285.57874
550,2060-11-16,283.0247,284.1313,282.85254
551,2060-12-16,280.61514,280.04617,281.87024
552,2061-01-16,279.41745,278.66672,282.39392
553,2061-02-16,279.26633,277.37827,278.94626
554,2061-03-16,279.34995,281.11127,280.4373
555,2061-04-16,280.76718,282.4818,282.63684
556,2061-05-16,283.91022,284.406,285.52936
557,2061-06-16,289.53235,289.33517,288.7285
558,2061-07-16,292.3767,292.37262,292.3697
559,2061-08-16,291.78543,293.4777,293.52127
560,2061-09-16,290.654,290.53592,292.3303
561,2061-10-16,285.68597,288.20297,288.94034
562,2061-11-16,283.78818,283.3128,284.4251
563,2061-12-16,281.9308,280.58752,282.18655
564,2062-01-16,280.31976,279.36133,281.0031
565,2062-02-16,279.91623,277.97256,279.21155
566,2062-03-16,281.12088,277.85663,281.1562
567,2062-04-16,284.38437,281.6181,281.748
568,2062-05-16,284.60953,284.70166,286.12534
569,2062-06-16,288.07306,287.8272,288.96457
570,2062-07-16,292.29617,291.49774,292.88763
571,2062-08-16,294.30847,292.02457,292.74582
572,2062-09-16,290.86917,290.85208,292.5086
573,2062-10-16,286.9543,288.1202,288.9048
574,2062-11-16,283.57462,282.40628,285.56052
575,2062-12-16,282.11652,279.38123,281.58237
576,2063-01-16,280.10278,279.33133,282.01224
577,2063-02-16,275.86755,279.96628,281.5667
578,2063-03-16,278.2563,278.78296,281.1469
579,2063-04-16,280.60443,281.98743,282.73706
580,2063-05-16,284.727,285.23825,287.20447
581,2063-06-16,289.00342,288.9909,290.38528
582,2063-07-16,291.21442,291.1037,292.5015
583,2063-08-16,290.82468,291.97552,293.42953
584,2063-09-16,290.4302,291.18774,291.73923
585,2063-10-16,285.90182,286.6622,289.02338
586,2063-11-16,283.7704,282.34567,283.24
587,2063-12-16,280.18405,279.78134,282.49863
588,2064-01-16,280.008,278.81168,280.16324
589,2064-02-16,279.5575,281.68286,278.27863
590,2064-03-16,280.0795,281.3787,279.54294
591,2064-04-16,281.96664,282.4838,283.42
592,2064-05-16,285.195,286.6972,285.7621
593,2064-06-16,290.54135,290.22153,291.12628
594,2064-07-16,292.196,292.3842,293.86087
595,2064-08-16,294.16357,295.5193,293.19238
596,2064-09-16,291.63672,290.32327,291.24142
597,2064-10-16,287.9575,287.65546,287.45227
598,2064-11-16,283.72955,283.03488,284.54483
599,2064-12-16,281.94125,282.29498,282.27597
600,2065-01-16,279.81427,279.76956,279.343
601,2065-02-16,280.57443,279.25394,280.60126
602,2065-03-16,278.89105,281.38516,280.9609
603,2065-04-16,284.46463,281.11282,281.93686
604,2065-05-16,285.54977,285.15274,283.50897
605,2065-06-16,288.10065,289.19168,289.1298
606,2065-07-16,292.80704,292.05078,292.4813
607,2065-08-16,293.17548,292.3466,292.11725
608,2065-09-16,290.67892,292.20804,289.93723
609,2065-10-16,288.05054,285.82758,286.52002
610,2065-11-16,281.75177,283.13837,283.28107
611,2065-12-16,279.4959,281.66037,280.50638
612,2066-01-16,278.34515,277.6682,280.8527
613,2066-02-16,277.82843,280.52997,280.4932
614,2066-03-16,280.7254,281.33896,278.0256
615,2066-04-16,281.115,283.23093,280.8963
616,2066-05-16,284.88797,285.92838,284.6085
617,2066-06-16,288.53122,290.3043,288.31192
618,2066-07-16,293.40332,292.93546,292.56784
619,2066-08-16,293.81384,291.57916,291.92096
620,2066-09-16,291.3078,290.72314,291.40305
621,2066-10-16,285.52756,288.6704,286.7262
622,2066-11-16,282.22668,285.17728,282.31946
623,2066-12-16,282.56366,280.7475,281.78735
624,2067-01-16,281.9602,279.48068,279.53723
625,2067-02-16,279.756,278.66458,281.34012
626,2067-03-16,282.33548,281.03055,280.93033
627,2067-04-16,285.87814,281.95764,283.6249
628,2067-05-16,287.30237,285.90137,283.4736
629,2067-06-16,291.24478,289.56186,289.46567
630,2067-07-16,294.31104,291.91736,291.7311
631,2067-08-16,293.35156,291.87073,292.3036
632,2067-09-16,290.5879,289.98404,289.8049
633,2067-10-16,285.75742,286.39288,286.34723
634,2067-11-16,283.38055,284.7744,283.71005
635,2067-12-16,281.93784,281.92578,282.08496
636,2068-01-16,280.80038,280.5882,279.55188
637,2068-02-16,279.93768,279.13486,279.7467
638,2068-03-16,282.4105,280.44717,279.7917
639,2068-04-16,282.37198,283.12634,281.46628
640,2068-05-16,286.30017,285.70526,284.2333
641,2068-06-16,289.15427,291.2513,288.4641
642,2068-07-16,292.72913,292.2745,293.0036
643,2068-08-16,292.98264,291.4487,292.92126
644,2068-09-16,291.30203,290.50192,291.08414
645,2068-10-16,285.55066,287.30084,287.48755
646,2068-11-16,282.19553,284.39563,283.04547
647,2068-12-16,280.3957,281.2719,283.20306
648,2069-01-16,280.63266,280.4376,279.75742
649,2069-02-16,282.6861,279.45206,279.49026
650,2069-03-16,279.49844,281.26547,280.38712
651,2069-04-16,282.7879,281.3878,281.58942
652,2069-05-16,284.88983,285.22815,285.75412
653,2069-06-16,288.6282,288.44067,289.2846
654,2069-07-16,291.46848,291.97034,292.0746
655,2069-08-16,292.5074,291.20215,291.1855
656,2069-09-16,291.08405,291.48535,291.8699
657,2069-10-16,284.8192,287.48254,286.8054
658,2069-11-16,283.50208,284.15256,286.07
659,2069-12-16,282.8606,282.34552,281.9485
660,2070-01-16,279.5903,281.32065,282.14285
661,2070-02-16,279.1507,278.36526,280.07782
662,2070-03-16,279.02997,280.95438,279.72253
663,2070-04-16,281.11572,281.62164,282.55453
664,2070-05-16,287.91678,284.28876,285.04974
665,2070-06-16,289.3132,289.71417,288.26807
666,2070-07-16,294.37085,293.1752,291.39053
667,2070-08-16,293.36856,292.7354,291.87375
668,2070-09-16,292.46628,290.6617,290.59558
669,2070-10-16,288.12906,286.04358,286.71634
670,2070-11-16,283.55148,281.84,281.47223
671,2070-12-16,282.7118,283.31796,279.73187
672,2071-01-16,280.64758,281.23404,278.34106
673,2071-02-16,280.82422,281.17627,279.38458
674,2071-03-16,281.945,279.9789,282.4087
675,2071-04-16,282.7727,282.57175,284.01907
676,2071-05-16,287.94992,284.56866,285.7695
677,2071-06-16,292.12796,288.50366,289.8714
678,2071-07-16,295.83035,292.73718,293.2375
679,2071-08-16,295.2484,292.04172,293.38922
680,2071-09-16,290.38403,291.63538,292.32532
681,2071-10-16,287.2094,288.36685,289.0918
682,2071-11-16,286.4449,282.7139,283.6899
683,2071-12-16,282.0504,281.63702,281.15433
684,2072-01-16,281.18317,279.41122,280.94583
685,2072-02-16,279.7651,279.393,276.7156
686,2072-03-16,280.30258,279.96732,279.64825
687,2072-04-16,281.33154,282.87924,280.64728
688,2072-05-16,286.18622,285.29355,284.5336
689,2072-06-16,290.7446,289.95496,287.8795
690,2072-07-16,293.49292,293.7811,293.5913
691,2072-08-16,293.32086,294.711,292.39215
692,2072-09-16,292.8283,292.3659,290.5598
693,2072-10-16,287.41507,287.60983,287.82336
694,2072-11-16,284.5277,283.903,284.87418
695,2072-12-16,281.34564,282.8285,280.8439
696,2073-01-16,279.2518,281.70773,279.5815
697,2073-02-16,280.83316,280.10397,279.5264
698,2073-03-16,279.89157,282.2851,281.12912
699,2073-04-16,283.8914,285.50845,281.31522
700,2073-05-16,288.26984,287.26123,287.76025
701,2073-06-16,289.00558,290.79056,290.0768
702,2073-07-16,292.2569,293.57288,292.3594
703,2073-08-16,291.68613,293.21848,293.5395
704,2073-09-16,291.48697,291.2586,290.19733
705,2073-10-16,288.09763,287.32544,288.12457
706,2073-11-16,285.61713,283.94748,283.7514
707,2073-12-16,282.22446,282.66507,281.5521
708,2074-01-16,280.57062,281.64755,278.99185
709,2074-02-16,280.34982,279.77414,278.9097
710,2074-03-16,282.30487,281.2085,279.75986
711,2074-04-16,283.14157,282.21088,281.63132
712,2074-05-16,285.71576,284.44366,285.1907
713,2074-06-16,290.31256,290.33847,289.31772
714,2074-07-16,292.71432,293.75735,292.35184
715,2074-08-16,293.608,293.90494,291.20422
716,2074-09-16,289.9064,291.05148,290.788
717,2074-10-16,288.44565,290.06836,287.0221
718,2074-11-16,285.37955,282.8205,283.75046
719,2074-12-16,281.22266,280.7423,281.47815
720,2075-01-16,277.85736,282.2236,281.29962
721,2075-02-16,279.71036,279.35345,278.79785
722,2075-03-16,280.56778,280.3178,281.2076
723,2075-04-16,284.57162,281.3524,285.05817
724,2075-05-16,283.98593,284.58426,286.62415
725,2075-06-16,289.10767,288.0171,287.51532
726,2075-07-16,293.26413,291.7241,290.0912
727,2075-08-16,293.4075,291.6879,293.243
728,2075-09-16,290.69727,293.27292,292.56955
729,2075-10-16,287.7468,286.86356,288.62405
730,2075-11-16,284.24625,283.9133,285.08856
731,2075-12-16,280.3439,281.8042,283.26047
732,2076-01-16,280.98615,280.61902,281.4399
733,2076-02-16,280.2126,281.3186,281.0907
734,2076-03-16,281.77847,281.0521,280.46722
735,2076-04-16,284.04587,284.02295,283.9646
736,2076-05-16,287.56186,285.9484,288.11053
737,2076-06-16,290.76868,290.67444,289.99185
738,2076-07-16,293.75293,293.08725,291.62537
739,2076-08-16,293.13177,293.46762,293.86484
740,2076-09-16,292.16345,291.90378,291.0599
741,2076-10-16,287.52316,287.9232,286.48608
742,2076-11-16,283.07544,285.23245,283.98026
743,2076-12-16,278.84964,281.344,282.18436
744,2077-01-16,281.6225,280.4277,280.89566
745,2077-02-16,279.82895,279.7848,279.97287
746,2077-03-16,281.80493,280.57428,279.02734
747,2077-04-16,280.7583,284.26517,281.80246
748,2077-05-16,285.21854,287.0863,284.61905
749,2077-06-16,290.47092,291.05444,290.27365
750,2077-07-16,291.41504,292.72852,292.545
751,2077-08-16,292.2655,292.75888,292.89548
752,2077-09-16,290.2649,292.87732,292.45227
753,2077-10-16,287.39554,286.17627,286.08728
754,2077-11-16,283.51645,284.07635,283.16537
755,2077-12-16,282.60892,281.3021,282.1136
756,2078-01-16,281.5589,280.5462,281.18124
757,2078-02-16,281.86523,282.1218,280.51816
758,2078-03-16,281.07385,281.33234,280.75888
759,2078-04-16,284.45874,280.9295,283.58746
760,2078-05-16,287.9691,283.73334,286.87875
761,2078-06-16,287.8814,290.28952,291.6295
762,2078-07-16,292.58817,293.30185,294.059
763,2078-08-16,291.93478,293.20206,294.081
764,2078-09-16,291.24634,291.80887,292.0383
765,2078-10-16,285.90002,287.66586,287.12744
766,2078-11-16,283.93726,285.3816,284.933
767,2078-12-16,280.7413,283.01038,282.0441
768,2079-01-16,280.8553,281.77652,280.2068
769,2079-02-16,278.6051,281.4182,280.5032
770,2079-03-16,281.46817,282.19156,280.20578
771,2079-04-16,282.61813,283.5035,283.2215
772,2079-05-16,288.6398,287.90247,285.20923
773,2079-06-16,291.57608,289.2463,287.46585
774,2079-07-16,293.2083,292.89728,291.74976
775,2079-08-16,292.90686,293.64346,293.084
776,2079-09-16,291.49826,290.96033,291.66016
777,2079-10-16,288.30212,289.69147,286.46927
778,2079-11-16,283.75934,283.99847,283.66815
779,2079-12-16,281.09033,284.64655,281.50232
780,2080-01-16,278.46475,281.77127,278.9834
781,2080-02-16,279.82867,280.5654,280.44144
782,2080-03-16,280.49744,283.35178,280.27664
783,2080-04-16,284.10303,283.16083,283.6186
784,2080-05-16,287.11295,285.61264,287.031
785,2080-06-16,290.146,290.99652,289.08633
786,2080-07-16,292.01767,292.79248,291.73477
787,2080-08-16,293.95483,293.91556,292.04636
788,2080-09-16,290.88123,292.73334,290.78122
789,2080-10-16,289.455,289.6076,285.34247
790,2080-11-16,283.50772,285.89703,285.01776
791,2080-12-16,282.9956,283.24347,282.27106
792,2081-01-16,278.81656,281.94553,280.7879
793,2081-02-16,282.22787,280.17,280.0447
794,2081-03-16,281.5265,280.86206,279.80066
795,2081-04-16,283.90646,285.83694,284.60617
796,2081-05-16,285.6908,286.14352,285.07205
797,2081-06-16,291.20178,291.14334,287.8037
798,2081-07-16,292.89227,293.7112,291.2701
799,2081-08-16,293.6368,293.68,292.5029
800,2081-09-16,291.33652,291.39395,293.2805
801,2081-10-16,287.85767,289.1445,290.53748
802,2081-11-16,283.95126,285.3401,283.07483
803,2081-12-16,281.41998,282.82687,281.75092
804,2082-01-16,279.75555,281.72842,280.89682
805,2082-02-16,280.87027,281.49744,281.39355
806,2082-03-16,280.3056,283.4455,282.1099
807,2082-04-16,281.57925,284.29596,282.3876
808,2082-05-16,285.61584,286.57037,288.41367
809,2082-06-16,291.10876,290.13004,289.62457
810,2082-07-16,294.20343,292.41336,291.96982
811,2082-08-16,294.2328,293.69656,293.21213
812,2082-09-16,293.34027,293.0241,291.02545
813,2082-10-16,288.26294,287.39294,288.12097
814,2082-11-16,285.89413,284.1447,284.22635
815,2082-12-16,283.49582,282.77084,278.99124
816,2083-01-16,279.09995,280.2643,279.77814
817,2083-02-16,279.2411,281.27756,281.46265
818,2083-03-16,281.50018,281.41028,281.62616
819,2083-04-16,285.00638,286.4779,284.05112
820,2083-05-16,286.37454,285.26645,285.17908
821,2083-06-16,291.3617,289.69702,290.6209
822,2083-07-16,295.257,292.322,293.8374
823,2083-08-16,293.7451,293.31778,294.68454
824,2083-09-16,293.30048,290.5167,293.66473
825,2083-10-16,287.5757,286.9907,287.88934
826,2083-11-16,281.74478,283.27505,284.2044
827,2083-12-16,283.6658,281.82886,282.50833
828,2084-01-16,281.92825,279.46396,281.35178
829,2084-02-16,279.12445,281.02423,281.48523
830,2084-03-16,281.21457,282.69635,281.67944
831,2084-04-16,283.8796,283.91397,285.41833
832,2084-05-16,285.6303,288.2193,286.7344
833,2084-06-16,289.4162,290.66177,289.89587
834,2084-07-16,291.93613,292.10236,294.5374
835,2084-08-16,292.19128,294.36057,294.0402
836,2084-09-16,291.335,292.6415,292.51025
837,2084-10-16,288.50272,285.1445,287.94232
838,2084-11-16,284.91412,283.8662,283.0192
839,2084-12-16,282.01025,283.51978,282.05786
840,2085-01-16,281.6942,278.95065,282.23264
841,2085-02-16,279.64178,279.78806,281.7417
842,2085-03-16,279.7516,281.8373,282.11685
843,2085-04-16,283.30078,283.15796,282.2083
844,2085-05-16,285.61124,285.63422,283.86237
845,2085-06-16,290.40057,290.8667,290.21506
846,2085-07-16,291.7948,293.89197,293.53745
847,2085-08-16,292.41345,293.58914,294.0169
848,2085-09-16,291.56674,291.05078,292.978
849,2085-10-16,288.49576,286.9232,290.3335
850,2085-11-16,283.20837,285.57666,285.32034
851,2085-12-16,280.87494,281.3389,281.51486
852,2086-01-16,282.05078,281.12433,281.91226
853,2086-02-16,280.7968,282.10498,281.66098
854,2086-03-16,281.0233,283.97382,281.40652
855,2086-04-16,282.201,283.7041,282.69955
856,2086-05-16,288.3051,286.07718,286.70892
857,2086-06-16,290.8009,290.43466,289.4046
858,2086-07-16,293.75415,291.3429,292.63763
859,2086-08-16,294.16702,294.5309,293.80707
860,2086-09-16,291.9599,290.76096,290.47427
861,2086-10-16,288.43155,289.10544,286.93567
862,2086-11-16,284.34558,284.62778,284.75607
863,2086-12-16,282.3995,281.83243,281.7775
864,2087-01-16,280.98468,280.90744,278.4998
865,2087-02-16,282.153,281.52924,279.81042
866,2087-03-16,282.4132,282.73297,280.02197
867,2087-04-16,283.60284,283.37057,283.2013
868,2087-05-16,284.77524,287.9083,287.42404
869,2087-06-16,288.55295,289.54285,290.32996
870,2087-07-16,290.95404,292.7158,293.20517
871,2087-08-16,294.35522,293.88333,294.05145
872,2087-09-16,292.60736,294.1929,293.11716
873,2087-10-16,286.72977,289.76425,288.93
874,2087-11-16,284.0431,284.3538,284.62216
875,2087-12-16,283.52588,283.87155,280.55054
876,2088-01-16,282.285,281.66086,278.78732
877,2088-02-16,281.07272,280.61426,281.31873
878,2088-03-16,281.5889,281.85504,280.60388
879,2088-04-16,283.50842,283.8601,282.28885
880,2088-05-16,287.79697,287.50848,283.79016
881,2088-06-16,291.31345,290.96674,288.52386
882,2088-07-16,293.99777,292.69278,292.37906
883,2088-08-16,293.97537,293.29916,293.61993
884,2088-09-16,293.26117,292.3595,290.70758
885,2088-10-16,288.84726,287.60275,287.8321
886,2088-11-16,283.89407,284.0084,284.77103
887,2088-12-16,282.6802,281.2356,280.1527
888,2089-01-16,278.63403,279.89886,280.379
889,2089-02-16,281.0809,280.98892,279.09006
890,2089-03-16,279.438,280.69653,281.9545
891,2089-04-16,281.29572,283.9976,283.53244
892,2089-05-16,284.75818,285.7105,286.60544
893,2089-06-16,286.94165,290.0491,289.9863
894,2089-07-16,290.3984,293.8727,293.16757
895,2089-08-16,291.824,294.18683,295.0404
896,2089-09-16,290.5704,291.04697,292.02832
897,2089-10-16,287.76794,286.8604,289.60532
898,2089-11-16,284.67133,283.46597,285.51318
899,2089-12-16,281.45407,281.95538,283.11365
900,2090-01-16,281.3304,280.47913,280.3329
901,2090-02-16,280.24384,280.88608,281.5384
902,2090-03-16,280.69513,281.92145,281.86545
903,2090-04-16,283.1291,282.80023,282.77032
904,2090-05-16,287.32852,285.98462,287.13083
905,2090-06-16,291.83154,290.34985,292.8848
906,2090-07-16,294.2094,294.14542,293.97803
907,2090-08-16,293.6324,294.4167,292.93985
908,2090-09-16,292.29315,291.6857,291.7336
909,2090-10-16,287.4215,288.93558,289.09802
910,2090-11-16,285.27936,283.12085,283.78235
911,2090-12-16,282.87115,280.50595,283.04144
912,2091-01-16,282.1498,280.02527,279.94803
913,2091-02-16,280.4162,280.57028,280.03525
914,2091-03-16,283.0006,281.2454,282.48535
915,2091-04-16,285.48224,281.34332,285.33026
916,2091-05-16,287.79095,284.14938,285.86
917,2091-06-16,291.1426,289.24387,288.86072
918,2091-07-16,294.5685,293.88614,292.46085
919,2091-08-16,292.4329,294.46234,293.8499
920,2091-09-16,289.6896,293.91702,292.52106
921,2091-10-16,288.53793,288.85757,286.56848
922,2091-11-16,284.2153,285.86395,285.78342
923,2091-12-16,282.72787,281.99695,284.06076
924,2092-01-16,280.5664,281.67007,279.85245
925,2092-02-16,282.29987,281.06064,280.0633
926,2092-03-16,281.45792,281.98834,281.6404
927,2092-04-16,284.06158,283.13947,284.8225
928,2092-05-16,284.73907,288.51785,287.7705
929,2092-06-16,289.02594,289.61328,293.62714
930,2092-07-16,294.46298,293.3064,295.7431
931,2092-08-16,294.75574,292.69952,294.25302
932,2092-09-16,292.4949,291.28793,291.65308
933,2092-10-16,290.03503,287.15866,288.91272
934,2092-11-16,284.13147,284.56143,283.74597
935,2092-12-16,283.09836,281.974,283.045
936,2093-01-16,280.21246,281.82028,280.10532
937,2093-02-16,279.6398,281.81158,280.79422
938,2093-03-16,282.64694,281.5282,280.6429
939,2093-04-16,283.87772,283.99557,284.18152
940,2093-05-16,286.47833,286.76428,285.34103
941,2093-06-16,291.7706,290.44678,290.64645
942,2093-07-16,294.00528,294.3415,293.93665
943,2093-08-16,294.26462,292.97382,294.99316
944,2093-09-16,292.5975,291.43185,294.7442
945,2093-10-16,288.64346,287.30475,289.0794
946,2093-11-16,284.72836,282.1997,284.46796
947,2093-12-16,282.36798,281.59668,284.7267
948,2094-01-16,280.87726,281.0973,282.32684
949,2094-02-16,282.01367,280.04758,278.81662
950,2094-03-16,280.79218,282.45572,280.24155
951,2094-04-16,283.26776,284.23608,282.56866
952,2094-05-16,285.7808,285.36496,285.60498
953,2094-06-16,291.17578,290.4739,288.89786
954,2094-07-16,293.97043,291.40323,294.35065
955,2094-08-16,295.4262,292.7528,293.97327
956,2094-09-16,293.9683,291.9143,292.78702
957,2094-10-16,290.70975,286.82883,288.99075
958,2094-11-16,285.7081,284.3201,285.0001
959,2094-12-16,284.1302,283.47733,282.3044
960,2095-01-16,280.72,282.31253,279.69824
961,2095-02-16,278.51898,281.2301,280.1774
962,2095-03-16,279.8315,280.22226,282.52228
963,2095-04-16,285.65802,282.6332,284.996
964,2095-05-16,287.91696,285.10727,287.9022
965,2095-06-16,292.0922,289.1759,292.62082
966,2095-07-16,294.4634,292.58243,293.74927
967,2095-08-16,294.89157,293.54675,293.5019
968,2095-09-16,293.5056,292.4097,293.25296
969,2095-10-16,289.39664,289.56015,290.42276
970,2095-11-16,283.00702,286.43225,284.60626
971,2095-12-16,282.83984,284.06635,281.37097
972,2096-01-16,281.70474,280.88684,281.73273
973,2096-02-16,278.3873,282.91812,279.10645
974,2096-03-16,279.1767,281.3948,279.36356
975,2096-04-16,282.55093,284.6028,282.40665
976,2096-05-16,285.5413,288.7511,286.7247
977,2096-06-16,290.95316,292.09674,288.4282
978,2096-07-16,292.18478,293.84213,292.4196
979,2096-08-16,293.52634,293.86957,293.70334
980,2096-09-16,291.82962,291.86133,293.47318
981,2096-10-16,287.70325,290.50912,288.37866
982,2096-11-16,282.63855,285.7702,285.06848
983,2096-12-16,282.02786,281.24774,282.81964
984,2097-01-16,277.9707,279.75925,281.96362
985,2097-02-16,280.2727,278.23734,280.79547
986,2097-03-16,280.22644,281.11978,283.88623
987,2097-04-16,281.91476,285.24707,284.69772
988,2097-05-16,283.86813,288.56503,288.81836
989,2097-06-16,289.55273,290.6839,291.03622
990,2097-07-16,294.3363,293.8385,294.89017
991,2097-08-16,293.85532,293.39246,294.91168
992,2097-09-16,292.63116,289.879,293.16605
993,2097-10-16,290.41608,286.3222,287.77557
994,2097-11-16,284.16934,282.57822,285.3097
995,2097-12-16,282.1341,282.38354,284.1978
996,2098-01-16,281.57858,281.38144,281.4358
997,2098-02-16,280.90808,280.7426,279.708
998,2098-03-16,280.76385,280.8927,280.63068
999,2098-04-16,284.8188,282.89886,284.7222
1000,2098-05-16,286.16757,287.2704,286.4323
1001,2098-06-16,290.1456,291.68823,291.68643
1002,2098-07-16,294.17282,293.5462,294.1161
1003,2098-08-16,294.439,294.83328,291.9848
1004,2098-09-16,292.72165,293.33972,292.67426
1005,2098-10-16,289.6475,291.88364,290.66812
1006,2098-11-16,286.0449,285.62817,285.43405
1007,2098-12-16,283.05087,280.90536,283.37457
1008,2099-01-16,281.773,282.08676,280.72678
1009,2099-02-16,279.7802,280.3464,279.10736
1010,2099-03-16,280.95642,281.85547,281.15094
1011,2099-04-16,283.8643,280.9418,281.73514
1012,2099-05-16,287.21295,286.6207,286.1836
1013,2099-06-16,290.62665,292.4515,290.50696
1014,2099-07-16,294.0512,293.0458,294.73773
1015,2099-08-16,292.90677,294.18884,294.65222
1016,2099-09-16,292.24316,293.19992,292.26523
1017,2099-10-16,290.30914,287.708,288.7622
1018,2099-11-16,288.0127,284.46262,284.91238
1019,2099-12-16,283.17316,281.95856,282.43124
1020,2100-01-16,281.92416,280.9114,280.50162
1021,2100-02-16,282.3313,280.84848,281.17975
1022,2100-03-16,281.501,280.31146,281.01132
1023,2100-04-16,284.05823,282.27795,285.402
1024,2100-05-16,286.8942,285.75195,287.72238
1025,2100-06-16,291.94867,290.7183,290.02258
1026,2100-07-16,292.92966,293.11057,294.47623
1027,2100-08-16,293.2985,294.58133,293.5437
1028,2100-09-16,294.02765,294.301,292.4172
1029,2100-10-16,290.51144,287.7713,289.77182
1030,2100-11-16,283.8422,286.31903,284.65
1031,2100-12-16,282.58878,282.79623,281.9505
