,time,r1i1p1f2,r2i1p1f2,r3i1p1f2,r4i1p1f2,r5i1p1f2
0,2015-01-16,279.03348,279.57187,278.22675,278.99982,279.60852
1,2015-02-15,281.83176,278.5635,277.74033,279.77094,278.11255
2,2015-03-16,280.23517,279.28174,279.48907,277.91998,281.7703
3,2015-04-16,282.84805,280.38297,281.24457,282.49557,283.10522
4,2015-05-16,286.98352,284.97498,282.89166,285.4915,287.10013
5,2015-06-16,292.1295,292.99493,289.33447,289.9672,289.7035
6,2015-07-16,295.62698,293.28333,293.74338,293.89108,293.53238
7,2015-08-16,295.0851,294.64175,293.72797,293.006,293.13965
8,2015-09-16,291.2379,288.78934,289.75403,289.13715,291.25037
9,2015-10-16,284.74667,286.6785,283.9432,285.9483,289.52628
10,2015-11-16,282.44516,282.78802,281.97272,281.79993,285.27072
11,2015-12-16,280.99008,279.7005,279.69232,280.77216,281.11404
12,2016-01-16,276.79294,280.78992,277.49738,277.3375,279.90372
13,2016-02-15,279.01288,278.83713,275.49442,278.5785,278.68088
14,2016-03-16,278.67133,280.21652,279.09818,279.49353,278.78348
15,2016-04-16,282.6917,281.30804,282.03867,282.58636,281.02078
16,2016-05-16,286.99847,285.9981,286.48474,287.00958,285.8031
17,2016-06-16,290.12985,293.08478,289.81885,289.1509,290.6313
18,2016-07-16,293.69745,293.27216,293.83252,293.1983,292.9647
19,2016-08-16,293.57187,293.4109,292.17175,294.92804,296.0566
20,2016-09-16,289.60013,291.44537,291.16336,289.90924,291.5626
21,2016-10-16,284.3331,286.68433,288.10904,286.98474,286.00403
22,2016-11-16,282.01523,281.30963,283.00845,283.6221,281.00485
23,2016-12-16,279.8646,278.89267,278.7741,281.67993,277.9653
24,2017-01-16,278.2948,279.1697,278.62607,278.7334,279.7733
25,2017-02-15,279.2132,279.08258,278.2103,279.42038,276.65195
26,2017-03-16,282.8306,279.76578,278.40927,281.3227,278.44214
27,2017-04-16,284.87234,281.11487,280.96713,283.0734,281.65475
28,2017-05-16,285.66766,284.73328,287.08554,286.1275,283.96326
29,2017-06-16,289.5662,292.82425,290.43542,290.1519,289.72638
30,2017-07-16,293.38635,292.1019,292.91443,294.5783,293.83582
31,2017-08-16,293.5694,293.5425,293.7405,293.12515,292.64355
32,2017-09-16,292.1591,290.71945,290.51022,291.4325,289.87292
33,2017-10-16,286.9036,287.5792,283.6127,286.90256,286.54895
34,2017-11-16,283.06027,280.4966,281.22116,282.68988,283.9329
35,2017-12-16,279.7399,276.48788,278.77203,281.6782,278.81445
36,2018-01-16,278.9691,277.526,277.04623,279.46036,279.03253
37,2018-02-15,281.1236,277.59116,276.51196,279.3284,275.66867
38,2018-03-16,282.49725,279.2554,281.61496,280.0304,280.64612
39,2018-04-16,282.09888,283.30847,282.38974,282.55573,282.54425
40,2018-05-16,286.0912,285.13684,287.24768,285.92593,285.58847
41,2018-06-16,290.1134,291.7527,289.3532,291.34543,290.1572
42,2018-07-16,294.8769,294.98434,292.01096,292.7384,295.64633
43,2018-08-16,292.77863,292.92914,293.44382,293.00372,296.10883
44,2018-09-16,290.24597,291.55322,291.683,289.05154,292.18124
45,2018-10-16,285.2005,285.77676,287.34348,286.27213,287.45618
46,2018-11-16,280.83197,281.31564,283.87286,283.5559,282.84537
47,2018-12-16,279.58624,280.2325,281.20493,280.75482,278.70502
48,2019-01-16,275.9517,276.9998,278.3299,280.281,278.6859
49,2019-02-15,279.0374,278.29825,274.95325,279.26514,278.90463
50,2019-03-16,280.52887,275.44305,278.89755,278.56613,279.07596
51,2019-04-16,283.61795,282.69702,281.34573,282.1692,280.67392
52,2019-05-16,285.50516,284.9709,285.37573,286.63184,286.92606
53,2019-06-16,291.52057,288.5643,290.70837,290.0836,289.46
54,2019-07-16,293.24942,291.81894,295.34647,291.4728,294.40045
55,2019-08-16,295.29263,294.8887,296.38864,295.0684,294.63513
56,2019-09-16,290.78217,288.77652,292.122,290.85062,290.85684
57,2019-10-16,287.74802,284.82147,286.06033,285.55276,287.02264
58,2019-11-16,282.87076,279.8051,280.55576,283.1138,279.2394
59,2019-12-16,278.71375,279.216,279.4982,281.52835,279.4406
60,2020-01-16,277.01294,280.45493,278.62918,278.8741,277.8214
61,2020-02-15,278.6618,279.04572,277.07358,277.46143,278.8504
62,2020-03-16,280.11197,279.67783,280.06247,279.94684,281.94928
63,2020-04-16,282.8866,281.8817,281.13583,280.59534,282.66217
64,2020-05-16,286.3062,286.61783,286.02466,286.0962,283.63608
65,2020-06-16,290.9081,294.66165,291.07388,290.52634,289.32855
66,2020-07-16,294.02725,294.80527,293.22852,295.21988,293.09802
67,2020-08-16,292.70596,294.35468,294.1259,295.42072,292.54745
68,2020-09-16,288.26755,289.3265,291.73282,289.23102,289.63858
69,2020-10-16,284.12,287.2009,285.68094,286.07626,288.19028
70,2020-11-16,281.23883,283.6808,283.4248,282.3087,284.14786
71,2020-12-16,280.83173,277.5732,280.05124,280.34485,280.7422
72,2021-01-16,277.5433,278.67926,277.3004,277.18582,277.4778
73,2021-02-15,279.82095,279.11554,274.75406,277.20145,277.9152
74,2021-03-16,282.2846,279.66074,278.99908,279.77533,280.61798
75,2021-04-16,281.99323,281.39862,280.7523,280.31088,282.31476
76,2021-05-16,286.34323,286.7327,284.95978,288.72763,284.53687
77,2021-06-16,290.18686,290.35925,289.29736,291.8142,290.21185
78,2021-07-16,293.50555,294.0506,294.19946,292.57135,293.24893
79,2021-08-16,292.76022,293.56302,292.9155,292.50024,294.515
80,2021-09-16,291.24945,289.7511,290.56668,292.06012,289.95862
81,2021-10-16,286.2954,287.02533,286.3401,286.17194,286.11905
82,2021-11-16,282.98785,283.7963,280.78873,282.31375,281.04504
83,2021-12-16,279.05966,278.584,280.3823,280.13293,276.71793
84,2022-01-16,278.4816,276.03735,277.6887,277.90753,280.01077
85,2022-02-15,277.21774,276.2536,278.83856,278.34927,278.51456
86,2022-03-16,279.67712,278.79453,279.97766,280.69403,281.1091
87,2022-04-16,283.16736,280.45248,281.11548,284.65268,281.39624
88,2022-05-16,288.53705,284.8012,283.36853,286.5622,284.6827
89,2022-06-16,292.29922,289.38156,289.46277,288.95102,292.0282
90,2022-07-16,293.84302,294.41165,295.75488,294.7034,292.69928
91,2022-08-16,293.569,293.51926,294.9483,292.48602,293.75238
92,2022-09-16,290.17706,289.7584,291.0486,289.01245,291.12726
93,2022-10-16,286.0764,286.19376,286.88187,285.9363,287.23526
94,2022-11-16,283.12564,281.46088,282.76736,282.8084,282.1823
95,2022-12-16,280.59656,280.69202,278.48483,281.12088,279.90015
96,2023-01-16,279.8529,280.2553,278.64087,277.87576,277.6674
97,2023-02-15,278.48517,278.0952,279.1989,278.99603,278.9357
98,2023-03-16,279.87637,278.015,278.0777,278.91974,280.17935
99,2023-04-16,282.04123,279.74902,283.32654,281.76007,281.32318
100,2023-05-16,286.94998,285.03738,284.44092,285.818,287.03748
101,2023-06-16,291.9719,290.76712,289.80258,291.5721,291.4827
102,2023-07-16,293.57886,292.5979,296.11932,291.88974,297.55975
103,2023-08-16,296.44354,294.812,293.77466,292.59558,294.90912
104,2023-09-16,291.2624,291.34943,290.36105,290.3411,292.5642
105,2023-10-16,286.53397,285.67368,287.36038,285.06204,288.01218
106,2023-11-16,283.91437,283.0406,283.9987,283.77228,283.95615
107,2023-12-16,279.48114,278.80374,281.0342,281.0717,281.58383
108,2024-01-16,278.0554,277.69965,278.465,278.18317,275.24997
109,2024-02-15,276.45786,278.81613,275.33734,279.54404,277.96857
110,2024-03-16,279.7519,278.92624,278.21863,280.71564,280.94073
111,2024-04-16,283.55988,281.44177,280.5181,282.98813,283.48636
112,2024-05-16,287.83752,284.24527,283.59344,285.97424,285.29514
113,2024-06-16,289.9294,289.439,288.6084,287.36218,290.66843
114,2024-07-16,293.23367,293.4437,291.22983,294.6153,295.6505
115,2024-08-16,294.81973,293.4681,292.57553,293.57065,296.04535
116,2024-09-16,290.01202,291.3303,289.08185,289.9608,290.0394
117,2024-10-16,284.6469,286.2141,287.50607,286.6857,287.75885
118,2024-11-16,281.31427,282.45465,279.7507,280.08368,283.7257
119,2024-12-16,281.64633,279.1585,280.1324,280.17633,281.3875
120,2025-01-16,278.84372,280.93643,278.06387,279.14056,278.62177
121,2025-02-15,278.93958,281.51172,277.11133,277.30392,280.00378
122,2025-03-16,280.26978,280.0343,276.88614,279.34286,280.96387
123,2025-04-16,282.27335,281.88464,279.7557,280.84943,282.80963
124,2025-05-16,287.54712,286.22247,286.24265,285.4009,283.8386
125,2025-06-16,292.16397,288.87518,289.76395,288.85645,292.83743
126,2025-07-16,293.9165,294.36752,294.08282,293.13596,295.3426
127,2025-08-16,293.8014,294.23798,294.98782,294.27454,294.24463
128,2025-09-16,290.56268,291.29926,288.69232,288.94324,293.5117
129,2025-10-16,286.26532,286.89185,286.5798,286.78033,287.24774
130,2025-11-16,283.7452,283.7533,284.57465,282.8739,284.34018
131,2025-12-16,281.19397,277.21484,278.0689,279.6826,280.07254
132,2026-01-16,279.8815,278.7103,280.61328,278.2919,278.48492
133,2026-02-15,278.40378,280.3607,279.45575,280.5037,277.7556
134,2026-03-16,276.8155,280.36072,279.89294,278.06662,280.7302
135,2026-04-16,279.8909,283.45786,281.69077,280.81924,283.8652
136,2026-05-16,286.0388,288.36276,286.3721,285.2901,287.18243
137,2026-06-16,290.89273,291.2917,291.91058,290.18115,291.75497
138,2026-07-16,293.71213,294.81195,295.13223,295.39737,293.0049
139,2026-08-16,295.58286,294.18015,293.76788,294.8189,294.20667
140,2026-09-16,289.89856,290.07343,289.80984,290.63644,291.22452
141,2026-10-16,286.325,284.5171,284.16736,284.79626,286.2417
142,2026-11-16,284.09128,283.7696,282.64304,283.29623,281.29153
143,2026-12-16,281.92264,282.1992,281.69318,279.43536,281.0918
144,2027-01-16,280.93915,278.90057,277.2446,279.3062,280.87732
145,2027-02-15,278.76617,280.63675,280.04633,277.24316,280.32202
146,2027-03-16,280.12527,279.51688,282.3426,279.27844,279.3759
147,2027-04-16,282.1193,281.74988,281.62173,282.00797,280.50967
148,2027-05-16,286.69434,288.55704,285.69672,284.92734,284.1499
149,2027-06-16,292.50873,290.7767,290.9523,289.13242,290.7602
150,2027-07-16,294.8617,292.54337,293.99792,294.2086,295.8857
151,2027-08-16,293.687,295.86542,296.7524,295.08765,295.5792
152,2027-09-16,291.2951,289.15884,291.14603,290.88208,291.4015
153,2027-10-16,287.03867,286.18106,286.43524,286.55618,286.48016
154,2027-11-16,281.44357,283.36707,282.1189,282.4161,283.82755
155,2027-12-16,279.7885,280.1811,278.84888,280.6167,280.55997
156,2028-01-16,279.59335,277.5402,277.2341,278.72995,279.65585
157,2028-02-15,280.4302,279.4818,277.32596,279.31235,278.62302
158,2028-03-16,280.25473,278.3804,280.44748,279.71912,280.09668
159,2028-04-16,282.17892,282.83548,282.40536,283.084,282.20935
160,2028-05-16,285.53467,285.93176,290.18784,288.3981,287.2157
161,2028-06-16,292.49445,293.26587,294.3581,292.79333,292.0401
162,2028-07-16,293.7271,293.64682,294.92987,294.22342,295.42868
163,2028-08-16,292.43103,294.45166,291.95242,295.09973,296.0465
164,2028-09-16,290.7314,291.18988,289.1008,289.96866,292.0028
165,2028-10-16,285.50052,287.32462,285.61432,285.74927,287.72845
166,2028-11-16,283.38852,283.05322,283.27896,280.58084,284.4633
167,2028-12-16,279.17688,281.3304,276.85745,278.31482,281.14996
168,2029-01-16,279.811,280.04047,277.7877,277.79227,281.12106
169,2029-02-15,277.60037,278.39874,275.85632,279.25458,279.78278
170,2029-03-16,279.3244,280.52856,278.96072,278.77103,281.53012
171,2029-04-16,280.45532,283.0563,279.3973,283.261,283.1483
172,2029-05-16,285.3875,283.90228,285.1642,288.1362,285.59982
173,2029-06-16,291.77493,293.25995,287.70682,292.29227,289.18387
174,2029-07-16,296.01642,293.781,294.90134,294.05646,292.94922
175,2029-08-16,294.62988,293.90216,294.8607,294.5894,293.57935
176,2029-09-16,291.69296,289.49503,289.80945,291.08368,290.30664
177,2029-10-16,284.81393,286.6028,285.92313,286.9631,286.53647
178,2029-11-16,282.19885,280.80115,280.82047,282.33502,281.78107
179,2029-12-16,282.16882,279.94507,280.55652,279.15326,280.32227
180,2030-01-16,279.0039,280.44562,279.27246,278.85712,279.78195
181,2030-02-15,278.71332,280.17538,277.58606,280.68835,278.26627
182,2030-03-16,280.7322,278.78702,279.08737,281.27298,281.84097
183,2030-04-16,283.49414,281.7051,282.95416,282.18262,283.25052
184,2030-05-16,284.67267,284.34155,286.52234,286.21875,288.23474
185,2030-06-16,288.1049,290.36807,286.6733,288.37772,292.29276
186,2030-07-16,291.71494,295.10565,292.41373,292.78186,293.58768
187,2030-08-16,293.9345,294.89404,291.61795,292.66525,293.66125
188,2030-09-16,290.9251,291.31064,289.62912,288.3368,291.2898
189,2030-10-16,288.4141,287.38513,285.38785,286.84622,287.50714
190,2030-11-16,283.37366,281.77362,282.57693,282.44043,284.135
191,2030-12-16,280.07477,278.67548,276.67102,278.23404,280.62396
192,2031-01-16,280.466,278.8736,278.08453,277.39005,279.20416
193,2031-02-15,280.3784,278.88293,276.27274,279.16745,278.60834
194,2031-03-16,281.3685,280.18845,278.76013,276.48642,277.59015
195,2031-04-16,281.39963,280.95908,280.91345,280.8265,284.43292
196,2031-05-16,285.10483,286.76422,287.60196,285.34033,284.85367
197,2031-06-16,289.66162,289.67267,291.60333,290.17468,290.52023
198,2031-07-16,295.62338,292.86676,292.27698,292.42007,294.71545
199,2031-08-16,293.4785,294.32028,292.2932,294.73355,294.06766
200,2031-09-16,290.65182,292.0512,288.0388,290.3974,288.86435
201,2031-10-16,286.39822,285.45255,284.89383,286.8269,287.50522
202,2031-11-16,285.48404,283.08444,284.04446,282.80002,281.75162
203,2031-12-16,281.79102,279.49646,279.61072,279.71725,280.87366
204,2032-01-16,279.45245,279.32016,276.77942,281.14682,279.33307
205,2032-02-15,279.13434,280.09067,276.77185,279.8195,279.5182
206,2032-03-16,281.2608,277.73602,278.5048,279.92218,281.0539
207,2032-04-16,282.14655,285.01007,284.93427,282.31366,281.94614
208,2032-05-16,287.86633,289.06467,284.19946,287.00647,286.98373
209,2032-06-16,292.8174,293.74622,288.6746,291.26886,288.84476
210,2032-07-16,294.81445,293.0769,292.1798,292.7644,290.77023
211,2032-08-16,294.09186,293.05023,292.60254,294.5053,294.16095
212,2032-09-16,291.7676,290.6356,288.69714,290.1704,288.37
213,2032-10-16,286.7222,287.67313,284.71753,286.56915,286.05487
214,2032-11-16,283.4272,281.9278,282.22787,283.97598,282.4499
215,2032-12-16,280.387,280.59637,279.6587,280.88416,280.963
216,2033-01-16,279.93478,279.85196,279.0341,277.23267,278.266
217,2033-02-15,278.98187,278.44778,278.40512,276.33673,278.40112
218,2033-03-16,282.1004,281.09702,278.26013,278.422,278.85797
219,2033-04-16,284.2856,282.42657,280.94977,281.41116,281.46252
220,2033-05-16,285.75464,285.51895,286.1298,286.9677,286.72415
221,2033-06-16,292.12607,290.9197,288.86835,290.12787,290.91733
222,2033-07-16,295.95447,294.14417,292.48615,294.1149,293.82938
223,2033-08-16,293.0322,293.07123,294.15445,295.18427,293.5453
224,2033-09-16,290.75824,289.22003,289.8839,289.69986,289.3967
225,2033-10-16,288.69562,285.50177,286.71942,285.70773,286.6031
226,2033-11-16,281.0394,283.32837,281.8098,284.19003,281.39655
227,2033-12-16,279.58807,282.23352,280.1657,279.26758,280.5843
228,2034-01-16,275.89127,279.36572,279.5327,277.1741,277.40045
229,2034-02-15,275.6727,278.90836,278.16223,278.86588,278.9691
230,2034-03-16,277.1015,279.92175,281.6283,279.81314,279.6055
231,2034-04-16,281.71887,281.1566,282.66183,282.13904,282.4363
232,2034-05-16,286.68768,284.79178,285.3105,284.8648,287.24213
233,2034-06-16,292.01978,291.7399,287.50192,290.12927,291.32376
234,2034-07-16,292.4225,293.97748,295.21115,294.8756,293.94577
235,2034-08-16,293.76505,292.88248,293.2996,294.96188,294.11368
236,2034-09-16,290.89642,290.6051,291.78372,291.9015,289.05237
237,2034-10-16,288.6494,285.22824,287.1044,285.29007,285.3457
238,2034-11-16,283.37656,283.1264,282.65317,282.5242,281.03778
239,2034-12-16,281.11383,279.1097,278.42737,280.57178,278.88013
240,2035-01-16,281.0295,280.06366,278.42917,279.02698,278.25186
241,2035-02-15,279.81302,277.70676,276.99014,278.36115,278.22412
242,2035-03-16,279.24356,279.33917,279.00266,279.03363,279.3774
243,2035-04-16,283.02963,279.374,282.46997,281.0016,280.5993
244,2035-05-16,288.24524,286.53815,286.6259,285.64386,287.02835
245,2035-06-16,288.77933,292.02106,290.05664,289.4675,294.22885
246,2035-07-16,294.54834,292.0673,293.11996,294.45508,294.82254
247,2035-08-16,293.33688,292.6828,295.02127,294.38327,292.94208
248,2035-09-16,292.98587,290.54025,290.3705,290.9975,289.9093
249,2035-10-16,285.48306,287.0463,287.39606,285.98538,288.39487
250,2035-11-16,282.50696,282.21005,283.95264,282.45947,283.64655
251,2035-12-16,280.22363,281.22742,278.97528,281.14774,279.1184
252,2036-01-16,279.37677,279.94058,279.54205,275.81165,277.0126
253,2036-02-15,280.05606,279.40533,276.07004,278.13223,279.82877
254,2036-03-16,280.70264,278.6117,280.4455,277.2555,280.4388
255,2036-04-16,283.40787,282.81143,283.74902,279.17722,281.54807
256,2036-05-16,286.53278,286.58566,285.8885,284.66403,284.18173
257,2036-06-16,291.12286,293.24536,289.59357,288.60895,287.99667
258,2036-07-16,295.2581,294.72614,293.7939,294.55496,292.49963
259,2036-08-16,294.68753,292.7867,294.05353,290.4834,291.8904
260,2036-09-16,289.49323,290.2487,292.1203,288.9759,289.47684
261,2036-10-16,286.32495,286.63504,285.32495,284.15985,286.3751
262,2036-11-16,281.72626,284.341,282.27905,283.3459,281.94763
263,2036-12-16,282.41632,281.6778,279.05316,280.886,279.32687
264,2037-01-16,279.93073,278.63693,278.64655,279.0613,277.6382
265,2037-02-15,278.7048,278.7432,278.3944,279.56287,279.95093
266,2037-03-16,280.84384,280.4401,278.26572,280.4119,280.96274
267,2037-04-16,282.79642,280.6199,282.19495,280.77985,281.68237
268,2037-05-16,286.8644,283.62473,288.10016,286.34885,286.1995
269,2037-06-16,293.10193,289.91907,291.50156,290.5352,292.3734
270,2037-07-16,294.50256,292.6786,294.2736,294.55612,296.23773
271,2037-08-16,297.14435,295.89716,295.38358,295.2192,295.26758
272,2037-09-16,291.3699,290.24356,293.46268,290.68076,291.50122
273,2037-10-16,285.69785,288.52554,288.67825,286.76096,286.5156
274,2037-11-16,283.4333,282.89618,283.6451,284.12262,284.68048
275,2037-12-16,280.88663,279.19962,280.86926,280.50412,281.35846
276,2038-01-16,280.5941,277.31927,279.0063,279.0818,280.3544
277,2038-02-15,277.91953,278.74237,276.08694,280.7177,278.15353
278,2038-03-16,281.0725,281.8759,278.48553,280.8617,279.717
279,2038-04-16,281.81308,282.50504,282.9265,282.90344,282.79758
280,2038-05-16,286.09723,287.9068,285.1306,285.94983,287.2357
281,2038-06-16,289.85437,294.49075,289.3453,290.4451,291.3324
282,2038-07-16,293.23523,294.9386,293.5018,292.26028,293.63492
283,2038-08-16,293.83502,294.42673,295.19107,292.02408,294.585
284,2038-09-16,290.0446,290.35272,289.95013,290.9526,290.3181
285,2038-10-16,286.5391,286.86932,286.08392,288.16046,286.79572
286,2038-11-16,283.00732,282.99496,281.2874,284.0049,280.25385
287,2038-12-16,280.9957,276.71762,280.20865,280.07928,278.4285
288,2039-01-16,278.55396,276.27017,277.5548,278.66495,279.21564
289,2039-02-15,280.44522,278.19336,278.6233,277.26328,278.08615
290,2039-03-16,280.8595,278.0734,279.08716,279.68982,280.4089
291,2039-04-16,284.34354,280.805,282.89963,282.41577,283.5928
292,2039-05-16,289.02124,284.63593,286.61234,284.87198,286.39252
293,2039-06-16,290.57385,291.32187,289.9913,289.38718,288.74872
294,2039-07-16,293.0693,292.52005,294.97916,292.1096,295.45346
295,2039-08-16,294.2495,293.05008,294.9158,296.4613,296.0547
296,2039-09-16,289.92606,289.21725,289.23227,292.2359,290.93417
297,2039-10-16,284.9685,288.5742,288.6095,289.24283,285.7807
298,2039-11-16,282.0332,283.9686,281.3071,285.5145,283.84686
299,2039-12-16,280.44168,280.74524,281.28534,281.61618,277.2925
300,2040-01-16,279.6501,278.81665,278.16998,278.97223,272.84055
301,2040-02-15,279.9815,279.56403,278.2603,273.52917,274.5927
302,2040-03-16,281.2726,281.04858,278.95825,278.02048,280.03732
303,2040-04-16,282.54724,282.47568,280.3927,280.3308,281.38022
304,2040-05-16,286.26282,286.4241,284.74747,283.02362,286.022
305,2040-06-16,288.04703,291.0559,289.38205,291.83002,291.2556
306,2040-07-16,292.88013,293.98132,296.2528,292.32663,292.51096
307,2040-08-16,294.65463,292.60333,292.42468,293.9523,292.42096
308,2040-09-16,291.95358,290.77966,287.92703,291.6328,292.31213
309,2040-10-16,289.02808,287.5361,283.2025,288.04498,287.13156
310,2040-11-16,282.6017,282.73758,284.1233,283.70032,283.61142
311,2040-12-16,279.88,278.5532,280.30057,281.67462,280.515
312,2041-01-16,281.32062,278.2796,278.0282,277.91714,279.99353
313,2041-02-15,278.74054,278.25812,279.2462,278.7299,279.81525
314,2041-03-16,280.58496,278.21,278.78577,277.94122,280.53378
315,2041-04-16,282.74872,280.05426,283.53003,282.0121,282.8702
316,2041-05-16,286.95776,285.55206,285.59305,286.45648,286.2878
317,2041-06-16,291.22052,291.16495,289.00482,294.97342,290.2899
318,2041-07-16,293.2114,296.21176,294.84085,294.5411,293.86157
319,2041-08-16,295.23785,294.74872,294.27866,295.09317,293.32358
320,2041-09-16,291.84244,289.49725,290.61823,291.96848,290.1395
321,2041-10-16,287.31412,284.82382,286.42294,289.2671,286.69296
322,2041-11-16,283.52914,281.93604,284.16956,283.55164,281.0095
323,2041-12-16,280.5603,278.9656,281.75934,280.37613,279.98813
324,2042-01-16,275.2638,278.98492,278.5334,277.7412,280.11655
325,2042-02-15,278.31308,279.18506,279.09497,278.46893,280.6695
326,2042-03-16,278.60886,279.19226,281.47266,280.05734,280.9494
327,2042-04-16,281.20224,283.48532,283.6248,281.7441,283.59146
328,2042-05-16,286.47836,289.6104,285.42853,285.2475,287.93643
329,2042-06-16,291.5967,291.4485,290.85947,290.8061,289.87402
330,2042-07-16,296.2401,293.14975,293.69366,295.00732,294.8583
331,2042-08-16,293.71262,294.84525,292.71774,295.5004,294.38992
332,2042-09-16,292.44196,290.57114,290.76495,289.75128,290.401
333,2042-10-16,286.19876,286.75772,285.6264,286.25662,285.98615
334,2042-11-16,282.77658,282.88394,281.81387,282.71634,284.36078
335,2042-12-16,281.1909,280.23312,280.34973,279.795,279.84552
336,2043-01-16,280.5246,278.78168,278.30194,277.66678,280.62054
337,2043-02-15,281.31088,280.16617,277.51468,277.96793,278.2635
338,2043-03-16,279.3816,281.0442,281.4464,280.82904,281.81665
339,2043-04-16,284.49265,281.8054,282.02945,279.6983,283.47256
340,2043-05-16,286.1606,288.21042,286.59045,286.10364,287.79385
341,2043-06-16,289.84894,290.9819,292.07584,289.72784,291.9416
342,2043-07-16,293.12762,292.9098,294.5144,292.1066,293.2016
343,2043-08-16,294.83536,293.40384,294.91934,293.46985,293.9359
344,2043-09-16,294.4049,291.0188,290.4198,291.44443,291.36227
345,2043-10-16,286.05832,285.664,286.87085,286.9126,287.85916
346,2043-11-16,281.9487,282.03775,283.42978,284.00842,280.6482
347,2043-12-16,280.96097,280.8021,277.95874,281.00873,279.30475
348,2044-01-16,281.68292,278.4218,276.7091,281.152,277.55585
349,2044-02-15,281.52798,277.99292,279.25717,280.3199,280.1483
350,2044-03-16,280.95114,279.3681,280.98676,279.59195,280.32614
351,2044-04-16,282.8907,284.0938,284.6994,284.43054,283.55206
352,2044-05-16,284.8956,285.51694,285.39798,285.81674,287.71732
353,2044-06-16,291.22214,290.29028,291.52982,292.80695,290.26422
354,2044-07-16,294.74008,294.28595,293.5411,296.74658,293.42258
355,2044-08-16,294.18057,294.13278,292.0442,294.66318,294.87708
356,2044-09-16,291.25043,289.9775,289.36993,289.85727,291.72284
357,2044-10-16,287.74146,286.2792,286.58997,287.04593,288.4197
358,2044-11-16,285.04224,281.6193,280.99188,282.99628,283.27042
359,2044-12-16,281.23615,279.94495,280.55716,280.3258,281.46396
360,2045-01-16,278.83887,277.4876,280.68668,280.80484,279.69812
361,2045-02-15,278.90802,278.80466,279.56647,280.61075,278.4947
362,2045-03-16,279.69907,279.49637,280.67392,282.63715,279.65833
363,2045-04-16,285.59958,282.27182,279.07388,282.5086,281.98572
364,2045-05-16,286.4158,287.74493,285.4852,286.08838,286.54272
365,2045-06-16,289.4151,289.89514,288.14838,292.74448,290.7305
366,2045-07-16,293.14923,295.26367,292.14282,294.77396,293.34012
367,2045-08-16,294.14072,290.24072,291.2648,293.84433,294.24084
368,2045-09-16,290.22665,290.19888,289.44135,289.8781,289.48868
369,2045-10-16,286.7611,289.69125,285.38416,286.48285,284.38712
370,2045-11-16,283.98975,285.496,284.26334,282.70743,280.8423
371,2045-12-16,279.69815,280.7629,278.01196,280.7993,281.56912
372,2046-01-16,277.94324,278.25516,277.7592,279.51556,279.49942
373,2046-02-15,277.16623,279.06573,279.60416,278.4591,278.84796
374,2046-03-16,278.8612,280.73993,279.3565,279.46075,281.2021
375,2046-04-16,279.62247,282.2955,281.6961,283.1403,283.48483
376,2046-05-16,283.43643,286.58313,285.13147,286.26364,285.63004
377,2046-06-16,289.50775,289.04492,290.3588,291.06882,291.0371
378,2046-07-16,294.749,295.21924,293.77435,292.5427,293.56378
379,2046-08-16,293.14072,294.70316,296.22562,296.47375,293.2011
380,2046-09-16,291.9101,292.29297,291.3694,290.9605,292.20505
381,2046-10-16,287.91702,286.50235,287.9805,288.76898,288.18637
382,2046-11-16,283.20865,281.27023,283.27722,283.52884,283.70496
383,2046-12-16,281.06808,279.9819,281.75085,280.82022,281.9297
384,2047-01-16,280.14536,278.83493,278.81982,277.25027,281.80124
385,2047-02-15,279.7029,280.219,277.45276,277.98126,278.9893
386,2047-03-16,280.4534,279.63123,279.28323,277.9672,278.93893
387,2047-04-16,284.33502,281.3811,281.69727,280.4144,281.29507
388,2047-05-16,284.97397,285.28464,285.4783,285.92285,285.82993
389,2047-06-16,290.0718,289.37955,287.93118,290.81732,291.82562
390,2047-07-16,295.0124,291.30637,292.37897,294.85062,295.26477
391,2047-08-16,292.3848,292.99872,293.54242,293.57687,294.14795
392,2047-09-16,293.0249,290.99603,290.77618,289.7999,289.72482
393,2047-10-16,287.35178,284.78467,288.3315,285.90106,286.07748
394,2047-11-16,282.41882,284.05478,283.8799,284.5696,282.1619
395,2047-12-16,281.62735,280.9102,279.14038,281.00824,280.6169
396,2048-01-16,279.20847,278.56937,279.17755,278.1093,281.35297
397,2048-02-15,278.5016,279.93222,279.7437,279.4029,278.80185
398,2048-03-16,279.9614,279.47165,280.3942,278.54175,280.54874
399,2048-04-16,285.26556,282.59134,282.04,281.9345,279.59793
400,2048-05-16,284.08646,285.35828,286.27393,286.0026,287.95102
401,2048-06-16,289.83606,293.238,293.22665,289.507,292.68268
402,2048-07-16,294.4047,293.8034,292.65564,292.85837,294.71933
403,2048-08-16,295.39746,291.92523,292.37842,295.8932,294.54868
404,2048-09-16,291.35178,291.98383,290.41,289.20462,288.00482
405,2048-10-16,286.759,288.36316,286.80786,286.6501,286.23257
406,2048-11-16,281.531,282.28943,281.39435,281.08417,282.28253
407,2048-12-16,280.71927,279.26926,277.91876,278.12442,279.6384
408,2049-01-16,279.02435,278.56265,277.32654,279.06332,279.67386
409,2049-02-15,278.4779,278.88837,277.29996,278.63657,277.87753
410,2049-03-16,280.03174,279.66122,279.8974,280.57602,280.11838
411,2049-04-16,282.80154,282.1058,280.91617,283.40863,284.43073
412,2049-05-16,286.7219,286.9327,286.36798,287.8242,289.2394
413,2049-06-16,291.26532,292.73212,290.91202,291.1791,291.27277
414,2049-07-16,294.90802,292.86346,296.23956,295.02493,294.55975
415,2049-08-16,294.85873,294.07166,294.1597,295.54443,295.57388
416,2049-09-16,292.81476,290.81125,289.73825,294.71057,291.5173
417,2049-10-16,287.99792,287.30386,286.39197,285.89615,287.6748
418,2049-11-16,284.7583,283.84106,281.9039,284.5351,282.59753
419,2049-12-16,280.6497,280.06863,281.28125,282.06113,282.48108
420,2050-01-16,278.69492,278.46283,279.69565,278.9148,279.89374
421,2050-02-15,280.23737,278.32605,280.90582,277.2902,279.33063
422,2050-03-16,283.32562,278.0184,280.6064,279.99768,280.30573
423,2050-04-16,283.91098,282.61093,284.3231,280.60425,283.84613
424,2050-05-16,286.6461,285.33545,287.06125,286.04495,287.6214
425,2050-06-16,291.32593,291.8254,289.48035,288.7972,292.25476
426,2050-07-16,295.89178,296.63422,290.8667,294.11374,295.08243
427,2050-08-16,294.84137,293.75037,292.54657,293.76434,292.90497
428,2050-09-16,290.82205,292.96262,288.48026,290.65982,290.2529
429,2050-10-16,287.1677,286.8783,285.40945,289.88882,288.2781
430,2050-11-16,281.9148,283.29224,281.68967,283.72318,282.3703
431,2050-12-16,282.68448,279.84998,279.65176,281.5213,281.66165
432,2051-01-16,278.0495,279.6036,278.92804,280.8089,279.95132
433,2051-02-15,276.98865,278.53387,279.6388,278.10577,278.021
434,2051-03-16,280.82013,279.2022,280.65396,279.5149,277.44946
435,2051-04-16,282.44873,281.308,283.41434,281.4523,283.14166
436,2051-05-16,286.0614,287.69376,285.6131,286.409,286.10602
437,2051-06-16,288.31937,291.04962,290.4024,291.84998,290.70117
438,2051-07-16,293.27744,294.4764,295.16467,295.18716,293.43884
439,2051-08-16,292.9653,294.97903,296.0157,296.2146,295.65726
440,2051-09-16,290.1896,293.19232,291.65622,292.25916,291.5147
441,2051-10-16,287.84073,288.75803,286.5899,286.60883,285.5443
442,2051-11-16,284.13107,283.7427,284.56464,282.38394,282.15274
443,2051-12-16,280.5049,280.885,281.75406,280.6401,280.6181
444,2052-01-16,278.80508,281.325,280.85297,278.34866,281.59796
445,2052-02-15,280.63318,280.0013,278.61905,276.65976,277.24374
446,2052-03-16,283.68576,279.16516,281.0617,280.4484,279.65628
447,2052-04-16,284.89673,283.70847,283.6533,283.0664,281.94138
448,2052-05-16,287.14716,290.2155,285.07452,285.07303,287.03677
449,2052-06-16,290.59238,288.93985,289.8452,291.15366,287.37305
450,2052-07-16,292.54947,293.36942,293.42075,292.06348,295.03903
451,2052-08-16,293.46976,294.47757,295.19733,293.16397,295.13553
452,2052-09-16,292.47626,292.34723,290.41812,289.77475,291.00958
453,2052-10-16,287.02893,288.96524,287.47083,286.1556,286.5047
454,2052-11-16,283.296,283.9294,283.52493,283.63425,282.80273
455,2052-12-16,280.74652,282.69177,280.44754,279.59906,280.55518
456,2053-01-16,279.6401,278.67682,279.48352,278.43503,279.55988
457,2053-02-15,278.38736,278.48593,280.5964,277.07767,279.06064
458,2053-03-16,279.8056,280.77673,279.8914,279.7602,279.97412
459,2053-04-16,284.6989,281.71954,283.18274,281.246,281.21384
460,2053-05-16,290.07086,285.97333,287.78967,284.06122,285.18085
461,2053-06-16,291.69473,291.63904,288.9464,290.68332,289.50253
462,2053-07-16,295.18085,294.69043,293.24,293.16113,295.87952
463,2053-08-16,295.91037,295.7047,295.00046,294.84094,294.986
464,2053-09-16,291.67615,292.68643,293.41937,292.5834,290.36084
465,2053-10-16,286.43588,289.5699,287.27078,289.3252,287.1761
466,2053-11-16,281.66293,282.88126,282.01895,285.25037,283.07068
467,2053-12-16,281.15054,281.9767,280.6754,280.6284,282.04926
468,2054-01-16,276.95276,279.1986,279.45844,281.03708,280.12894
469,2054-02-15,273.15997,281.30957,278.94354,282.01825,280.52872
470,2054-03-16,279.3863,281.63416,279.88486,279.80933,280.06888
471,2054-04-16,282.64972,285.6828,282.138,282.33826,283.82605
472,2054-05-16,286.39157,289.48898,286.53238,289.3875,285.54782
473,2054-06-16,292.4251,292.36612,290.67767,289.01822,292.87836
474,2054-07-16,297.20612,295.1689,291.42944,295.2987,295.441
475,2054-08-16,294.1089,295.15363,296.23187,294.98062,293.27402
476,2054-09-16,291.57263,289.80228,289.48416,293.6439,289.73203
477,2054-10-16,286.76544,288.03784,287.0602,286.7101,287.7546
478,2054-11-16,282.08524,284.29468,283.48056,282.82678,282.86456
479,2054-12-16,281.12164,280.9448,279.98062,280.25327,280.7262
480,2055-01-16,278.3264,278.73462,279.9381,277.41147,279.29343
481,2055-02-15,278.35355,279.1231,278.3011,276.04538,280.60022
482,2055-03-16,279.036,280.88528,279.61078,277.69373,279.80603
483,2055-04-16,283.65982,282.88562,283.72394,279.9811,281.4113
484,2055-05-16,286.69202,286.19397,287.71667,285.0768,286.0451
485,2055-06-16,289.1297,292.52414,291.25262,290.08066,289.8199
486,2055-07-16,293.5552,294.09656,294.47372,295.59296,297.12805
487,2055-08-16,296.2358,294.50183,295.31036,293.98074,296.04626
488,2055-09-16,292.2599,291.1382,292.4324,292.39157,291.38837
489,2055-10-16,289.40848,288.47498,286.82242,286.74,289.10773
490,2055-11-16,284.29297,284.5207,282.6026,282.92313,282.35715
491,2055-12-16,283.00296,282.12335,281.9636,280.747,279.6134
492,2056-01-16,278.72293,279.36877,279.0223,278.58817,280.22302
493,2056-02-15,279.36703,279.04556,279.04504,278.92603,278.6949
494,2056-03-16,279.49667,277.461,280.44324,277.05957,281.28375
495,2056-04-16,283.387,281.29602,283.4982,282.3336,282.27283
496,2056-05-16,284.96637,285.34268,285.88632,287.24493,284.7495
497,2056-06-16,291.7359,288.91675,291.10498,289.0342,290.47934
498,2056-07-16,294.12906,295.44418,294.59622,293.17847,295.19644
499,2056-08-16,295.78406,293.6186,294.22617,293.9187,298.23468
500,2056-09-16,291.9667,290.22778,290.3958,292.38535,291.48254
501,2056-10-16,287.0906,286.7342,287.73184,285.84918,287.60477
502,2056-11-16,283.03574,281.97238,282.03232,281.2349,284.0431
503,2056-12-16,281.39566,280.25687,281.69998,279.83948,281.38684
504,2057-01-16,280.28534,279.58472,278.66803,279.81116,278.82755
505,2057-02-15,277.64072,277.51782,277.7555,279.07013,278.21744
506,2057-03-16,281.38406,280.8108,279.2171,278.7554,279.6919
507,2057-04-16,285.01627,280.33456,281.62604,281.0511,285.11224
508,2057-05-16,285.54715,285.64072,284.57895,285.6362,286.6469
509,2057-06-16,288.96033,292.15854,288.79944,292.14142,291.68213
510,2057-07-16,293.80862,293.7302,294.28848,293.94452,294.43204
511,2057-08-16,291.6746,294.3151,294.9165,293.7275,294.77652
512,2057-09-16,289.6079,291.18457,291.4295,292.46283,292.25876
513,2057-10-16,287.7172,286.23248,286.9925,288.34723,287.224
514,2057-11-16,282.65836,281.83536,281.34607,284.30988,282.4208
515,2057-12-16,281.07993,279.74475,281.6422,279.87555,279.9486
516,2058-01-16,279.65558,279.71674,279.32108,279.25885,279.99155
517,2058-02-15,276.00467,279.94214,276.2465,280.4131,280.34134
518,2058-03-16,280.29324,278.19238,279.0425,277.5263,279.87418
519,2058-04-16,281.4771,282.882,282.45328,281.34012,281.6638
520,2058-05-16,286.5101,285.8579,285.4221,286.15384,286.06647
521,2058-06-16,289.92465,291.92133,295.53326,292.85217,292.43323
522,2058-07-16,294.82324,292.31244,297.37906,292.4518,293.66776
523,2058-08-16,296.0028,294.0971,294.3203,295.3108,293.7848
524,2058-09-16,292.26904,291.5195,291.33795,291.79758,290.8475
525,2058-10-16,286.48547,284.69254,287.23962,287.34647,286.20892
526,2058-11-16,280.71368,282.6423,284.25876,282.91086,283.47565
527,2058-12-16,280.96698,279.28458,280.9177,280.27158,280.53806
528,2059-01-16,278.0314,277.97046,280.45987,278.29593,277.82776
529,2059-02-15,278.95792,277.69614,280.2192,279.14856,276.26215
530,2059-03-16,280.03287,280.895,280.39023,278.6697,279.40195
531,2059-04-16,282.74088,283.65445,282.7158,281.34036,280.8167
532,2059-05-16,286.4697,286.43304,284.68817,284.54645,285.01126
533,2059-06-16,289.40344,289.58884,290.0484,290.05527,292.14655
534,2059-07-16,293.92358,294.52643,295.8389,292.62198,294.67587
535,2059-08-16,294.88812,294.79068,294.0861,292.05283,296.44952
536,2059-09-16,291.46167,292.43866,292.0602,290.7818,290.93002
537,2059-10-16,287.54044,287.60965,285.8436,284.3946,288.09302
538,2059-11-16,285.00085,283.98105,284.40338,282.37192,284.76105
539,2059-12-16,283.0555,282.37595,279.3008,276.6833,280.05573
540,2060-01-16,280.45584,281.22827,276.67847,276.9199,280.48862
541,2060-02-15,275.23367,281.08392,277.07028,278.03638,280.86145
542,2060-03-16,279.67062,282.1398,280.09702,279.42422,282.1312
543,2060-04-16,279.95706,283.0319,281.75305,284.0911,283.49084
544,2060-05-16,286.1113,286.7857,285.736,284.5364,286.06995
545,2060-06-16,291.54697,291.85123,291.86267,294.31873,293.28973
546,2060-07-16,294.161,295.7718,293.98752,295.37302,296.05182
547,2060-08-16,292.95435,295.09274,294.27008,292.91876,296.335
548,2060-09-16,291.2822,291.75534,293.77304,290.94247,290.69147
549,2060-10-16,287.71802,286.15143,287.08685,287.28088,287.15237
550,2060-11-16,283.7071,283.85907,283.6659,285.91644,284.76202
551,2060-12-16,281.45645,279.21942,279.1127,280.98853,281.99683
552,2061-01-16,281.0967,279.65887,274.69357,279.81094,279.4106
553,2061-02-15,279.54547,280.6843,277.5176,279.96307,279.9934
554,2061-03-16,277.826,280.71304,279.5602,279.7883,281.9776
555,2061-04-16,280.55508,284.79172,282.14584,282.34555,283.4199
556,2061-05-16,288.08194,285.68405,286.05963,286.45898,286.72696
557,2061-06-16,291.51364,290.8238,293.41437,290.0225,288.62567
558,2061-07-16,295.05576,294.32986,293.352,295.6776,293.4388
559,2061-08-16,297.01013,295.31613,293.2648,294.6213,293.5735
560,2061-09-16,294.41656,291.02487,293.23486,290.25803,289.89392
561,2061-10-16,289.6723,288.62546,288.4706,287.74512,287.60864
562,2061-11-16,286.94006,282.32806,283.4155,284.33896,284.84897
563,2061-12-16,282.158,280.69247,281.08557,281.66907,282.29907
564,2062-01-16,281.06354,279.20108,278.90378,279.8848,279.7152
565,2062-02-15,279.14276,280.08163,279.68738,279.6133,280.14432
566,2062-03-16,280.36868,280.20044,280.418,279.52518,279.34586
567,2062-04-16,282.24652,283.0994,282.79276,282.79718,281.58716
568,2062-05-16,285.48267,286.02875,285.7281,288.73132,286.58493
569,2062-06-16,289.83713,294.125,290.09714,290.29733,292.8491
570,2062-07-16,295.62494,297.3364,294.61996,294.20932,291.9682
571,2062-08-16,295.96716,297.66025,296.8122,292.3237,294.35956
572,2062-09-16,291.97916,292.42487,290.9649,290.51663,291.2073
573,2062-10-16,287.29346,288.31592,287.86057,286.50098,288.71716
574,2062-11-16,282.1203,283.6209,283.86087,283.0898,283.40582
575,2062-12-16,278.3387,280.9778,281.01984,280.29926,281.09436
576,2063-01-16,278.92026,277.41367,279.79352,279.09476,277.4295
577,2063-02-15,279.2699,280.81958,280.0267,281.19247,278.71243
578,2063-03-16,280.855,280.4528,281.5863,280.3118,280.96182
579,2063-04-16,282.48544,282.34268,282.80478,282.52612,280.8097
580,2063-05-16,285.7706,288.8099,287.09036,286.42844,285.96707
581,2063-06-16,289.51013,291.07184,294.61002,289.91528,291.9237
582,2063-07-16,292.011,295.7135,295.47256,292.83295,293.93045
583,2063-08-16,294.43582,293.4837,294.5567,293.83347,293.64175
584,2063-09-16,292.62302,291.01123,294.1354,291.00156,291.45328
585,2063-10-16,286.3632,287.49585,288.91846,286.5458,287.74
586,2063-11-16,283.76038,283.6897,283.628,283.30646,284.47498
587,2063-12-16,280.9283,280.52512,282.24768,279.96765,282.5099
588,2064-01-16,279.78995,278.78094,279.34476,280.0449,279.76367
589,2064-02-15,279.23862,278.52618,281.0279,277.68475,278.95013
590,2064-03-16,282.04062,279.1785,280.41562,279.7686,280.94452
591,2064-04-16,285.19223,280.38968,282.6234,281.77615,282.5706
592,2064-05-16,286.29346,283.71524,287.73962,284.69678,288.17505
593,2064-06-16,291.10287,289.46423,294.154,291.16364,293.45578
594,2064-07-16,296.7299,293.76654,295.18243,293.10895,296.0065
595,2064-08-16,295.2126,295.17624,295.57172,293.7252,295.09326
596,2064-09-16,291.7014,289.12384,292.81247,291.81863,292.8952
597,2064-10-16,287.5277,286.2411,289.03638,286.0194,290.77744
598,2064-11-16,284.63208,284.05884,284.4982,280.7301,284.55972
599,2064-12-16,283.04517,280.0241,281.13803,280.15503,281.82153
600,2065-01-16,278.36346,277.98947,279.34967,277.53683,279.27768
601,2065-02-15,277.48788,279.41257,280.34387,278.626,279.31885
602,2065-03-16,280.59442,280.18552,281.73724,279.7874,280.18295
603,2065-04-16,281.1184,283.77954,282.46295,281.88995,284.1959
604,2065-05-16,287.37015,286.2366,286.7813,285.1861,285.44235
605,2065-06-16,291.35855,292.08102,290.00647,291.30173,291.2018
606,2065-07-16,294.67453,295.45792,297.06763,294.5928,294.63705
607,2065-08-16,295.65353,293.38083,294.6141,293.14224,294.97388
608,2065-09-16,290.8337,291.23557,290.82523,290.9921,293.6952
609,2065-10-16,285.85013,288.91885,291.50394,285.5702,288.33896
610,2065-11-16,284.03134,287.05594,285.56036,281.6748,283.17273
611,2065-12-16,280.42108,281.92545,282.6545,279.17523,280.39954
612,2066-01-16,281.2338,277.46457,278.0801,277.08722,280.7371
613,2066-02-15,281.86237,280.65057,280.208,278.14786,280.01404
614,2066-03-16,282.39902,280.42804,280.83636,277.78717,281.66284
615,2066-04-16,284.9932,281.4636,280.99615,281.72263,283.8255
616,2066-05-16,286.42014,286.6205,285.56,285.1137,287.9198
617,2066-06-16,293.1458,292.45926,293.60724,291.047,293.03857
618,2066-07-16,295.67505,293.43277,294.5981,294.72238,295.17758
619,2066-08-16,297.49466,294.76602,293.33582,294.23264,295.17694
620,2066-09-16,293.2846,290.58743,292.46692,291.92874,292.82114
621,2066-10-16,287.72845,289.9423,287.83722,286.80933,288.40988
622,2066-11-16,283.28806,284.08185,284.99695,284.1408,283.57965
623,2066-12-16,282.2351,278.39716,282.05832,282.7458,281.7704
624,2067-01-16,278.9781,276.03116,280.8173,278.71878,278.69504
625,2067-02-15,278.64636,276.97067,278.51495,280.40656,279.6579
626,2067-03-16,280.17493,280.18674,281.36264,282.464,279.5141
627,2067-04-16,283.47592,282.44794,282.30896,283.20334,283.26083
628,2067-05-16,283.9828,287.22714,285.40173,285.57098,286.45392
629,2067-06-16,293.1189,289.92087,292.4594,290.36008,294.48273
630,2067-07-16,294.336,291.43842,294.5426,292.55582,295.9853
631,2067-08-16,296.57858,296.03555,294.53937,293.68405,296.4314
632,2067-09-16,290.99847,290.43765,290.27286,290.43668,290.76373
633,2067-10-16,287.4323,286.7321,288.5317,288.37662,287.75592
634,2067-11-16,281.51062,283.38712,282.57886,284.0165,283.9911
635,2067-12-16,280.66098,281.4953,280.19873,281.35873,281.38937
636,2068-01-16,281.3595,281.0449,281.09995,281.30383,281.01764
637,2068-02-15,277.36057,281.44577,281.19333,281.14172,279.4841
638,2068-03-16,280.42343,280.2422,280.0558,279.45392,281.00323
639,2068-04-16,283.28522,281.51166,284.10898,282.4487,280.85266
640,2068-05-16,285.92114,289.98782,284.7573,287.57892,288.42572
641,2068-06-16,292.83408,291.07883,291.77936,292.0411,294.53162
642,2068-07-16,293.32065,295.14395,291.32443,296.3993,292.13376
643,2068-08-16,294.51822,295.8982,294.24603,293.58722,293.59592
644,2068-09-16,292.55014,290.00897,292.7761,292.84485,291.83914
645,2068-10-16,289.43356,285.35748,290.47913,288.50134,287.04428
646,2068-11-16,284.46518,282.8413,283.79227,280.89252,282.54144
647,2068-12-16,282.4571,278.8786,281.65506,281.5709,280.8472
648,2069-01-16,280.91943,278.29456,279.3689,280.52072,279.85144
649,2069-02-15,278.221,280.59247,277.14664,279.15527,278.44278
650,2069-03-16,279.67557,280.9739,279.74194,281.43454,279.8275
651,2069-04-16,283.42764,284.10715,281.36584,282.3616,282.0062
652,2069-05-16,290.63123,288.87222,286.15955,287.92596,286.7148
653,2069-06-16,292.4646,290.0553,294.33557,292.40732,289.75256
654,2069-07-16,296.1236,293.9963,294.9148,294.51456,295.42297
655,2069-08-16,295.11966,295.09198,295.83292,296.5578,296.61978
656,2069-09-16,291.47357,291.7914,291.90247,291.55493,291.52927
657,2069-10-16,288.89453,286.78577,287.72974,288.4234,286.51758
658,2069-11-16,282.41516,282.29294,283.9974,283.5083,283.90143
659,2069-12-16,281.42474,281.401,281.1064,282.01102,281.46207
660,2070-01-16,279.12195,279.51852,279.5597,281.88794,279.45392
661,2070-02-15,279.03165,280.20392,279.91943,280.06204,279.99454
662,2070-03-16,279.8862,281.60416,281.76852,279.68295,279.97903
663,2070-04-16,282.27298,284.50076,281.51147,281.9732,281.76315
664,2070-05-16,285.52075,288.075,286.19363,287.125,286.09317
665,2070-06-16,289.52914,292.6694,291.14996,292.09033,292.5649
666,2070-07-16,292.5548,294.66653,294.17496,294.0013,294.65125
667,2070-08-16,295.63754,294.68182,294.91534,294.8368,296.73444
668,2070-09-16,291.46307,292.689,291.6074,292.18176,291.735
669,2070-10-16,287.32816,287.41238,287.67288,288.71277,288.91837
670,2070-11-16,283.01056,283.8732,284.83875,285.04163,284.06894
671,2070-12-16,281.7888,283.77353,282.3324,282.1671,280.51553
672,2071-01-16,277.8505,279.57834,278.91763,281.41498,276.9229
673,2071-02-15,278.19843,279.04666,279.25497,278.98148,276.14124
674,2071-03-16,280.50482,280.77213,280.4202,280.51016,279.4166
675,2071-04-16,282.36703,284.33447,284.6891,281.8684,280.9053
676,2071-05-16,288.88916,288.1486,287.93198,286.79147,285.1469
677,2071-06-16,291.10883,289.22778,293.43665,291.14615,291.4362
678,2071-07-16,293.135,295.8054,295.87793,293.33286,294.27505
679,2071-08-16,293.2532,295.99194,295.57266,293.8857,294.3052
680,2071-09-16,292.08817,291.18042,291.15646,292.96176,291.99158
681,2071-10-16,286.71234,288.1371,287.75055,285.95523,288.92795
682,2071-11-16,280.99033,284.8419,283.56613,284.66364,283.85648
683,2071-12-16,278.5861,280.6303,281.00397,280.48798,283.09308
684,2072-01-16,280.8855,281.30923,279.88614,279.70734,281.64227
685,2072-02-15,281.11307,281.4136,280.25848,279.60196,278.42044
686,2072-03-16,280.4293,280.99878,280.19666,281.3159,279.98325
687,2072-04-16,282.83374,283.19162,284.29886,282.81744,282.5914
688,2072-05-16,285.50287,286.7712,288.15692,286.52728,286.50577
689,2072-06-16,290.86633,291.37674,290.80365,290.48007,288.2541
690,2072-07-16,292.8642,293.47287,297.01654,292.76886,292.44055
691,2072-08-16,295.3044,296.1241,298.11624,295.07095,294.36246
692,2072-09-16,292.224,293.02393,292.52554,292.22168,292.60376
693,2072-10-16,287.84607,288.76993,285.5071,289.6288,287.303
694,2072-11-16,282.94208,283.7408,282.1324,283.9906,282.51944
695,2072-12-16,281.60974,280.3895,281.33472,281.90277,280.98224
696,2073-01-16,280.18756,278.89545,281.3434,280.02765,281.22806
697,2073-02-15,281.5661,281.63065,279.07843,281.3465,279.97406
698,2073-03-16,281.1638,280.65613,280.91925,281.25778,279.47397
699,2073-04-16,284.94086,282.7534,283.46884,281.402,282.6021
700,2073-05-16,289.58408,286.75922,286.5291,283.11453,287.04782
701,2073-06-16,290.14606,292.148,291.0649,291.07138,295.70828
702,2073-07-16,294.53018,297.85007,296.4206,296.19067,295.5438
703,2073-08-16,296.2781,293.79965,296.0192,296.61264,296.82086
704,2073-09-16,292.4992,290.34528,294.33606,293.15463,293.19614
705,2073-10-16,288.2784,288.57904,288.5868,288.78918,287.75137
706,2073-11-16,283.2322,282.94937,284.50546,284.76538,283.41162
707,2073-12-16,282.3005,281.90067,282.53784,280.902,281.19095
708,2074-01-16,280.99857,277.47766,279.64145,279.80493,280.6974
709,2074-02-15,279.5735,279.5487,280.93097,280.90643,280.28134
710,2074-03-16,282.0026,280.17657,281.37686,281.71573,280.80875
711,2074-04-16,284.53308,282.45892,283.29346,281.85837,282.87164
712,2074-05-16,287.93735,285.6028,287.00446,286.04538,289.84833
713,2074-06-16,291.86447,289.93323,295.0097,295.9744,294.01663
714,2074-07-16,294.63953,294.1107,296.5943,294.42206,297.01224
715,2074-08-16,295.77203,296.60056,294.96545,293.8566,294.10242
716,2074-09-16,292.8406,293.14633,293.53055,292.48535,292.11285
717,2074-10-16,287.40305,288.98587,288.7933,289.0048,288.47238
718,2074-11-16,283.71484,283.96463,285.20642,283.59973,285.09012
719,2074-12-16,282.04382,279.25284,282.04572,280.65292,278.89944
720,2075-01-16,279.0769,278.21616,279.88324,279.62616,279.95795
721,2075-02-15,278.87943,278.2989,281.43686,278.75275,280.62546
722,2075-03-16,281.02344,280.9398,283.6424,279.07867,280.10233
723,2075-04-16,282.61328,284.34164,281.30804,282.83453,280.9637
724,2075-05-16,286.69937,286.87424,287.09702,288.90906,283.44287
725,2075-06-16,289.22528,293.30804,292.0819,293.7621,290.1989
726,2075-07-16,293.3899,294.3408,297.58893,295.74896,293.98364
727,2075-08-16,296.57898,294.90207,297.41382,297.2927,295.25742
728,2075-09-16,293.85458,291.76828,292.8573,292.05084,292.01773
729,2075-10-16,288.19052,288.5406,291.42493,287.84955,289.20618
730,2075-11-16,283.96213,285.03244,284.4039,283.14877,286.1709
731,2075-12-16,282.73672,280.57562,283.2019,282.6155,281.99646
732,2076-01-16,282.12543,278.9539,281.23083,280.85486,280.7231
733,2076-02-15,280.49527,280.23993,280.83456,280.472,279.65704
734,2076-03-16,281.82574,277.72385,280.22266,280.1455,281.96893
735,2076-04-16,283.38257,282.01624,282.69342,282.9714,283.1602
736,2076-05-16,286.09485,288.41537,291.10355,287.8807,287.52832
737,2076-06-16,292.01337,291.62643,293.59204,294.3917,289.81833
738,2076-07-16,296.82855,296.38388,295.13797,294.94882,297.23654
739,2076-08-16,294.57623,295.99527,296.32593,293.1692,296.08228
740,2076-09-16,290.91205,290.33197,290.70776,291.27637,291.70938
741,2076-10-16,287.58087,288.09164,285.61993,287.31516,287.42258
742,2076-11-16,282.5934,284.1803,281.94272,284.0756,284.4587
743,2076-12-16,282.0013,280.38892,279.1677,280.2373,281.25705
744,2077-01-16,281.08286,279.43973,277.74573,281.2257,281.10886
745,2077-02-15,281.32977,279.485,279.6594,280.6683,279.11066
746,2077-03-16,280.02258,280.8351,279.19003,279.23376,280.91977
747,2077-04-16,285.40564,283.58926,282.40216,281.39862,282.8738
748,2077-05-16,286.97864,285.94354,289.28177,284.83194,286.68234
749,2077-06-16,291.79608,293.38135,294.60428,291.06305,295.43164
750,2077-07-16,294.54712,295.6204,296.10532,293.58005,294.18546
751,2077-08-16,295.8284,294.8925,295.76324,295.06372,294.1871
752,2077-09-16,292.24747,292.61548,294.31952,293.93018,291.68744
753,2077-10-16,288.8555,288.8046,289.30246,287.37848,286.50754
754,2077-11-16,283.06882,282.79303,283.33572,284.3475,283.51514
755,2077-12-16,278.70316,282.05887,282.2928,280.49915,283.18738
756,2078-01-16,281.43338,280.6277,279.42465,279.89484,281.46323
757,2078-02-15,278.74423,282.60352,280.2526,279.71494,279.6614
758,2078-03-16,280.53934,281.1348,282.17914,282.48434,280.0145
759,2078-04-16,281.57065,282.63162,285.4497,284.84396,282.6936
760,2078-05-16,285.57928,286.2325,289.02316,286.76956,287.40503
761,2078-06-16,292.54785,291.21188,292.15015,291.43405,292.82965
762,2078-07-16,295.5791,293.77698,294.99567,295.67706,293.30634
763,2078-08-16,295.83313,296.03564,295.41394,295.9809,293.71207
764,2078-09-16,292.39563,290.78903,291.92047,291.33823,293.26837
765,2078-10-16,289.63257,288.46304,288.96997,288.42783,288.10504
766,2078-11-16,283.72174,285.4782,283.23517,285.58716,285.65234
767,2078-12-16,281.83588,284.16376,280.507,282.57297,281.16354
768,2079-01-16,279.53296,281.9624,280.52072,279.76187,280.64825
769,2079-02-15,278.75558,280.1112,280.45062,281.90875,281.44742
770,2079-03-16,279.83734,281.96558,281.45218,282.8536,281.78183
771,2079-04-16,284.13055,283.1552,283.28372,284.47247,283.73767
772,2079-05-16,288.424,286.59152,286.4605,286.58316,290.05966
773,2079-06-16,292.06485,293.51044,292.36124,296.83197,291.63467
774,2079-07-16,298.3852,295.24286,293.9552,296.9369,294.77563
775,2079-08-16,295.1803,294.3656,294.2481,296.4546,296.67572
776,2079-09-16,291.7846,292.5091,292.2919,291.7401,293.39984
777,2079-10-16,286.57773,286.66055,289.73834,286.87982,288.34787
778,2079-11-16,284.6874,283.01645,284.23233,284.1239,286.06088
779,2079-12-16,278.97186,281.53757,281.74268,282.63132,282.07245
780,2080-01-16,279.80896,280.68643,280.2926,280.91882,280.89728
781,2080-02-15,281.01816,280.8673,280.10657,279.66675,278.19565
782,2080-03-16,281.63348,280.72617,280.22263,280.04135,279.50287
783,2080-04-16,283.99164,282.84137,283.66037,284.40744,284.7738
784,2080-05-16,288.15704,286.63153,287.40854,286.13962,287.6212
785,2080-06-16,294.01892,294.91144,294.45758,289.96457,293.90485
786,2080-07-16,296.55447,295.8267,295.6279,295.30554,295.6825
787,2080-08-16,298.9683,296.9612,296.1394,297.42975,295.74774
788,2080-09-16,294.04672,291.69006,291.55646,291.98926,292.10385
789,2080-10-16,292.47232,288.83328,288.70212,288.15927,287.6876
790,2080-11-16,286.45648,284.97006,284.4678,282.71082,285.43884
791,2080-12-16,283.2476,283.216,281.47797,283.0911,283.13837
792,2081-01-16,281.30063,282.20395,279.2774,279.18735,282.4476
793,2081-02-15,280.9121,278.95895,281.84314,282.84683,282.06238
794,2081-03-16,280.88522,280.9325,282.08276,282.2818,282.22623
795,2081-04-16,284.12283,283.45596,283.56415,284.75406,285.2247
796,2081-05-16,286.20792,285.9406,288.0773,287.0456,288.3479
797,2081-06-16,292.09537,290.0578,292.30957,292.1662,291.58597
798,2081-07-16,295.0753,293.84146,296.95444,296.91,299.52866
799,2081-08-16,297.33432,295.77527,295.7157,295.66235,295.3751
800,2081-09-16,292.67853,293.1337,293.30493,292.34772,292.77563
801,2081-10-16,288.896,288.48428,288.17914,289.0441,288.27698
802,2081-11-16,284.5975,285.76483,283.83786,286.4159,284.70456
803,2081-12-16,281.81583,281.93097,280.29974,282.39365,280.37515
804,2082-01-16,279.79114,282.11584,281.18738,281.4014,281.44223
805,2082-02-15,280.94492,279.8307,280.1711,280.6216,282.17142
806,2082-03-16,282.04272,279.57425,282.5982,281.2773,282.1283
807,2082-04-16,285.55832,283.02826,283.6081,281.48257,283.48212
808,2082-05-16,286.24695,286.62613,289.06677,286.70453,287.79242
809,2082-06-16,294.63345,291.21625,296.42923,289.98282,291.88217
810,2082-07-16,296.24924,293.01355,296.90793,294.92792,295.43585
811,2082-08-16,295.67722,296.50784,296.6289,294.56854,298.4637
812,2082-09-16,292.78973,292.749,293.78732,291.16028,292.3587
813,2082-10-16,288.25906,289.35907,289.7275,284.86243,288.5908
814,2082-11-16,284.02686,284.12207,285.1641,282.0163,283.7004
815,2082-12-16,281.9203,281.24512,282.983,278.09085,280.60962
816,2083-01-16,279.02484,279.51846,277.9515,280.30933,279.48093
817,2083-02-15,280.3217,279.5094,280.39725,280.97577,279.84625
818,2083-03-16,281.10754,280.51584,281.88617,283.2304,278.6251
819,2083-04-16,281.93896,283.81094,282.60327,281.8099,282.5634
820,2083-05-16,288.60437,285.07486,288.74994,286.67676,286.99286
821,2083-06-16,293.04587,293.18228,291.789,291.40085,295.15817
822,2083-07-16,293.90042,296.20868,295.19574,296.94037,297.73575
823,2083-08-16,294.63477,295.25613,296.24225,296.4557,296.46115
824,2083-09-16,293.92566,292.35458,293.5937,294.49362,292.37823
825,2083-10-16,290.33105,289.38214,290.27036,288.78302,289.23224
826,2083-11-16,285.02225,285.69177,284.8027,282.30975,285.19266
827,2083-12-16,280.97934,281.9352,283.23044,281.63113,282.75943
828,2084-01-16,281.32462,281.26248,277.78116,280.01343,279.9302
829,2084-02-15,279.4052,278.682,281.52365,277.45987,281.54813
830,2084-03-16,282.0614,282.737,282.21414,280.5038,281.43173
831,2084-04-16,283.63336,285.3368,282.55173,283.3678,282.36145
832,2084-05-16,289.00177,286.8798,287.95728,286.24567,287.18576
833,2084-06-16,292.82996,291.39905,292.0261,291.71683,295.02927
834,2084-07-16,294.74194,293.9935,294.3807,296.36343,295.65332
835,2084-08-16,295.77307,294.17776,295.9776,296.23584,297.9449
836,2084-09-16,293.2423,293.0867,292.0215,293.06436,295.35672
837,2084-10-16,287.827,288.25082,288.10684,288.48315,288.66925
838,2084-11-16,284.689,284.25323,284.17102,284.56067,284.20547
839,2084-12-16,282.47418,284.4674,281.59174,281.8389,283.12997
840,2085-01-16,279.75092,281.53564,280.94086,278.79526,281.8327
841,2085-02-15,278.80542,283.0744,281.68707,280.08496,279.2796
842,2085-03-16,281.52408,282.5801,280.80148,279.52725,281.0734
843,2085-04-16,283.5851,285.39246,282.8925,282.3493,283.5131
844,2085-05-16,286.67438,287.82693,288.58624,286.5163,285.66125
845,2085-06-16,292.211,295.10416,294.72,292.39795,293.38873
846,2085-07-16,295.7032,295.66577,295.6356,293.02686,297.96442
847,2085-08-16,297.27133,298.7209,293.83832,295.54672,296.12927
848,2085-09-16,291.73822,292.75058,293.5264,293.32114,293.57254
849,2085-10-16,287.20004,289.6136,289.28506,290.86728,288.77545
850,2085-11-16,283.8434,284.6377,285.69888,285.07446,283.0845
851,2085-12-16,283.0244,282.3464,282.9564,284.0565,281.30167
852,2086-01-16,281.5428,279.23816,282.021,281.36783,280.84918
853,2086-02-15,280.82196,280.1382,281.1582,279.35272,280.60468
854,2086-03-16,281.73596,282.04443,281.6473,280.05835,282.48465
855,2086-04-16,282.26868,281.24313,285.4695,282.80658,283.76022
856,2086-05-16,287.4498,289.2961,290.1713,288.40665,287.2812
857,2086-06-16,291.18884,291.93774,296.57907,293.76398,294.00735
858,2086-07-16,296.01083,297.05228,299.01474,293.07895,296.7957
859,2086-08-16,294.692,297.23297,296.55756,294.4609,295.44464
860,2086-09-16,290.65158,294.9292,294.23807,292.2241,291.2574
861,2086-10-16,290.10883,289.86957,288.6454,288.0862,287.77304
862,2086-11-16,285.70428,284.3385,284.6996,284.30176,284.80453
863,2086-12-16,280.91135,281.91272,281.08612,282.00076,281.41385
864,2087-01-16,280.49966,281.14383,281.7649,282.31485,279.67395
865,2087-02-15,278.71353,281.02167,277.9579,282.102,282.45596
866,2087-03-16,281.53094,280.24127,282.09686,282.73413,282.77322
867,2087-04-16,284.32336,282.9282,284.22925,281.41275,285.07785
868,2087-05-16,287.14435,289.0593,287.53738,288.5134,288.05804
869,2087-06-16,291.3149,291.82898,293.06625,291.41544,291.1831
870,2087-07-16,293.19946,296.19885,295.78146,296.32138,295.30112
871,2087-08-16,296.5923,295.32343,296.36923,297.1924,296.84418
872,2087-09-16,293.82782,292.2523,293.36343,293.68457,293.4727
873,2087-10-16,289.57434,289.05594,289.40314,287.81943,289.3914
874,2087-11-16,285.33948,285.80707,284.52808,285.75275,287.0554
875,2087-12-16,283.7512,283.48376,283.0671,281.2477,281.1112
876,2088-01-16,282.66293,281.05054,281.26144,280.6888,280.39114
877,2088-02-15,278.94385,280.07108,280.6666,278.39526,281.13126
878,2088-03-16,282.03378,282.20084,280.32236,279.93613,282.0817
879,2088-04-16,284.55334,284.36777,284.1719,282.68854,282.80316
880,2088-05-16,286.74323,286.86462,288.73117,287.3076,288.32593
881,2088-06-16,291.11343,292.51,291.6724,291.60477,291.27368
882,2088-07-16,296.9928,294.48917,296.04755,295.0024,294.57034
883,2088-08-16,295.42767,296.27182,294.97513,296.71533,298.12292
884,2088-09-16,293.06796,294.0343,292.1377,292.12012,295.46988
885,2088-10-16,288.36108,287.2647,289.31845,288.3497,288.892
886,2088-11-16,284.505,285.52167,286.63107,284.45895,284.80148
887,2088-12-16,283.8005,283.40048,282.8894,279.85333,282.09924
888,2089-01-16,282.30676,282.08685,280.2485,281.75452,282.13904
889,2089-02-15,281.77274,281.54575,279.75272,281.39136,281.20374
890,2089-03-16,280.13998,280.5783,281.68478,281.39343,278.97803
891,2089-04-16,282.85043,283.86472,283.57812,283.84595,283.9185
892,2089-05-16,286.02652,286.69855,288.60706,287.6478,290.44385
893,2089-06-16,291.5228,293.52374,293.62338,296.17667,293.05582
894,2089-07-16,294.55606,297.17596,294.91565,295.0149,297.195
895,2089-08-16,295.5892,297.53537,293.87628,296.9986,296.6428
896,2089-09-16,291.54428,295.6925,294.0885,294.07574,293.12177
897,2089-10-16,288.77524,291.5333,289.712,288.87476,289.38367
898,2089-11-16,284.18494,285.28842,284.50854,285.66766,285.97626
899,2089-12-16,280.51303,282.88696,282.0394,281.4918,282.57922
900,2090-01-16,280.99796,281.76614,281.4881,280.8111,280.52023
901,2090-02-15,278.39417,281.53394,280.68988,281.0078,282.12418
902,2090-03-16,280.2924,281.14615,282.43573,280.09784,281.6419
903,2090-04-16,281.63257,283.20303,283.51993,282.90594,282.63974
904,2090-05-16,286.69156,287.04752,288.6821,287.144,288.9044
905,2090-06-16,290.99036,292.92047,292.72476,292.0789,292.45334
906,2090-07-16,295.22397,294.07407,296.19427,299.18643,298.8186
907,2090-08-16,294.9649,295.8946,297.30936,297.9217,293.91824
908,2090-09-16,293.9927,294.83273,293.30594,291.96027,294.21548
909,2090-10-16,289.7235,290.3148,288.33527,287.43774,288.97473
910,2090-11-16,286.05896,286.86044,283.79993,283.45395,286.5371
911,2090-12-16,281.78207,283.62384,280.47266,282.60776,284.02042
912,2091-01-16,281.1415,277.74054,279.44342,279.67273,283.32874
913,2091-02-15,281.6083,280.70398,280.33832,278.98703,283.01932
914,2091-03-16,283.60687,282.4911,281.48376,282.15714,282.0031
915,2091-04-16,283.73895,282.48022,283.46698,284.10165,283.75287
916,2091-05-16,288.1982,289.9988,288.8488,287.0626,287.61502
917,2091-06-16,291.33392,295.37585,290.89917,295.57492,293.86115
918,2091-07-16,295.24713,295.6717,297.53766,295.63284,296.71838
919,2091-08-16,298.87094,297.02145,295.11832,296.2257,297.16785
920,2091-09-16,295.38684,292.6509,291.99704,294.09732,293.98883
921,2091-10-16,289.88837,290.1924,289.0661,289.41583,289.84744
922,2091-11-16,285.37695,285.39978,286.3987,285.2644,285.29547
923,2091-12-16,280.72943,284.07224,283.1105,281.97183,282.77164
924,2092-01-16,279.9191,282.10806,280.58472,281.39905,281.54184
925,2092-02-15,281.03693,281.72882,280.56332,282.296,281.20496
926,2092-03-16,283.03146,282.1762,280.90417,281.49442,281.3074
927,2092-04-16,283.45767,282.99518,283.86502,284.8714,284.17767
928,2092-05-16,287.3114,286.14734,288.36743,287.51895,287.64868
929,2092-06-16,290.65228,291.34058,289.7484,293.0931,293.9294
930,2092-07-16,294.67532,295.17648,296.2273,297.3364,296.73196
931,2092-08-16,296.10864,296.03415,295.41995,297.9014,297.44492
932,2092-09-16,293.0298,294.68045,292.39954,294.11935,294.21524
933,2092-10-16,289.97806,289.32254,290.2347,289.85352,289.4397
934,2092-11-16,288.0506,285.63586,286.76627,284.00354,285.4506
935,2092-12-16,281.7407,283.6268,283.9339,280.46228,282.97797
936,2093-01-16,279.94434,281.2632,281.99115,279.7895,281.73117
937,2093-02-15,279.2549,282.76602,281.48282,279.46487,280.55243
938,2093-03-16,282.56375,282.80917,281.74866,278.25504,281.56616
939,2093-04-16,285.0516,283.27484,284.3019,283.31006,283.24155
940,2093-05-16,288.45282,289.471,286.86627,285.36588,288.0459
941,2093-06-16,294.92444,292.4165,290.95374,293.48874,293.8542
942,2093-07-16,296.0298,295.9244,298.0717,296.11002,296.95135
943,2093-08-16,297.80212,296.60568,296.79556,296.6935,297.3086
944,2093-09-16,294.49762,292.65173,292.79272,292.94974,292.45505
945,2093-10-16,287.80508,287.5213,290.5095,288.46582,289.2431
946,2093-11-16,284.03717,283.99,285.56058,285.71805,284.40207
947,2093-12-16,281.87442,282.56464,282.88278,279.9656,283.83807
948,2094-01-16,282.40616,277.47705,280.0667,277.07883,280.85654
949,2094-02-15,279.7712,281.3933,278.19775,279.90323,279.55988
950,2094-03-16,279.95743,282.8648,280.69464,281.65393,280.1351
951,2094-04-16,281.95844,282.45926,282.79422,283.9195,282.78406
952,2094-05-16,286.42834,287.18124,285.55026,286.561,287.52548
953,2094-06-16,289.71844,291.46442,293.0191,293.91867,293.50732
954,2094-07-16,295.87164,296.23996,296.95972,297.69412,296.11005
955,2094-08-16,297.69604,298.02426,294.94327,296.7969,297.9889
956,2094-09-16,292.9789,292.75244,293.1077,298.07758,292.64935
957,2094-10-16,288.5383,289.09167,287.14966,290.73236,290.26242
958,2094-11-16,285.05612,284.46707,286.58636,284.5362,286.7694
959,2094-12-16,282.55426,281.67975,282.69757,283.49335,282.9014
960,2095-01-16,282.15207,279.62784,281.74716,281.09958,280.1888
961,2095-02-15,279.4689,279.69843,283.02042,280.33032,280.62305
962,2095-03-16,283.19626,280.62433,283.7708,280.63736,280.6785
963,2095-04-16,283.44315,284.8336,285.63858,283.6723,282.18118
964,2095-05-16,286.95676,289.53082,290.21942,287.2059,287.29752
965,2095-06-16,292.75174,293.0506,293.5717,295.3797,289.13852
966,2095-07-16,296.7778,295.7912,296.42316,295.9607,295.05563
967,2095-08-16,297.4085,296.56436,298.7827,297.25775,296.64343
968,2095-09-16,292.38126,293.707,294.95346,292.99915,294.9714
969,2095-10-16,289.6058,288.88004,290.32623,289.90488,288.12714
970,2095-11-16,285.3125,284.4576,286.20163,285.49542,286.5205
971,2095-12-16,280.91345,283.69443,282.49506,281.5432,284.16644
972,2096-01-16,281.46768,279.2772,280.81683,279.74478,281.44025
973,2096-02-15,282.1846,281.43164,280.90945,281.63266,283.00418
974,2096-03-16,282.61102,282.6378,283.0181,282.10394,282.4989
975,2096-04-16,284.03818,285.01544,282.7682,284.69363,283.57263
976,2096-05-16,289.74918,289.23404,286.00806,288.19293,287.10654
977,2096-06-16,294.07407,293.18533,291.5188,293.10898,292.74796
978,2096-07-16,297.29407,295.5188,295.62665,297.3256,298.7683
979,2096-08-16,299.6179,296.47287,295.51996,296.11322,298.23438
980,2096-09-16,294.82834,294.91693,293.4552,292.47226,294.8168
981,2096-10-16,290.34796,289.9784,289.2668,287.55664,289.69266
982,2096-11-16,284.4092,284.2773,287.9954,284.73822,286.10248
983,2096-12-16,281.54376,283.6273,283.05658,282.13623,284.16727
984,2097-01-16,280.07617,282.4416,282.73337,281.49432,281.22617
985,2097-02-15,280.79355,281.56607,282.34082,278.84827,282.97336
986,2097-03-16,280.80457,281.70694,281.87982,280.1108,284.72543
987,2097-04-16,283.94943,284.08023,285.7877,282.35928,285.82718
988,2097-05-16,287.4818,286.46533,289.2389,286.15756,290.48767
989,2097-06-16,295.43073,293.12698,293.21408,292.49655,292.91718
990,2097-07-16,294.06906,293.98547,297.96497,294.8,294.849
991,2097-08-16,296.51108,296.15167,297.0394,296.3602,298.98572
992,2097-09-16,292.67303,293.59222,293.74625,293.4028,295.2957
993,2097-10-16,287.06775,291.56927,289.85217,291.38354,290.54562
994,2097-11-16,284.2676,283.13278,286.19675,285.67618,285.54865
995,2097-12-16,282.77933,281.86343,279.68387,281.79968,283.42703
996,2098-01-16,281.54565,281.08612,280.81628,280.71414,280.96118
997,2098-02-15,281.16696,281.72028,281.17035,279.157,280.97742
998,2098-03-16,281.4056,281.85922,281.54575,281.70535,282.48123
999,2098-04-16,285.57684,284.2081,282.19144,283.0883,284.39328
1000,2098-05-16,286.25156,287.7603,287.17838,288.60995,286.9005
1001,2098-06-16,291.9128,293.93478,295.1707,296.48444,299.41718
1002,2098-07-16,295.08087,296.70636,299.09525,298.37308,297.87955
1003,2098-08-16,296.9292,296.06314,294.5907,298.04675,296.87872
1004,2098-09-16,293.41565,294.31934,292.22327,294.0906,294.19473
1005,2098-10-16,288.57385,290.23462,291.10648,287.78647,291.74966
1006,2098-11-16,286.2794,284.58606,285.6853,284.95328,284.7454
1007,2098-12-16,282.99097,283.0147,280.8542,283.86105,283.1117
1008,2099-01-16,281.0176,281.41583,279.49222,280.56567,280.17075
1009,2099-02-15,278.7105,282.51907,282.168,279.2884,280.87363
1010,2099-03-16,281.21753,282.15427,281.30154,280.45135,281.54706
1011,2099-04-16,282.5348,283.41803,284.04083,283.86273,283.24994
1012,2099-05-16,289.4463,289.19327,287.82666,290.33173,287.42035
1013,2099-06-16,297.4061,295.6107,291.9632,291.26373,293.65506
1014,2099-07-16,297.7668,298.10663,296.14215,296.6293,297.52374
1015,2099-08-16,297.19138,299.20013,295.42813,299.14233,297.77585
1016,2099-09-16,292.64493,293.5325,293.84625,295.73938,294.41467
1017,2099-10-16,287.37683,289.47028,287.8745,289.74524,289.82004
1018,2099-11-16,285.34726,285.6093,284.17404,285.74023,285.24548
1019,2099-12-16,280.7251,283.05322,281.6676,283.59055,281.82596
1020,2100-01-16,280.28113,281.27856,282.08383,281.39438,279.50577
1021,2100-02-15,281.1419,280.30826,281.1574,281.66528,279.68143
1022,2100-03-16,281.81247,281.64203,281.27243,281.82822,282.0538
1023,2100-04-16,285.85397,283.0726,285.5689,283.3431,283.5321
1024,2100-05-16,286.47055,288.04684,289.30475,286.89423,289.45844
1025,2100-06-16,293.087,293.55878,295.11697,293.41248,293.3936
1026,2100-07-16,296.04712,295.21194,297.35977,297.413,297.09244
1027,2100-08-16,296.95245,297.3778,296.9498,298.31723,297.73218
1028,2100-09-16,292.48358,294.12888,294.29785,293.92526,296.99686
1029,2100-10-16,287.44672,289.53464,290.68445,289.63855,289.0637
1030,2100-11-16,285.76828,285.91306,287.35782,283.7842,285.46237
1031,2100-12-16,282.6285,283.035,283.7953,282.89273,283.34705
