,time,r1i1p1f1,r2i1p1f1,r3i1p1f1,r4i1p1f1,r5i1p1f1
0,2015-01-16,279.00012,277.69147,280.6539,279.88742,279.29855
1,2015-02-15,277.12894,277.0262,277.23282,279.1277,280.70554
2,2015-03-16,278.93073,281.5221,280.66132,280.26105,279.2774
3,2015-04-16,283.4543,282.98523,281.80646,282.41223,282.92905
4,2015-05-16,285.3831,284.94797,283.80966,285.07657,285.20953
5,2015-06-16,288.6469,288.4623,288.66483,289.9927,288.45898
6,2015-07-16,290.62323,290.85776,292.52283,291.98245,291.88416
7,2015-08-16,292.17416,292.01126,291.51385,291.4366,292.32147
8,2015-09-16,290.03363,291.8138,290.66782,291.1171,290.03613
9,2015-10-16,287.1875,288.20993,287.72055,287.816,286.23364
10,2015-11-16,283.29135,281.55563,282.30484,284.71805,282.4533
11,2015-12-16,281.3461,281.31454,280.3712,280.937,280.7711
12,2016-01-16,280.77722,277.91202,279.25867,280.14954,278.05185
13,2016-02-15,278.7838,277.5455,278.5041,276.0768,277.38065
14,2016-03-16,279.4352,279.46448,278.5518,278.65005,278.92023
15,2016-04-16,281.28046,282.94638,282.3101,281.6878,279.81906
16,2016-05-16,285.79602,285.5498,284.6635,285.42422,284.443
17,2016-06-16,288.77603,287.4837,288.82983,287.96262,289.2102
18,2016-07-16,290.34348,292.78418,293.8291,290.5056,291.38327
19,2016-08-16,291.957,292.67508,291.878,290.97562,290.87198
20,2016-09-16,291.62885,291.3627,289.53925,290.2848,289.7549
21,2016-10-16,288.2846,287.75452,286.99338,286.7167,288.64532
22,2016-11-16,284.81882,283.4801,283.143,283.1282,282.25797
23,2016-12-16,279.0394,280.0415,279.93677,280.53125,279.6156
24,2017-01-16,280.82947,278.84244,277.50577,276.4671,277.47482
25,2017-02-15,281.2743,280.0166,277.30768,279.9793,276.79666
26,2017-03-16,281.3812,279.38907,279.09418,279.38388,278.34692
27,2017-04-16,282.63626,282.37912,277.87305,283.3662,279.72638
28,2017-05-16,287.48605,287.58807,283.6101,285.65558,283.5121
29,2017-06-16,290.27124,290.86752,288.0476,290.47772,285.778
30,2017-07-16,289.9692,292.84515,291.10468,292.16315,290.0817
31,2017-08-16,290.70547,291.74188,290.6682,292.37036,290.33972
32,2017-09-16,290.28656,289.47437,289.21225,291.14865,290.17255
33,2017-10-16,287.13766,286.04657,287.77252,286.04633,287.137
34,2017-11-16,283.12625,282.49966,283.4153,282.40576,285.2488
35,2017-12-16,280.52304,280.22894,282.52725,278.70935,281.52075
36,2018-01-16,280.12094,276.25293,280.6938,277.47577,279.98276
37,2018-02-15,278.7231,277.43497,280.01,277.2092,280.98694
38,2018-03-16,280.80917,277.72034,278.79825,277.65338,280.66254
39,2018-04-16,281.63245,281.71503,283.35645,280.63806,281.82742
40,2018-05-16,286.17654,285.80856,285.88943,283.45227,285.69012
41,2018-06-16,288.84555,288.2194,287.77155,289.54117,288.06665
42,2018-07-16,291.809,293.50296,291.1737,290.50235,292.60706
43,2018-08-16,291.66943,293.7875,293.03256,292.04425,292.9933
44,2018-09-16,289.11215,292.31335,292.9009,290.58664,290.09277
45,2018-10-16,286.7272,288.94955,287.86734,287.74942,287.97635
46,2018-11-16,281.42178,283.89847,283.8075,283.41257,283.24762
47,2018-12-16,281.5069,279.782,282.62122,279.711,280.5245
48,2019-01-16,280.22473,280.10806,280.84647,275.8592,277.58575
49,2019-02-15,279.6178,278.01813,276.7034,275.0155,278.35083
50,2019-03-16,281.42365,278.32275,279.9701,276.94354,278.73328
51,2019-04-16,283.77625,282.2157,282.24222,281.09067,281.0892
52,2019-05-16,286.34024,285.07733,285.2083,282.73407,284.8661
53,2019-06-16,288.64658,288.7457,287.42435,286.77863,289.3291
54,2019-07-16,290.56012,291.128,291.418,292.18088,290.90448
55,2019-08-16,291.359,292.90213,293.34424,292.29633,292.24078
56,2019-09-16,291.3839,289.6,291.15857,289.4107,290.83344
57,2019-10-16,286.52612,287.26587,286.669,285.6438,287.33908
58,2019-11-16,282.22736,283.5537,284.51755,283.22595,283.94333
59,2019-12-16,278.77213,283.06018,280.88934,281.28226,282.34406
60,2020-01-16,274.62302,279.67807,278.97235,280.2703,278.73492
61,2020-02-15,277.82523,280.85864,278.41617,279.16333,281.4617
62,2020-03-16,278.63,279.52203,278.43246,279.66006,279.22733
63,2020-04-16,282.4269,282.62115,280.38483,281.67233,282.8566
64,2020-05-16,284.6223,286.63367,286.35406,284.53546,285.32404
65,2020-06-16,289.26297,289.59482,288.65753,288.76425,289.26828
66,2020-07-16,290.99716,291.2973,290.9506,290.08368,291.81848
67,2020-08-16,290.64578,294.29553,291.8619,292.22226,292.40082
68,2020-09-16,290.56348,290.31302,289.6987,290.70343,291.3064
69,2020-10-16,285.87872,286.60785,286.85825,287.05096,288.26797
70,2020-11-16,282.4188,281.04437,282.25757,283.55643,283.5843
71,2020-12-16,281.33878,283.06982,280.8824,279.6622,282.19604
72,2021-01-16,281.5784,280.3284,280.64532,280.30194,280.26654
73,2021-02-15,280.66824,278.82504,279.93094,277.3192,279.55307
74,2021-03-16,281.34726,279.0049,279.4947,281.75482,280.47586
75,2021-04-16,281.58862,281.19876,282.67496,283.43405,281.44327
76,2021-05-16,285.71988,285.3967,286.9751,286.28156,285.76672
77,2021-06-16,288.83536,287.8722,290.97708,289.56912,290.06998
78,2021-07-16,291.41467,290.56778,291.71396,291.4715,289.9141
79,2021-08-16,291.90692,290.5488,292.1954,294.55756,291.4755
80,2021-09-16,291.26364,288.45187,289.49078,291.97107,290.32364
81,2021-10-16,285.7642,287.04736,285.62454,286.9267,287.23312
82,2021-11-16,282.85565,284.6851,283.39178,282.99548,283.0087
83,2021-12-16,280.52988,282.6536,280.24985,281.3368,281.08755
84,2022-01-16,277.62027,278.73752,280.43835,279.3585,281.11615
85,2022-02-15,277.6177,277.44373,281.0722,280.43356,280.96732
86,2022-03-16,277.28775,278.65518,281.01315,278.79288,282.03906
87,2022-04-16,280.16013,280.75366,283.49985,282.35538,283.48547
88,2022-05-16,285.57016,286.11502,287.11142,286.4343,284.793
89,2022-06-16,289.9312,287.81146,289.5076,290.31244,289.0668
90,2022-07-16,291.82263,290.86865,293.3174,293.06757,290.34528
91,2022-08-16,291.83142,290.51984,292.93878,292.17352,292.20013
92,2022-09-16,291.15558,289.82498,291.88098,293.0514,290.63956
93,2022-10-16,287.57114,287.65347,288.20132,288.21686,285.6905
94,2022-11-16,282.55658,282.7921,284.34,281.9977,285.47522
95,2022-12-16,280.99884,280.51297,279.96832,281.47614,280.80197
96,2023-01-16,280.1093,275.30954,280.45804,281.19977,278.2409
97,2023-02-15,279.34543,280.00684,280.61032,280.19595,278.12195
98,2023-03-16,277.9988,277.83392,280.4304,280.51117,280.31726
99,2023-04-16,282.68225,280.90814,281.30695,281.58884,282.12344
100,2023-05-16,286.9684,284.1126,284.20016,283.95804,284.92523
101,2023-06-16,290.00745,287.8607,288.79605,290.12616,290.7193
102,2023-07-16,292.183,290.5948,292.68423,289.57593,292.63037
103,2023-08-16,293.77878,292.42017,291.80573,290.28787,294.33453
104,2023-09-16,291.40317,291.424,290.45084,290.14722,291.64963
105,2023-10-16,289.34296,289.03043,289.49515,286.56448,288.8803
106,2023-11-16,284.5473,284.1648,282.5641,283.3397,284.3432
107,2023-12-16,281.76596,281.61108,281.70276,281.48395,280.8882
108,2024-01-16,280.4142,281.04285,278.11368,278.45395,278.0329
109,2024-02-15,281.4054,279.52368,278.0667,278.1367,278.33554
110,2024-03-16,280.59482,281.92883,279.4108,277.76462,281.48495
111,2024-04-16,283.4404,283.51428,281.39322,281.29114,281.37793
112,2024-05-16,286.17276,285.63184,284.9608,286.0841,284.32385
113,2024-06-16,288.3785,288.0782,289.3867,290.12396,288.04395
114,2024-07-16,291.98993,290.40488,291.01086,293.34198,291.6515
115,2024-08-16,292.08505,292.22665,291.92038,293.7358,292.6839
116,2024-09-16,289.36386,291.18213,289.25595,290.40677,290.65417
117,2024-10-16,286.15967,287.40265,287.26306,286.3994,286.85736
118,2024-11-16,284.5889,283.54718,285.85687,281.44632,283.4836
119,2024-12-16,282.69653,279.74918,280.7824,280.07712,282.11517
120,2025-01-16,278.75272,276.4981,278.39383,279.1317,278.328
121,2025-02-15,279.5083,277.8396,278.74066,278.90494,279.06442
122,2025-03-16,280.6681,277.30414,279.10794,281.42084,280.36026
123,2025-04-16,283.76657,281.00134,282.9551,283.53577,282.53375
124,2025-05-16,287.69818,282.631,285.78064,285.4617,285.20523
125,2025-06-16,291.39136,286.73053,289.20877,288.47202,288.67822
126,2025-07-16,292.2534,290.7771,292.663,291.71466,291.7097
127,2025-08-16,292.5451,291.563,293.87308,290.4272,292.24216
128,2025-09-16,291.883,291.23383,294.0237,289.74237,290.3262
129,2025-10-16,287.4036,286.32898,286.4205,288.03622,287.38992
130,2025-11-16,282.15692,282.47308,282.6545,283.9481,285.56345
131,2025-12-16,280.76318,280.50238,281.46692,281.6354,282.6429
132,2026-01-16,277.76935,279.1336,276.19574,281.07642,280.54938
133,2026-02-15,278.22772,279.98724,277.75925,280.21072,277.25528
134,2026-03-16,280.6069,281.9293,278.8277,279.27322,280.49844
135,2026-04-16,283.46945,281.67462,282.1046,282.31412,282.48862
136,2026-05-16,286.48654,285.43515,284.52222,286.7583,284.83374
137,2026-06-16,289.4215,289.0764,290.15668,290.41254,288.95773
138,2026-07-16,293.13193,291.3018,291.95013,290.15366,291.2222
139,2026-08-16,292.69507,293.60843,291.76428,291.4536,291.97314
140,2026-09-16,291.00903,291.84012,288.2774,288.9889,289.94882
141,2026-10-16,287.01782,286.52182,287.07764,285.7245,286.47076
142,2026-11-16,282.82504,283.1426,284.41638,283.46353,282.9744
143,2026-12-16,282.2,281.46036,283.6462,283.58868,279.93103
144,2027-01-16,281.0622,277.32782,280.79086,281.64316,279.90665
145,2027-02-15,278.51175,276.5668,280.62396,280.68167,278.4143
146,2027-03-16,280.00894,279.2286,281.42593,279.15723,278.75565
147,2027-04-16,281.83383,281.72342,282.7425,281.04974,281.63043
148,2027-05-16,284.17023,284.63956,286.2982,285.2832,284.04114
149,2027-06-16,287.0734,291.00894,289.88345,288.34583,288.48526
150,2027-07-16,291.3373,292.47015,291.92966,291.36722,290.62012
151,2027-08-16,292.7908,293.95547,293.25967,292.9534,293.0555
152,2027-09-16,289.82153,289.62402,291.6823,290.3764,291.02298
153,2027-10-16,286.56052,286.78052,286.60117,287.04248,287.4273
154,2027-11-16,282.9164,283.77975,282.5058,284.3506,283.89206
155,2027-12-16,282.52142,278.6568,279.69806,282.73508,282.62488
156,2028-01-16,277.09024,281.41174,280.3548,282.15662,281.1103
157,2028-02-15,275.39505,280.82074,279.0504,279.22787,280.82922
158,2028-03-16,278.53058,280.56915,281.39,281.73575,280.28088
159,2028-04-16,282.45093,283.1081,284.25732,281.268,281.95853
160,2028-05-16,284.3053,285.00018,286.36005,285.99008,285.15677
161,2028-06-16,290.13235,288.6432,290.1869,288.16983,288.22052
162,2028-07-16,292.6864,290.9558,293.38162,291.64508,290.87415
163,2028-08-16,292.70322,290.64255,295.13733,292.85696,292.16992
164,2028-09-16,290.43173,290.07022,291.92288,290.49243,290.29184
165,2028-10-16,285.99722,287.60437,288.10904,287.94293,289.65494
166,2028-11-16,283.17484,284.3206,284.1279,282.53802,284.42224
167,2028-12-16,282.12662,280.85083,280.40286,279.70078,282.43546
168,2029-01-16,279.84558,278.41052,280.57565,280.43304,280.9261
169,2029-02-15,279.34866,279.28607,276.75455,280.27917,280.44165
170,2029-03-16,281.48166,280.3727,278.64175,277.16562,281.06293
171,2029-04-16,282.84335,281.5763,282.5703,281.95935,282.49005
172,2029-05-16,285.05182,285.6291,286.29922,284.86,284.17676
173,2029-06-16,288.3996,289.22882,288.82724,289.80792,287.8048
174,2029-07-16,291.60355,292.62543,290.6127,290.9564,290.54413
175,2029-08-16,293.21872,293.5391,290.4406,292.74014,291.05304
176,2029-09-16,290.0929,290.94897,290.09418,290.89966,288.39542
177,2029-10-16,287.04395,286.45334,285.58344,288.3217,285.88803
178,2029-11-16,283.47607,281.62003,283.3266,284.803,281.96768
179,2029-12-16,280.9441,280.64075,282.52258,282.2732,280.7991
180,2030-01-16,280.56403,279.6835,281.09073,279.4744,278.11734
181,2030-02-15,280.37424,279.0784,281.07388,279.77933,280.2846
182,2030-03-16,280.96228,278.82996,280.72217,279.35153,282.3917
183,2030-04-16,283.42947,282.28604,283.0482,282.7657,283.91522
184,2030-05-16,286.41278,284.15244,286.10553,287.0103,286.50626
185,2030-06-16,289.77432,288.76724,288.74045,290.94974,290.02203
186,2030-07-16,291.89612,293.2273,289.81946,293.261,291.81436
187,2030-08-16,291.4639,295.62988,292.19586,292.3446,293.22073
188,2030-09-16,291.9785,292.41974,290.4743,290.25046,291.06512
189,2030-10-16,287.96378,286.79144,288.95526,288.97168,288.5742
190,2030-11-16,283.82953,282.42984,285.61737,283.80142,285.383
191,2030-12-16,281.79877,278.7361,281.85077,280.96786,282.7254
192,2031-01-16,280.2226,276.4169,277.51422,280.4677,279.50174
193,2031-02-15,281.0726,280.3915,279.06808,280.24594,278.64932
194,2031-03-16,280.10614,280.73108,280.12347,277.04617,278.227
195,2031-04-16,282.59128,283.114,281.20187,282.88187,283.42288
196,2031-05-16,285.4862,286.6141,284.69986,284.98962,284.9457
197,2031-06-16,290.03354,288.8571,288.485,288.79062,288.40222
198,2031-07-16,292.86935,293.36682,292.28424,290.30438,290.82205
199,2031-08-16,293.56793,294.7832,293.2867,292.34253,293.01428
200,2031-09-16,292.4705,290.49103,289.03033,292.95197,291.02225
201,2031-10-16,288.54523,286.83762,285.64938,287.39935,287.69098
202,2031-11-16,284.65295,282.10883,285.7086,283.6566,282.95868
203,2031-12-16,282.55844,282.07855,281.95093,284.0591,282.34003
204,2032-01-16,279.45187,280.65234,281.05426,278.83478,280.3181
205,2032-02-15,279.31122,277.15845,278.00717,277.486,277.70468
206,2032-03-16,280.37756,279.858,280.5929,277.07086,279.1563
207,2032-04-16,282.76093,282.6926,282.5252,281.1306,282.37433
208,2032-05-16,285.7873,286.8408,285.39734,285.71973,286.11823
209,2032-06-16,289.1223,288.01672,287.7266,289.07666,290.14407
210,2032-07-16,292.39264,290.96942,292.5264,293.49478,291.6176
211,2032-08-16,293.3229,292.043,293.09558,293.4913,291.97998
212,2032-09-16,289.8962,288.44748,292.54053,289.13916,291.1195
213,2032-10-16,287.2989,287.0321,287.7201,286.59192,287.43732
214,2032-11-16,282.1824,284.78705,284.6559,283.424,283.4431
215,2032-12-16,280.6475,282.96054,281.84146,277.72818,281.82294
216,2033-01-16,280.35965,280.40942,280.6089,278.2006,276.15872
217,2033-02-15,278.47018,281.76767,279.3859,278.4125,274.61578
218,2033-03-16,279.28946,281.37076,279.27478,282.0923,278.83698
219,2033-04-16,283.98206,283.9816,281.32364,281.98877,281.98865
220,2033-05-16,284.94586,286.58664,285.64697,286.0091,284.37692
221,2033-06-16,289.6485,290.5581,288.7044,288.87558,288.85422
222,2033-07-16,291.28577,292.80402,292.40417,293.43808,292.25894
223,2033-08-16,294.0574,293.15536,294.09097,294.75003,292.17975
224,2033-09-16,290.35992,293.66998,292.24402,292.31622,292.5514
225,2033-10-16,288.2381,287.4288,287.4139,288.11533,289.13043
226,2033-11-16,284.99393,284.65567,286.0119,283.41254,284.59137
227,2033-12-16,282.29333,282.7383,281.45847,282.63184,280.8508
228,2034-01-16,278.8192,279.9301,278.88248,282.47977,279.09186
229,2034-02-15,277.74918,278.61316,276.58658,280.2616,278.9955
230,2034-03-16,279.034,280.22266,279.35086,280.96634,278.85455
231,2034-04-16,282.06335,282.27115,282.9911,284.68484,282.31137
232,2034-05-16,285.2447,287.05658,285.19708,287.7507,285.9276
233,2034-06-16,290.15787,290.0328,289.8344,289.17078,289.51187
234,2034-07-16,292.68024,293.73602,292.33875,291.84286,291.59384
235,2034-08-16,292.44794,293.1989,292.41858,293.8367,292.2992
236,2034-09-16,289.3675,290.27594,290.1157,291.6433,292.73633
237,2034-10-16,288.87314,287.683,287.6505,288.74866,287.17117
238,2034-11-16,283.25055,283.81186,284.6689,284.56174,284.78494
239,2034-12-16,281.49396,281.8471,280.55576,280.5548,281.442
240,2035-01-16,280.80814,281.4038,281.69705,277.3251,277.55933
241,2035-02-15,279.59744,281.32428,280.56107,277.55872,279.63193
242,2035-03-16,280.54205,280.5564,280.96124,279.59894,279.11307
243,2035-04-16,282.84903,284.1843,281.7654,282.8309,282.09604
244,2035-05-16,286.11832,286.4834,286.99274,285.52954,286.38004
245,2035-06-16,290.0884,289.66376,289.06973,288.8368,288.77014
246,2035-07-16,292.74197,292.4959,291.543,291.72098,292.90646
247,2035-08-16,293.5083,292.99194,293.34268,293.1557,294.01855
248,2035-09-16,292.27805,290.25156,291.38068,290.8716,290.8323
249,2035-10-16,288.3298,286.64615,288.88116,285.02542,287.38464
250,2035-11-16,284.68182,284.3623,284.997,282.44534,283.52814
251,2035-12-16,282.85654,281.43552,281.2041,280.68747,281.2736
252,2036-01-16,279.8534,278.92346,279.7866,276.8477,278.38776
253,2036-02-15,276.045,276.7522,279.57773,275.68912,278.8096
254,2036-03-16,279.64108,280.5058,280.41904,279.66846,276.89456
255,2036-04-16,281.44638,282.26447,282.6448,282.14636,282.13474
256,2036-05-16,284.91647,286.60342,286.22787,286.3332,288.11954
257,2036-06-16,291.04572,289.5507,290.48547,290.02988,289.81015
258,2036-07-16,294.21063,292.82587,293.30463,292.77917,291.51526
259,2036-08-16,295.614,293.52002,294.33987,293.7496,291.2836
260,2036-09-16,294.42358,291.19623,290.91092,290.76843,289.78574
261,2036-10-16,290.57477,285.51303,287.21375,288.65613,287.05524
262,2036-11-16,284.60413,282.9496,282.6488,284.8365,284.98547
263,2036-12-16,281.38477,282.3895,279.68323,280.6989,280.42776
264,2037-01-16,279.83444,281.81784,280.68176,277.44714,277.37616
265,2037-02-15,277.3136,278.7787,279.5953,279.1208,279.33667
266,2037-03-16,280.08594,281.2295,280.25632,278.932,279.05338
267,2037-04-16,282.2492,284.37836,281.8704,281.99014,280.78705
268,2037-05-16,285.32648,286.45386,284.5063,284.08978,285.1222
269,2037-06-16,289.6072,290.3873,289.42737,289.30768,288.39795
270,2037-07-16,291.34802,293.95795,291.2533,290.8124,291.69714
271,2037-08-16,292.48465,293.67624,291.46732,291.38205,293.98193
272,2037-09-16,291.49008,290.51593,290.15964,290.16324,291.76743
273,2037-10-16,287.6758,288.00253,285.17175,286.0827,285.97073
274,2037-11-16,283.18756,284.4609,282.86008,283.20157,284.0912
275,2037-12-16,282.19556,280.88123,281.78967,283.05814,282.3657
276,2038-01-16,279.37436,277.6871,277.96417,280.9833,278.35593
277,2038-02-15,280.3999,277.1691,277.89966,281.8737,275.61484
278,2038-03-16,277.75146,279.37613,278.743,281.12753,280.01556
279,2038-04-16,283.38306,282.2433,280.84286,282.46298,282.16248
280,2038-05-16,286.37573,286.40958,285.21478,286.74374,284.26627
281,2038-06-16,289.19684,287.80872,288.15274,290.88702,291.01154
282,2038-07-16,293.6626,290.36508,292.388,293.5008,293.06546
283,2038-08-16,292.82153,292.66003,292.9659,293.07956,293.15158
284,2038-09-16,292.1207,291.81293,292.0242,290.76926,292.24023
285,2038-10-16,288.80154,289.37006,286.76456,287.77197,287.04233
286,2038-11-16,282.7645,285.12146,283.9368,284.77356,284.74594
287,2038-12-16,280.40533,283.37433,280.96805,282.40274,279.23883
288,2039-01-16,279.28616,280.6369,280.00787,277.6614,279.20593
289,2039-02-15,278.4895,280.7828,282.02472,278.40567,276.87582
290,2039-03-16,282.04776,279.73148,282.17694,278.01398,278.14304
291,2039-04-16,283.24667,282.7136,281.1615,282.23904,281.59528
292,2039-05-16,286.06546,285.14734,285.93686,285.63025,283.74084
293,2039-06-16,288.1593,290.40005,291.10214,288.31793,288.1767
294,2039-07-16,291.5094,291.09375,294.10428,291.04645,291.09348
295,2039-08-16,293.97623,291.7746,293.55032,291.40494,292.67572
296,2039-09-16,292.8176,288.8949,292.1422,289.7344,289.20673
297,2039-10-16,287.67386,286.6914,288.10284,285.1018,286.34958
298,2039-11-16,282.1622,283.057,285.49338,283.61914,284.51434
299,2039-12-16,282.40558,282.3951,282.61215,281.58505,280.99274
300,2040-01-16,280.21793,280.39908,281.8937,278.6551,280.07077
301,2040-02-15,282.6163,279.4208,280.55472,278.29483,279.38937
302,2040-03-16,281.96194,279.1991,281.74655,277.34378,280.4453
303,2040-04-16,284.02414,282.5917,282.6139,280.88077,281.3528
304,2040-05-16,287.8606,285.2831,284.41614,284.14783,286.23572
305,2040-06-16,290.42267,290.8791,288.4212,289.24615,290.31842
306,2040-07-16,294.47037,293.12228,291.88763,292.67377,292.2062
307,2040-08-16,295.34836,292.7379,293.66467,291.96167,292.96295
308,2040-09-16,291.34473,290.78314,289.52448,289.83246,290.51352
309,2040-10-16,287.31284,288.25122,287.0321,286.29373,286.88022
310,2040-11-16,284.1115,284.97418,282.30783,282.97348,283.14337
311,2040-12-16,281.8573,279.88763,281.43573,281.55478,279.84903
312,2041-01-16,279.35803,279.49625,279.93982,279.72815,281.34857
313,2041-02-15,278.58765,278.94922,277.98972,278.3032,281.87714
314,2041-03-16,279.04642,278.6323,281.0555,278.9907,281.3421
315,2041-04-16,281.9005,282.84528,282.26627,282.66635,282.4381
316,2041-05-16,286.0162,284.13974,285.84018,286.92142,284.9184
317,2041-06-16,290.5563,290.37845,290.2424,291.4472,289.08325
318,2041-07-16,294.79797,293.65637,292.56607,292.29913,292.39203
319,2041-08-16,294.00653,292.8092,292.6616,291.49222,292.8566
320,2041-09-16,291.33844,290.81323,290.24606,291.45517,291.0172
321,2041-10-16,289.9042,289.53006,287.12695,289.2756,287.48837
322,2041-11-16,286.36075,284.78427,283.8055,283.5678,284.3269
323,2041-12-16,278.61557,281.25717,281.80396,281.28006,279.0702
324,2042-01-16,281.19373,282.9745,282.02487,279.82498,277.20212
325,2042-02-15,280.41083,281.4634,280.82068,279.34793,277.4384
326,2042-03-16,282.626,281.34793,278.78522,280.7246,278.71658
327,2042-04-16,282.5286,283.03638,282.8509,282.32092,280.5237
328,2042-05-16,286.4425,286.79355,286.6451,286.65558,284.8567
329,2042-06-16,288.17007,290.84045,288.8113,290.97202,292.10583
330,2042-07-16,291.71405,293.1316,291.94675,292.67828,293.3076
331,2042-08-16,294.1428,292.98288,293.85843,293.9186,294.6145
332,2042-09-16,290.3319,291.3417,291.40326,290.8703,290.3406
333,2042-10-16,286.31406,288.38348,287.4173,288.26965,288.7971
334,2042-11-16,283.10684,283.79282,284.55304,283.21753,284.6521
335,2042-12-16,280.87988,280.83295,281.69864,280.96317,279.22128
336,2043-01-16,279.87222,277.546,279.9378,277.80994,279.93597
337,2043-02-15,282.12924,278.01926,281.28983,276.35226,280.5824
338,2043-03-16,282.00687,280.8479,279.59573,278.81888,279.94482
339,2043-04-16,283.37186,282.78186,284.0173,280.17035,281.46796
340,2043-05-16,288.05023,288.1999,285.06052,282.93646,284.99753
341,2043-06-16,291.01038,291.47653,288.7815,287.31708,288.59192
342,2043-07-16,293.61847,292.76022,291.79208,290.76215,291.44885
343,2043-08-16,295.76602,294.04868,293.3017,292.6149,292.07117
344,2043-09-16,292.5028,291.6017,291.3721,292.6601,289.38287
345,2043-10-16,287.25616,289.40256,287.8748,286.8475,287.46127
346,2043-11-16,283.7966,285.56677,282.78946,282.69263,284.24747
347,2043-12-16,282.06543,282.06708,280.0377,280.19696,281.63577
348,2044-01-16,281.32144,279.65903,281.34583,278.87628,279.22604
349,2044-02-15,278.83615,280.03455,280.44067,278.95148,277.68195
350,2044-03-16,279.9455,280.94257,281.12335,278.71976,279.19382
351,2044-04-16,281.83563,283.67682,284.34464,284.0937,282.39822
352,2044-05-16,285.05862,286.17365,285.91037,286.64227,285.15137
353,2044-06-16,290.50153,291.6271,290.3777,290.7742,289.01816
354,2044-07-16,292.83124,295.1829,294.4671,292.45392,291.34692
355,2044-08-16,294.13498,293.61746,294.03214,292.55295,291.89453
356,2044-09-16,292.16528,291.101,292.34302,291.1259,291.16956
357,2044-10-16,287.8461,287.72086,290.08362,288.20438,288.1723
358,2044-11-16,285.18552,283.5801,284.8762,283.8141,281.8775
359,2044-12-16,281.05502,281.08804,281.92023,280.39813,279.99783
360,2045-01-16,279.96692,281.56332,279.95474,280.14078,280.0787
361,2045-02-15,278.6504,278.9782,277.26694,280.56735,275.85913
362,2045-03-16,279.4372,277.92233,280.4865,281.26947,279.3035
363,2045-04-16,283.733,280.54303,282.86694,283.44827,282.75064
364,2045-05-16,285.7067,284.44794,285.23785,287.62387,284.3048
365,2045-06-16,290.41202,288.9941,290.40286,290.59076,287.68158
366,2045-07-16,292.23557,293.3562,294.25458,294.08588,290.72015
367,2045-08-16,291.51447,293.566,295.6397,295.1133,290.56345
368,2045-09-16,290.4551,290.1687,291.6346,292.18716,290.9112
369,2045-10-16,288.30887,287.37817,288.62683,288.93277,286.45502
370,2045-11-16,285.48587,284.4369,283.49185,284.8707,284.1194
371,2045-12-16,283.63965,281.90027,279.9976,283.66956,281.4792
372,2046-01-16,282.39835,280.57886,280.59256,282.2599,281.17978
373,2046-02-15,281.74722,281.5206,278.04562,281.90448,281.6182
374,2046-03-16,280.6827,278.44427,280.00885,281.43802,280.84177
375,2046-04-16,284.18704,282.8465,282.44357,284.86472,283.1879
376,2046-05-16,287.2635,285.35553,286.53812,287.6573,286.47052
377,2046-06-16,290.83176,289.08722,290.37473,289.63336,288.3917
378,2046-07-16,293.48834,292.95053,294.01855,293.77002,292.89255
379,2046-08-16,293.35165,294.35114,295.19916,294.34103,294.08856
380,2046-09-16,291.41312,290.54074,294.76852,291.974,293.9064
381,2046-10-16,286.46503,287.9382,287.77795,288.70767,289.42896
382,2046-11-16,285.19675,283.8976,283.78326,284.79083,284.43234
383,2046-12-16,281.05936,283.26764,281.79947,282.01782,280.54105
384,2047-01-16,279.87964,280.71628,277.3653,279.03348,277.8528
385,2047-02-15,279.92065,281.68546,281.91492,279.28595,280.50372
386,2047-03-16,281.75278,281.33917,284.03955,281.71143,279.573
387,2047-04-16,283.67975,285.46918,283.793,285.1959,281.93317
388,2047-05-16,285.85477,288.4415,286.08887,287.68033,285.36447
389,2047-06-16,290.38577,291.54938,290.71442,289.89096,291.091
390,2047-07-16,292.47452,293.73923,292.72043,295.18643,292.64105
391,2047-08-16,292.20477,296.20142,296.11993,294.2494,293.68478
392,2047-09-16,291.87253,292.10254,291.06503,291.39053,289.3875
393,2047-10-16,288.10187,287.63797,287.54175,287.21136,289.38452
394,2047-11-16,283.34506,285.555,284.87247,283.78656,286.33786
395,2047-12-16,281.29483,282.3605,280.689,282.6351,282.5473
396,2048-01-16,279.78363,280.20856,280.22528,280.32236,278.6407
397,2048-02-15,279.67032,281.452,279.39056,280.0596,278.33188
398,2048-03-16,279.80774,280.48932,281.55945,282.41293,279.97107
399,2048-04-16,283.55414,283.27472,282.67926,281.62463,281.7142
400,2048-05-16,284.75818,285.5581,285.7826,285.5202,284.37296
401,2048-06-16,289.75684,291.43997,290.1744,291.02896,289.67413
402,2048-07-16,291.66153,293.21225,292.18707,294.32864,291.09
403,2048-08-16,293.04202,293.7653,292.55582,293.31567,292.08197
404,2048-09-16,291.2001,290.5677,291.82596,289.59702,292.44992
405,2048-10-16,289.3796,286.5174,289.5405,287.97574,290.31842
406,2048-11-16,285.06284,283.66238,284.23547,283.85272,284.57315
407,2048-12-16,283.70834,281.82587,280.36475,281.56732,280.08087
408,2049-01-16,279.95395,280.7154,281.4158,280.7379,279.9455
409,2049-02-15,279.42056,280.24698,280.59256,280.1938,275.27722
410,2049-03-16,278.14767,279.95093,280.3461,279.85403,280.427
411,2049-04-16,281.9495,283.16916,284.32526,281.44592,282.35657
412,2049-05-16,285.76352,286.04913,286.77957,285.59665,288.69418
413,2049-06-16,291.8142,290.2988,288.5364,289.23157,291.77582
414,2049-07-16,294.84137,293.894,292.88806,292.0689,295.82016
415,2049-08-16,295.2328,293.8304,292.7547,293.2651,294.12158
416,2049-09-16,294.08496,291.31674,290.89474,291.89532,292.7386
417,2049-10-16,288.87192,287.23743,288.3844,287.3687,287.84598
418,2049-11-16,283.1162,283.13788,284.5915,283.38177,284.03
419,2049-12-16,282.08047,282.31635,282.25415,282.44928,279.68576
420,2050-01-16,282.13687,280.13916,278.5997,281.2643,281.3967
421,2050-02-15,281.00055,279.28003,281.32465,279.05362,281.29755
422,2050-03-16,282.16638,280.30884,282.69305,279.8997,280.40176
423,2050-04-16,283.0523,281.82425,283.72357,281.54654,281.53268
424,2050-05-16,286.52887,285.02484,286.54822,287.17026,284.44244
425,2050-06-16,291.71997,289.26895,291.33032,289.06155,288.52002
426,2050-07-16,295.5211,290.97186,292.11917,292.95587,291.5637
427,2050-08-16,295.1908,293.67227,293.01535,293.0276,291.62488
428,2050-09-16,292.1654,290.60324,290.2176,292.92694,290.3255
429,2050-10-16,289.09998,286.09137,288.0339,286.1569,286.9041
430,2050-11-16,284.7143,284.49426,283.4415,282.39615,282.42508
431,2050-12-16,280.5471,280.6061,279.887,281.28036,281.6805
432,2051-01-16,277.88043,279.8716,279.6396,280.53177,280.98688
433,2051-02-15,280.26608,279.44183,279.6621,279.59937,279.56686
434,2051-03-16,280.8564,280.88528,279.54102,279.22006,279.08725
435,2051-04-16,284.28357,282.47623,281.42505,284.3264,283.05054
436,2051-05-16,285.58746,287.1807,285.7522,285.51425,286.31964
437,2051-06-16,290.87106,291.27985,289.15543,291.73196,290.9784
438,2051-07-16,294.60986,293.50146,292.95657,294.5836,291.64423
439,2051-08-16,296.88168,295.67844,292.18256,293.42148,292.63373
440,2051-09-16,293.76935,292.86038,291.3904,291.1888,291.45096
441,2051-10-16,288.09485,289.3706,287.99496,287.0423,288.3451
442,2051-11-16,282.83182,285.4582,285.60587,285.89352,285.7131
443,2051-12-16,281.58633,282.5398,282.57767,281.59305,282.7754
444,2052-01-16,279.39832,281.81454,281.2064,281.2922,280.2775
445,2052-02-15,277.98764,281.60034,279.82306,278.3808,278.88364
446,2052-03-16,279.03833,280.57397,280.2638,280.22598,279.5123
447,2052-04-16,282.14276,283.35767,282.00687,283.28137,283.762
448,2052-05-16,286.41855,286.47247,285.30994,287.5549,285.86307
449,2052-06-16,289.64908,289.6379,290.29343,290.2172,290.12302
450,2052-07-16,292.43668,291.75403,295.0673,293.59677,293.43378
451,2052-08-16,293.338,294.13672,294.84903,293.67676,294.534
452,2052-09-16,291.74228,290.40042,290.64252,293.89517,290.07474
453,2052-10-16,287.23972,287.23846,286.78204,290.68115,288.8831
454,2052-11-16,282.8442,283.0747,284.05905,283.33682,283.88007
455,2052-12-16,279.76874,281.32175,282.52988,280.01483,280.67587
456,2053-01-16,279.58807,279.3857,280.9421,279.33557,281.5932
457,2053-02-15,280.9888,278.19305,277.71506,276.63156,281.73267
458,2053-03-16,279.02728,281.00635,281.09756,280.24136,281.66876
459,2053-04-16,284.51196,282.67047,283.37,282.0184,283.8936
460,2053-05-16,286.83398,284.82693,286.23987,286.60858,285.71432
461,2053-06-16,289.44128,289.78952,291.08783,289.18405,289.1977
462,2053-07-16,293.02264,292.77887,293.7781,292.23682,291.57642
463,2053-08-16,293.46008,293.32712,294.90247,293.36923,295.13956
464,2053-09-16,292.26746,293.86313,292.6158,290.74866,291.25586
465,2053-10-16,289.52615,289.89117,289.35397,286.42548,288.96017
466,2053-11-16,285.495,285.2749,285.59543,282.6521,285.60483
467,2053-12-16,280.65863,283.3173,281.75006,283.9238,283.03128
468,2054-01-16,276.60156,282.50452,281.03732,278.97687,280.70395
469,2054-02-15,275.81293,280.61624,278.7023,280.26865,278.6965
470,2054-03-16,280.5555,281.02722,280.05533,282.65747,278.29877
471,2054-04-16,283.35434,282.2191,284.87387,282.25903,282.1858
472,2054-05-16,285.09378,286.15506,286.6163,285.8542,284.64297
473,2054-06-16,289.3576,289.81876,290.03424,290.06207,290.19208
474,2054-07-16,291.90866,291.29623,292.6604,293.21033,295.1475
475,2054-08-16,292.82608,292.2567,293.90692,293.26257,294.76547
476,2054-09-16,290.5507,290.64517,295.50403,291.7928,292.50955
477,2054-10-16,288.7474,288.65674,289.1186,286.92636,289.11676
478,2054-11-16,283.9969,283.51572,286.29657,286.03964,284.6149
479,2054-12-16,282.35968,280.92862,281.3569,283.59094,282.66913
480,2055-01-16,280.56992,278.75476,275.66602,279.54388,278.77036
481,2055-02-15,280.83484,282.5703,279.00632,278.7756,280.98395
482,2055-03-16,278.79132,279.90378,277.22867,280.56638,281.76794
483,2055-04-16,284.07446,283.49963,282.43875,282.71155,281.4348
484,2055-05-16,286.3926,287.33737,286.34406,288.2382,286.0802
485,2055-06-16,290.30728,290.28116,290.1326,289.17358,288.64822
486,2055-07-16,292.4836,292.20316,292.3205,291.84998,292.70343
487,2055-08-16,295.87283,295.43674,295.56027,293.0142,291.40106
488,2055-09-16,293.03625,293.81503,291.1495,291.1485,290.7183
489,2055-10-16,288.58862,290.72226,288.26907,288.54935,289.2744
490,2055-11-16,285.18063,286.18903,282.8678,283.0601,284.07
491,2055-12-16,283.4674,282.84442,279.56882,283.67352,280.77374
492,2056-01-16,281.55396,279.21133,281.30728,278.36853,281.73553
493,2056-02-15,277.36566,278.523,280.8715,281.32993,280.3392
494,2056-03-16,281.7559,278.73508,280.07672,279.63467,283.54694
495,2056-04-16,281.93427,282.57556,282.39676,281.08975,283.16925
496,2056-05-16,287.94995,286.40353,285.60428,286.47842,285.69122
497,2056-06-16,290.8495,292.77966,289.6222,291.49857,290.20358
498,2056-07-16,294.26376,293.8791,292.9219,292.83173,291.38498
499,2056-08-16,296.51535,294.51108,295.3636,291.88766,292.53445
500,2056-09-16,292.20334,290.7691,292.668,290.3394,292.50897
501,2056-10-16,287.8882,286.63843,289.06757,287.0831,289.12772
502,2056-11-16,285.19464,283.61737,283.98563,284.29926,283.73135
503,2056-12-16,279.68787,283.71375,281.48376,282.1914,279.93692
504,2057-01-16,279.94266,280.40533,280.94272,274.46948,279.60468
505,2057-02-15,280.59668,281.04547,282.34207,274.12692,279.2483
506,2057-03-16,280.61557,280.89252,280.15863,279.67728,280.59198
507,2057-04-16,283.07196,282.9279,282.69724,281.2054,283.45117
508,2057-05-16,286.46735,287.96027,286.208,285.22995,286.53665
509,2057-06-16,291.15527,291.57605,288.68094,291.16083,290.85742
510,2057-07-16,294.16254,294.07184,292.5896,296.10745,292.25974
511,2057-08-16,294.36258,294.5667,293.4282,294.33365,293.1998
512,2057-09-16,292.2,290.6358,291.06952,291.38092,292.6622
513,2057-10-16,289.83743,288.88037,288.19855,287.9312,286.1418
514,2057-11-16,283.29156,284.52454,285.3583,285.07828,283.67166
515,2057-12-16,280.84866,280.10086,281.4233,279.05872,281.40442
516,2058-01-16,281.13187,280.85483,277.90118,279.9182,278.2295
517,2058-02-15,280.53735,282.09305,281.22064,280.1725,278.87018
518,2058-03-16,283.00305,282.22714,281.83838,279.24408,281.04288
519,2058-04-16,284.75565,283.73022,283.46094,282.83023,282.18103
520,2058-05-16,287.1738,287.5514,285.36087,285.2956,285.37543
521,2058-06-16,289.66525,290.8172,290.58887,290.64948,291.77972
522,2058-07-16,294.18768,294.3689,293.36612,295.0648,292.72015
523,2058-08-16,294.43018,295.34497,293.60434,295.34152,294.05603
524,2058-09-16,290.85086,292.68597,291.47153,291.7095,290.28375
525,2058-10-16,288.5619,289.7932,285.98102,287.6332,289.61694
526,2058-11-16,285.55826,284.7396,284.09348,284.113,284.8145
527,2058-12-16,283.05234,284.85242,284.4085,281.64224,283.70013
528,2059-01-16,280.69348,278.91956,281.7003,281.4816,281.3753
529,2059-02-15,282.94302,279.4538,279.84998,280.64798,278.86038
530,2059-03-16,281.46613,281.9145,282.0257,280.5595,279.9109
531,2059-04-16,284.3695,283.2404,282.7156,282.50192,284.3036
532,2059-05-16,286.48746,287.28632,287.08704,287.4744,285.98392
533,2059-06-16,290.61404,291.66788,288.90436,290.8219,289.6802
534,2059-07-16,295.63492,296.80954,293.08432,292.91592,292.46655
535,2059-08-16,293.77936,296.3631,293.64893,293.66537,293.63635
536,2059-09-16,290.61624,294.37405,291.223,290.4294,290.76935
537,2059-10-16,288.5715,289.22385,288.71222,286.23215,287.3877
538,2059-11-16,284.1245,283.78918,284.22794,283.78903,284.21106
539,2059-12-16,280.5403,282.40656,282.34982,282.10214,281.63522
540,2060-01-16,279.63736,279.36386,277.83118,280.87238,279.964
541,2060-02-15,280.20972,279.1,281.36374,281.76062,280.41098
542,2060-03-16,279.7546,279.63968,281.4672,282.44467,280.07727
543,2060-04-16,282.2967,283.5019,283.71335,284.46542,282.3363
544,2060-05-16,285.6944,286.6533,287.50757,286.58246,285.95422
545,2060-06-16,289.78696,289.85962,291.06882,290.25854,290.66095
546,2060-07-16,292.5176,294.67438,295.00156,293.7248,291.7858
547,2060-08-16,292.6244,295.24002,293.19025,295.11548,294.47543
548,2060-09-16,291.96304,292.4679,292.8972,294.13284,291.04214
549,2060-10-16,288.43777,287.03046,287.79468,290.91974,287.29138
550,2060-11-16,283.90765,284.40463,284.2233,283.43057,281.90707
551,2060-12-16,281.81348,280.1887,282.12073,283.14514,282.8437
552,2061-01-16,280.60324,276.18097,278.07156,282.54822,281.5307
553,2061-02-15,281.2864,279.66263,276.42688,281.9315,278.74466
554,2061-03-16,280.21185,282.42053,279.00677,281.8428,280.8138
555,2061-04-16,282.27957,283.29398,281.59106,283.5704,282.0071
556,2061-05-16,287.01297,287.20654,286.46664,286.9927,286.23325
557,2061-06-16,291.43948,290.08478,289.63824,290.29242,291.0269
558,2061-07-16,294.2555,293.3483,294.73718,292.78723,294.10355
559,2061-08-16,295.14032,293.43558,295.32608,293.85828,292.47037
560,2061-09-16,293.19162,290.9228,292.25757,291.5318,291.61212
561,2061-10-16,288.71732,286.79742,289.32437,287.7019,287.70883
562,2061-11-16,284.76437,283.86963,284.01083,285.26126,285.74057
563,2061-12-16,283.40796,281.985,279.8779,283.12354,281.2157
564,2062-01-16,282.60312,280.83557,278.63553,278.40454,280.30432
565,2062-02-15,280.07748,281.10727,276.7412,280.6489,280.61264
566,2062-03-16,280.7905,279.11862,279.12323,283.43454,279.67383
567,2062-04-16,284.0361,283.70157,282.23337,284.02878,282.78937
568,2062-05-16,287.16217,286.37442,286.4623,287.74042,286.8049
569,2062-06-16,292.05118,291.4513,289.46906,290.91257,289.85504
570,2062-07-16,294.6954,293.0856,292.53546,292.7528,293.87292
571,2062-08-16,294.0622,293.7466,294.83554,292.4334,295.62875
572,2062-09-16,290.86044,291.08414,292.49884,294.00696,292.53387
573,2062-10-16,287.82486,288.25064,288.93106,289.90164,287.9645
574,2062-11-16,283.1724,285.06912,284.79913,284.49875,284.10458
575,2062-12-16,282.6287,283.973,282.27545,283.16757,281.2893
576,2063-01-16,279.44208,278.9725,280.55048,283.13538,280.1321
577,2063-02-15,281.08853,280.40488,278.59033,280.9183,278.28604
578,2063-03-16,283.2396,281.23825,279.85043,280.96848,281.40213
579,2063-04-16,285.01196,283.80167,282.84833,282.95184,283.57208
580,2063-05-16,287.80737,286.6754,284.88885,286.03262,287.30832
581,2063-06-16,291.71265,293.3748,290.83084,290.54398,291.94083
582,2063-07-16,296.01694,294.7331,294.10526,293.3834,293.0006
583,2063-08-16,297.13483,293.95724,294.47974,295.5257,293.2539
584,2063-09-16,293.26755,291.59912,290.625,294.8189,291.96686
585,2063-10-16,290.378,286.97455,289.31216,287.72675,289.62692
586,2063-11-16,282.97116,284.4638,285.8768,285.1464,285.48523
587,2063-12-16,283.56845,280.93484,283.7072,284.138,282.58804
588,2064-01-16,281.5385,280.6886,281.24185,281.3328,278.89957
589,2064-02-15,282.5126,281.32474,280.82513,279.45526,279.75806
590,2064-03-16,282.22906,280.35056,280.83624,279.0549,280.6814
591,2064-04-16,282.1754,283.14215,282.6389,283.76172,281.0991
592,2064-05-16,286.78613,285.29593,286.08072,285.53745,285.58655
593,2064-06-16,289.64053,290.12024,290.82556,288.86142,290.46353
594,2064-07-16,294.78766,293.04138,294.0853,291.84167,294.91766
595,2064-08-16,296.8239,295.91156,295.3167,294.48492,294.67673
596,2064-09-16,293.87195,290.93164,293.18872,292.95453,294.8961
597,2064-10-16,290.15057,288.81354,289.18103,287.38635,288.94827
598,2064-11-16,285.36746,282.3106,286.73734,285.5202,284.0129
599,2064-12-16,283.58368,281.37994,282.77615,284.24905,281.48383
600,2065-01-16,280.60754,281.0104,280.39594,280.95233,280.3865
601,2065-02-15,281.5913,277.57373,282.15326,280.46713,281.7456
602,2065-03-16,280.6701,280.81784,282.85544,280.26312,282.43198
603,2065-04-16,283.2879,282.19006,283.2641,284.5771,285.36572
604,2065-05-16,286.65942,286.52826,287.48962,288.41678,286.59473
605,2065-06-16,291.2941,290.83255,289.72253,290.5189,289.47684
606,2065-07-16,293.29843,291.32355,292.76584,293.86935,291.58328
607,2065-08-16,293.60037,293.41354,296.21918,294.49744,291.5713
608,2065-09-16,292.531,291.35992,293.81277,292.2461,291.27078
609,2065-10-16,287.71494,288.2519,290.65573,289.4649,289.7498
610,2065-11-16,282.86325,284.6876,284.28818,283.13214,285.06497
611,2065-12-16,282.61633,283.54828,280.60507,282.54413,280.85626
612,2066-01-16,278.96234,280.35153,281.75192,281.11133,280.99585
613,2066-02-15,279.49777,281.23044,280.05817,278.79025,279.28214
614,2066-03-16,281.7708,281.98758,280.9825,279.86972,279.9025
615,2066-04-16,285.01813,284.45724,283.91925,283.31436,281.7316
616,2066-05-16,288.31387,285.74908,287.17166,288.48224,287.10635
617,2066-06-16,290.975,288.9271,292.8344,291.31036,290.3374
618,2066-07-16,294.51907,292.86304,295.04416,293.13113,293.86734
619,2066-08-16,296.8445,294.39014,294.61557,293.98178,294.04
620,2066-09-16,293.2219,293.13007,292.44217,292.547,293.14
621,2066-10-16,291.12704,288.21042,287.88577,287.6497,289.4117
622,2066-11-16,283.3863,284.14398,285.04694,285.40457,285.7676
623,2066-12-16,281.7536,283.5828,282.92947,281.43253,283.02997
624,2067-01-16,281.81128,281.10504,282.8199,281.67426,281.95956
625,2067-02-15,279.90906,282.31097,282.57394,280.38095,281.3909
626,2067-03-16,282.52118,281.21057,282.2781,281.9698,281.00116
627,2067-04-16,281.7725,283.57486,283.4822,283.49313,283.90106
628,2067-05-16,287.452,286.94528,288.02704,286.69778,285.89612
629,2067-06-16,291.29434,291.0269,292.31003,290.1785,289.87228
630,2067-07-16,293.56735,292.74554,295.49112,294.356,293.9349
631,2067-08-16,294.95676,295.43256,296.67905,293.35626,294.21033
632,2067-09-16,293.37924,291.4262,291.91553,291.4271,291.8035
633,2067-10-16,289.95615,288.48212,288.52243,286.29764,287.88727
634,2067-11-16,284.63297,283.34406,283.63583,285.28934,285.23584
635,2067-12-16,282.22662,282.60577,283.1994,282.28287,281.60098
636,2068-01-16,282.02258,281.66895,280.18307,278.99655,280.68997
637,2068-02-15,280.98303,281.65085,280.95084,276.77698,280.72794
638,2068-03-16,282.2895,280.3769,282.09857,278.7691,282.35748
639,2068-04-16,281.58707,284.6913,281.96954,283.14005,283.1527
640,2068-05-16,286.76254,286.06668,286.24332,287.83386,287.94443
641,2068-06-16,290.68896,290.9021,289.22952,293.14594,289.9768
642,2068-07-16,294.9634,292.30365,292.9569,293.00772,291.10477
643,2068-08-16,296.30695,293.71216,295.6462,294.29285,292.63568
644,2068-09-16,293.57736,293.27097,293.42337,291.8596,290.79315
645,2068-10-16,288.66727,288.28113,288.86313,287.39395,289.31433
646,2068-11-16,286.3025,283.9393,284.47754,284.22946,286.20657
647,2068-12-16,283.05026,282.4396,283.07925,279.73276,283.2779
648,2069-01-16,278.7344,279.95938,282.28427,279.55295,281.80872
649,2069-02-15,277.66608,281.34683,279.65192,279.86407,280.49722
650,2069-03-16,281.7798,280.54813,279.7111,278.88043,280.7241
651,2069-04-16,284.3208,284.58383,282.21082,283.21265,282.72607
652,2069-05-16,288.11182,287.44962,287.3936,285.41846,285.45255
653,2069-06-16,293.33487,290.3711,291.12955,288.74808,291.3731
654,2069-07-16,294.03815,293.34848,294.41626,292.9583,293.72726
655,2069-08-16,295.10352,295.07138,293.40375,294.62204,294.83807
656,2069-09-16,292.13284,291.782,293.50015,292.82883,291.70428
657,2069-10-16,288.06528,287.5857,290.49622,289.45587,287.3747
658,2069-11-16,284.68655,283.26218,285.89166,286.48343,284.99734
659,2069-12-16,282.93677,283.10303,283.4062,283.91443,283.0317
660,2070-01-16,282.37366,281.55533,282.3339,282.5369,282.51138
661,2070-02-15,279.42584,279.5997,282.0142,281.53687,280.3543
662,2070-03-16,280.46606,279.5748,283.3748,282.199,280.0682
663,2070-04-16,284.73557,283.5365,284.27853,284.44977,283.73346
664,2070-05-16,287.0664,286.05945,287.47574,287.35715,287.0597
665,2070-06-16,290.32083,288.51947,291.81476,291.00858,290.95102
666,2070-07-16,293.6354,292.11447,293.8738,294.45813,295.00522
667,2070-08-16,295.14215,295.13153,295.85904,293.66367,293.94095
668,2070-09-16,291.3563,294.05167,292.90427,292.87616,292.58008
669,2070-10-16,288.16608,287.08395,289.892,287.63754,290.22662
670,2070-11-16,285.38098,284.9016,286.06622,284.23544,285.32516
671,2070-12-16,283.78952,282.16125,282.94507,282.35336,283.47302
672,2071-01-16,279.9906,279.64124,280.72925,282.2077,281.2263
673,2071-02-15,281.17212,281.50937,279.8728,281.67706,280.19495
674,2071-03-16,282.10165,282.20282,283.0279,282.89862,281.08154
675,2071-04-16,285.2607,285.04224,284.67145,283.16116,283.13458
676,2071-05-16,287.73074,287.72586,288.4451,287.1459,285.6473
677,2071-06-16,292.38757,292.16064,293.31287,291.0017,289.58798
678,2071-07-16,295.0524,293.07117,296.20908,294.04214,293.428
679,2071-08-16,296.63116,295.05466,296.7051,295.07916,294.8089
680,2071-09-16,293.737,293.96487,291.55875,291.89694,291.90207
681,2071-10-16,287.0649,291.96866,287.06073,289.44302,290.65775
682,2071-11-16,285.51282,284.9655,284.26172,283.88904,286.3618
683,2071-12-16,281.92102,283.53424,282.42645,283.05115,284.4542
684,2072-01-16,281.69302,278.27838,282.16605,277.34305,284.60468
685,2072-02-15,280.8894,278.4223,279.38916,279.496,281.3574
686,2072-03-16,281.90848,280.8504,282.60767,282.64615,282.15497
687,2072-04-16,283.2644,283.22623,283.04984,284.16827,282.44583
688,2072-05-16,286.48865,285.9165,289.11948,286.29242,285.5628
689,2072-06-16,290.41287,290.2365,290.33234,288.90042,290.04913
690,2072-07-16,293.0868,294.5197,293.42636,293.14746,293.34824
691,2072-08-16,292.64297,294.80643,294.42886,293.90854,294.41943
692,2072-09-16,291.34872,293.07385,295.1674,293.56485,292.20074
693,2072-10-16,290.00143,288.22684,292.05588,287.5753,287.3359
694,2072-11-16,284.82715,284.3137,285.45538,284.0239,284.92798
695,2072-12-16,282.72644,281.7391,283.02695,280.8865,282.76437
696,2073-01-16,280.68497,278.68094,278.91806,279.95096,281.78806
697,2073-02-15,281.4078,280.86108,281.75116,282.19556,281.52026
698,2073-03-16,282.40833,280.69455,280.81415,284.10535,280.78036
699,2073-04-16,283.34747,286.73383,283.92453,283.47815,283.05792
700,2073-05-16,288.539,288.87717,287.8378,286.24384,287.11426
701,2073-06-16,290.8996,292.5967,291.80362,290.9412,292.53687
702,2073-07-16,295.22604,296.2625,293.2654,292.63562,296.20404
703,2073-08-16,294.3809,295.78824,295.68454,292.42465,296.25793
704,2073-09-16,292.64667,292.8694,293.60373,291.44687,292.50357
705,2073-10-16,286.90607,288.89758,289.20398,288.61902,287.78702
706,2073-11-16,282.7514,284.87744,285.16132,285.9358,283.8017
707,2073-12-16,284.5691,283.07394,283.0353,284.554,283.06705
708,2074-01-16,282.01437,282.61945,279.21295,283.55994,280.82098
709,2074-02-15,280.72717,282.4158,282.21475,281.9603,278.9013
710,2074-03-16,282.1942,283.44028,282.38425,281.5323,282.7216
711,2074-04-16,285.48175,283.9189,284.35858,283.54874,284.67914
712,2074-05-16,287.6693,286.23975,287.1848,286.0352,288.50912
713,2074-06-16,289.8736,290.22073,291.62463,291.019,292.04135
714,2074-07-16,293.3234,292.41483,292.93372,292.16113,294.38382
715,2074-08-16,294.34863,293.81796,296.07526,292.47058,296.6074
716,2074-09-16,292.133,292.04367,294.0186,292.55524,294.35413
717,2074-10-16,288.7868,288.32,288.1727,290.39484,289.1835
718,2074-11-16,284.01154,286.19434,284.59552,285.54236,285.79352
719,2074-12-16,281.14282,281.93942,284.30353,284.2189,282.94052
720,2075-01-16,278.4158,279.06924,281.18674,281.15634,280.93124
721,2075-02-15,281.8583,279.89774,281.35254,281.13593,279.64404
722,2075-03-16,282.60345,279.54922,283.21164,284.52383,279.14856
723,2075-04-16,285.56058,282.7917,283.92636,285.3886,282.73083
724,2075-05-16,288.211,287.80405,288.08603,288.93924,287.1657
725,2075-06-16,291.16656,291.28464,292.7979,292.73138,290.28967
726,2075-07-16,293.4546,294.1517,293.36172,294.83847,293.21872
727,2075-08-16,295.65466,295.2667,295.5764,294.35327,294.71432
728,2075-09-16,293.90317,293.8985,292.19165,291.3679,291.38922
729,2075-10-16,288.48666,289.03156,289.44974,288.8403,288.893
730,2075-11-16,283.96918,284.46643,286.82855,285.1329,286.74323
731,2075-12-16,284.30893,282.49994,283.12683,283.62076,283.55154
732,2076-01-16,280.57092,280.55118,278.91998,279.92453,280.1464
733,2076-02-15,281.54388,280.67624,281.9983,279.02228,277.18134
734,2076-03-16,283.9807,279.56076,281.6554,280.90732,279.5724
735,2076-04-16,283.29868,282.13254,283.55597,283.99533,283.19867
736,2076-05-16,288.44086,285.98175,288.00546,286.41144,284.84393
737,2076-06-16,292.78018,290.6649,291.60547,291.38058,288.30847
738,2076-07-16,296.02316,294.07687,292.3256,293.3719,292.1394
739,2076-08-16,295.5422,296.95554,296.08795,294.56702,293.56537
740,2076-09-16,293.2855,291.32962,292.101,293.00958,292.9487
741,2076-10-16,289.47287,289.05115,287.6366,289.16507,288.27386
742,2076-11-16,284.94238,285.90134,283.71252,285.0672,283.4443
743,2076-12-16,284.26483,284.47757,282.4222,281.27713,281.86578
744,2077-01-16,282.57715,280.88446,279.53296,278.21603,282.15
745,2077-02-15,281.32513,280.76416,277.41266,280.88034,281.604
746,2077-03-16,281.2349,280.9752,279.99872,280.27582,281.64023
747,2077-04-16,285.12772,283.9658,282.39313,284.70865,284.0742
748,2077-05-16,287.91,286.32654,286.8605,288.38412,289.1484
749,2077-06-16,291.32294,291.417,290.8133,292.84653,294.91324
750,2077-07-16,294.41006,295.8098,294.109,294.29535,295.58563
751,2077-08-16,294.92908,294.91666,295.37006,295.767,295.7597
752,2077-09-16,295.95825,292.6575,293.45908,292.572,295.8009
753,2077-10-16,290.56693,289.408,288.93323,289.45096,290.45038
754,2077-11-16,285.94836,284.64047,284.9836,284.35583,285.87338
755,2077-12-16,282.9574,281.50146,284.2638,283.6234,284.7045
756,2078-01-16,282.86475,279.1982,282.41068,279.09665,277.75797
757,2078-02-15,281.65817,279.50858,281.61203,279.90887,280.07608
758,2078-03-16,283.30353,281.32666,282.9176,280.84558,281.75912
759,2078-04-16,284.02826,283.1874,283.8679,282.4096,284.39948
760,2078-05-16,286.8402,287.22205,286.7326,288.6718,287.64966
761,2078-06-16,291.43597,291.52136,292.2172,291.5277,291.29105
762,2078-07-16,293.4889,294.46655,295.1681,293.9792,296.6453
763,2078-08-16,294.31378,294.48712,296.33765,297.0292,295.4202
764,2078-09-16,294.4667,292.8332,291.91214,295.22604,294.16833
765,2078-10-16,292.73434,288.19797,288.12936,289.40823,288.5507
766,2078-11-16,286.08514,284.24316,284.9325,283.18878,283.96487
767,2078-12-16,284.30466,280.77997,283.52542,281.95724,281.45877
768,2079-01-16,280.05597,280.6934,282.84842,280.9918,282.63834
769,2079-02-15,283.21872,282.13654,280.65805,279.03497,280.24316
770,2079-03-16,282.91916,282.21722,282.5129,281.39798,280.33017
771,2079-04-16,284.40985,286.2855,284.4443,282.0183,281.75107
772,2079-05-16,289.18567,287.23636,286.6469,286.5752,286.7666
773,2079-06-16,293.29797,290.21802,291.7859,291.32404,289.48788
774,2079-07-16,294.9764,294.19916,294.7891,294.16327,294.0577
775,2079-08-16,295.98587,295.61548,295.2771,293.87186,294.57196
776,2079-09-16,294.09872,293.11252,293.52374,291.69116,293.99753
777,2079-10-16,289.765,288.85864,289.3127,287.7964,287.87924
778,2079-11-16,286.72263,284.05154,286.2826,284.52075,284.85568
779,2079-12-16,283.2025,283.1108,282.96555,283.70514,281.3231
780,2080-01-16,281.51242,283.6269,280.4103,280.4947,283.62482
781,2080-02-15,282.432,283.1829,280.50073,281.65524,281.00815
782,2080-03-16,283.52457,283.51303,280.4893,282.45148,283.06213
783,2080-04-16,283.78583,286.68018,282.39798,285.9412,284.05014
784,2080-05-16,286.79407,289.7648,285.03613,288.1437,287.59488
785,2080-06-16,289.14142,294.6148,290.7106,291.666,293.2953
786,2080-07-16,293.31915,294.81265,292.44464,295.18854,297.07285
787,2080-08-16,296.25122,295.45905,294.92804,297.04556,295.5189
788,2080-09-16,293.995,293.171,293.74753,292.80835,292.90366
789,2080-10-16,289.86932,288.4365,290.67648,288.8304,288.51102
790,2080-11-16,284.69025,284.07867,286.05804,285.53308,285.95593
791,2080-12-16,279.17328,282.3705,281.85077,282.36847,281.0426
792,2081-01-16,281.46817,280.2989,280.2962,280.83954,281.57858
793,2081-02-15,279.312,278.93402,281.4087,278.76566,281.5775
794,2081-03-16,280.48825,281.64963,280.6641,282.01154,280.16656
795,2081-04-16,284.55176,284.55298,283.4803,284.06616,282.40256
796,2081-05-16,287.9788,286.8316,287.4944,287.16824,287.6467
797,2081-06-16,290.6656,291.82486,290.39194,293.2706,288.8043
798,2081-07-16,293.34375,295.9753,293.78424,294.95825,292.97702
799,2081-08-16,295.13312,295.1278,294.17004,294.2701,295.5555
800,2081-09-16,293.8539,291.80185,294.20358,293.41614,293.26175
801,2081-10-16,289.8677,288.5436,291.41974,287.2682,290.59216
802,2081-11-16,282.11728,283.41452,286.06174,286.593,285.47296
803,2081-12-16,284.35825,281.1696,284.70447,283.9824,284.4003
804,2082-01-16,282.44617,280.20575,278.05368,280.47552,280.95798
805,2082-02-15,281.03006,278.60187,281.5844,279.27606,280.72272
806,2082-03-16,280.47626,280.88867,281.0281,280.05194,281.7878
807,2082-04-16,282.9111,284.6058,283.05313,281.43503,283.687
808,2082-05-16,288.24536,285.95505,288.0003,285.38895,288.04446
809,2082-06-16,291.4274,289.0774,291.4919,290.04254,290.87213
810,2082-07-16,297.16055,294.54803,293.34467,293.36172,293.59915
811,2082-08-16,296.6153,296.26666,294.50012,296.1479,295.4746
812,2082-09-16,294.10538,291.98938,292.75568,293.9898,292.35834
813,2082-10-16,289.65842,288.5831,290.35574,287.88498,290.84055
814,2082-11-16,285.15414,284.64206,286.32767,284.5788,286.95984
815,2082-12-16,284.18445,282.73804,281.5652,283.3626,283.4066
816,2083-01-16,280.8252,280.9893,281.9275,281.48413,282.75983
817,2083-02-15,277.52795,281.20212,281.1499,278.69418,283.38345
818,2083-03-16,281.18625,282.11038,282.35202,282.3621,282.5826
819,2083-04-16,283.78986,286.1867,285.01923,283.83545,284.6894
820,2083-05-16,289.00793,289.35822,288.8182,287.12506,288.36755
821,2083-06-16,290.62103,290.72546,290.79486,291.07593,290.79297
822,2083-07-16,293.65607,294.60446,294.5385,295.06955,295.6864
823,2083-08-16,296.32132,295.0157,296.71524,297.24716,295.78174
824,2083-09-16,294.22638,293.6891,293.57364,295.03903,293.66336
825,2083-10-16,291.63986,289.74295,291.41077,289.70996,290.71957
826,2083-11-16,288.06607,284.67566,287.01828,287.53503,286.5052
827,2083-12-16,283.06055,284.18692,284.11237,282.97543,283.1557
828,2084-01-16,278.98386,283.0828,282.69077,281.02585,282.43375
829,2084-02-15,279.74814,281.77933,282.73703,283.27725,278.9674
830,2084-03-16,282.59225,282.50513,282.1004,283.255,283.27127
831,2084-04-16,284.44324,283.81723,284.42764,284.83734,285.17545
832,2084-05-16,286.3289,288.08737,286.9501,288.9384,288.89822
833,2084-06-16,292.06125,291.30933,292.24643,292.66742,290.45395
834,2084-07-16,293.97372,293.30768,294.46594,295.87372,293.02124
835,2084-08-16,294.5268,294.2997,295.00146,295.52448,295.89246
836,2084-09-16,290.9385,292.7211,292.9887,292.75186,294.99326
837,2084-10-16,289.31693,289.40796,288.3264,290.12463,289.12573
838,2084-11-16,285.1086,286.2281,285.06696,287.00687,286.61835
839,2084-12-16,284.07,283.78055,281.6205,283.9234,282.86615
840,2085-01-16,280.41013,282.22327,282.76328,283.54483,280.55588
841,2085-02-15,280.51956,280.76498,279.85583,282.20898,278.8985
842,2085-03-16,279.9157,281.89532,281.9319,284.14374,281.02725
843,2085-04-16,283.5135,284.56174,283.44736,285.88428,282.54596
844,2085-05-16,286.4694,287.80463,287.92804,288.44754,284.9938
845,2085-06-16,290.99057,291.47852,292.72092,289.82605,290.14105
846,2085-07-16,294.6319,293.7503,293.6514,294.19098,293.97568
847,2085-08-16,295.53323,296.37448,295.0678,296.34253,294.97763
848,2085-09-16,293.6217,296.39514,293.18057,294.3588,291.31967
849,2085-10-16,289.11215,290.55548,291.7497,289.90216,289.1837
850,2085-11-16,285.9739,285.73807,284.14844,284.15057,284.47644
851,2085-12-16,282.25757,282.96317,282.71216,282.47604,281.92468
852,2086-01-16,282.67758,281.96573,280.63205,282.65063,282.3646
853,2086-02-15,280.24698,282.57486,281.67163,283.3519,279.6239
854,2086-03-16,282.33154,282.59543,283.24783,283.4181,282.99457
855,2086-04-16,286.5865,285.33368,285.97195,285.53613,285.14362
856,2086-05-16,288.35352,288.65408,286.64886,287.92435,287.30957
857,2086-06-16,290.43652,292.9986,290.8735,290.18323,291.05612
858,2086-07-16,293.48822,293.60388,293.71198,292.95612,293.56952
859,2086-08-16,296.0923,295.0685,295.71936,294.72675,296.03702
860,2086-09-16,292.66998,293.79507,292.44217,292.3871,296.24557
861,2086-10-16,289.95212,290.58893,289.18372,289.86945,288.4674
862,2086-11-16,285.28137,286.25555,286.71454,286.05447,285.21756
863,2086-12-16,284.2961,283.14627,285.0581,283.82016,283.5735
864,2087-01-16,281.45767,280.89377,280.15845,281.52057,281.597
865,2087-02-15,279.3342,282.4201,279.48114,282.01212,281.6297
866,2087-03-16,280.4063,281.96326,280.43097,281.85233,283.07837
867,2087-04-16,284.8864,284.0905,282.7764,284.64856,283.65884
868,2087-05-16,289.70242,287.19955,287.24738,289.35587,288.68402
869,2087-06-16,292.9858,292.52274,291.05988,292.71408,291.8712
870,2087-07-16,295.97046,294.7995,295.03366,294.48102,295.51715
871,2087-08-16,296.674,296.38193,295.7086,296.9,293.943
872,2087-09-16,292.65128,294.185,293.47415,294.2215,293.62082
873,2087-10-16,290.20654,290.15527,289.7737,288.57294,290.5267
874,2087-11-16,286.8539,283.7091,285.3933,284.79742,284.32047
875,2087-12-16,283.92456,283.3435,281.60562,284.6473,282.9671
876,2088-01-16,280.81638,281.29813,279.77832,283.40778,278.07214
877,2088-02-15,281.6052,281.51544,281.75677,280.35678,281.25476
878,2088-03-16,280.90604,281.02017,281.92,282.85913,280.73563
879,2088-04-16,285.22372,284.0913,284.0091,283.5634,284.29767
880,2088-05-16,288.48996,288.89896,286.20593,288.47937,288.71884
881,2088-06-16,290.9236,292.439,290.3099,292.39322,295.48938
882,2088-07-16,293.39117,296.00146,292.93668,296.3063,295.02625
883,2088-08-16,296.84277,294.598,295.61316,297.37,296.49225
884,2088-09-16,293.37717,292.59775,292.71387,293.8473,294.01523
885,2088-10-16,289.07782,288.86914,288.7667,290.5051,289.28235
886,2088-11-16,285.08517,286.61682,285.04282,285.8288,286.21173
887,2088-12-16,280.28116,281.1824,283.19022,284.3913,283.51053
888,2089-01-16,280.98596,281.6817,282.3905,284.55554,282.22275
889,2089-02-15,280.7756,279.5792,280.71002,282.7475,279.7175
890,2089-03-16,281.36472,281.45233,282.23157,283.83438,283.35486
891,2089-04-16,283.52325,282.9274,284.43582,284.95227,284.015
892,2089-05-16,287.2763,285.99576,286.92148,288.38864,286.71866
893,2089-06-16,292.23032,290.68604,291.79187,293.61215,291.8508
894,2089-07-16,294.61502,294.20874,296.45862,296.49283,293.59604
895,2089-08-16,295.49115,294.7135,296.42072,295.11127,295.48322
896,2089-09-16,294.30975,293.16293,294.8527,292.17828,293.38867
897,2089-10-16,289.1257,289.8477,290.72095,289.95218,289.4439
898,2089-11-16,284.455,284.8742,286.1929,286.9708,286.42468
899,2089-12-16,283.1012,282.3988,282.29782,284.08606,282.6653
900,2090-01-16,280.354,280.34396,282.62378,280.74747,281.29767
901,2090-02-15,279.73462,279.34045,283.49628,281.61108,280.58722
902,2090-03-16,280.2059,281.38867,284.29556,281.8449,280.93384
903,2090-04-16,284.06006,284.31165,283.99625,285.0912,284.0316
904,2090-05-16,287.8884,288.15176,287.49484,287.41595,287.00967
905,2090-06-16,291.0738,291.2009,294.02292,291.49963,290.98764
906,2090-07-16,293.94113,295.19882,296.56433,294.1419,294.57452
907,2090-08-16,296.8828,293.75903,296.37903,296.29587,295.41428
908,2090-09-16,292.6702,291.7084,293.21664,292.69437,291.2215
909,2090-10-16,291.1024,288.82196,289.79984,289.0046,287.74808
910,2090-11-16,286.42328,287.01535,284.9992,286.11984,286.3225
911,2090-12-16,284.6659,282.9239,282.17242,282.16116,280.73584
912,2091-01-16,280.82153,279.88632,281.83047,280.45288,279.6353
913,2091-02-15,281.6646,281.63303,281.77164,283.03,279.7397
914,2091-03-16,282.82407,281.97937,282.67316,280.6665,281.87823
915,2091-04-16,283.96103,283.569,283.98886,284.96112,283.10577
916,2091-05-16,287.35907,287.1271,287.0118,287.42163,286.84656
917,2091-06-16,291.4636,290.34973,291.11816,289.73148,290.23087
918,2091-07-16,295.21664,294.56064,295.64487,294.66644,295.60907
919,2091-08-16,296.0247,293.8832,295.84924,296.5337,296.35593
920,2091-09-16,293.04007,293.4828,297.0429,292.91797,294.72418
921,2091-10-16,290.13803,291.57504,289.86423,290.19373,289.94437
922,2091-11-16,287.03326,286.34467,286.31403,286.7906,286.0085
923,2091-12-16,283.0329,283.43423,284.43063,284.2281,283.61282
924,2092-01-16,281.68692,280.633,283.56506,283.34854,283.1566
925,2092-02-15,280.5824,283.5316,279.54956,281.7895,281.09665
926,2092-03-16,282.51944,281.8068,281.0975,283.36896,282.6062
927,2092-04-16,283.91125,283.37723,283.82513,284.79758,285.08026
928,2092-05-16,286.74335,286.37616,287.24734,288.4001,288.1795
929,2092-06-16,291.52127,290.60373,292.3701,293.07144,294.32135
930,2092-07-16,294.18115,294.82278,293.68936,294.22723,295.7208
931,2092-08-16,297.45514,295.96033,295.3169,294.19064,296.53085
932,2092-09-16,295.20294,292.95343,293.20865,292.5007,295.42746
933,2092-10-16,290.93527,288.47592,288.98535,289.17776,290.64078
934,2092-11-16,287.2641,286.66104,287.69595,287.38556,285.80072
935,2092-12-16,282.9575,283.59122,284.37067,283.13867,283.8278
936,2093-01-16,283.16058,282.84293,280.6863,282.09537,282.74185
937,2093-02-15,282.08185,280.66937,278.68237,279.60907,280.88483
938,2093-03-16,281.20636,279.85864,281.17322,281.0282,284.35974
939,2093-04-16,285.0463,283.88553,283.2646,282.41147,285.3618
940,2093-05-16,289.09818,287.13367,287.0708,287.94977,289.3568
941,2093-06-16,292.69394,290.7066,291.3439,295.9068,291.3457
942,2093-07-16,294.3035,295.5517,294.9097,298.68787,293.38855
943,2093-08-16,295.45053,295.47693,295.13495,298.49286,294.9974
944,2093-09-16,295.26785,292.93903,293.24487,293.80725,293.1731
945,2093-10-16,289.83948,290.94617,288.51843,290.26294,286.8573
946,2093-11-16,285.8526,286.23563,285.85358,286.13956,285.77298
947,2093-12-16,284.16922,284.93964,284.56317,283.60834,284.7547
948,2094-01-16,279.58142,279.89154,282.89227,281.914,283.219
949,2094-02-15,279.951,277.11337,281.76517,281.21124,281.43356
950,2094-03-16,281.77496,281.3706,282.23065,282.1739,282.54782
951,2094-04-16,283.03833,284.8208,284.3004,285.5398,282.7653
952,2094-05-16,287.63043,287.7767,288.33652,289.8115,287.77835
953,2094-06-16,290.3982,292.03897,292.43066,292.30722,289.6314
954,2094-07-16,294.34232,295.49445,295.64667,294.64755,294.0116
955,2094-08-16,296.45187,294.87778,295.5211,297.98135,296.53165
956,2094-09-16,294.1773,291.0346,292.3984,293.97528,290.91724
957,2094-10-16,290.73935,290.27142,288.9959,290.33667,289.69534
958,2094-11-16,286.7903,286.68878,285.0331,287.05206,284.6804
959,2094-12-16,282.9289,284.83636,284.19876,284.31836,280.72366
960,2095-01-16,282.22073,281.51572,282.97443,283.02475,283.62216
961,2095-02-15,281.4692,282.8387,280.3083,280.2812,280.14594
962,2095-03-16,280.96255,280.81717,280.40607,281.04,281.7137
963,2095-04-16,283.46506,285.19418,283.52155,283.3645,283.84802
964,2095-05-16,286.62872,287.47083,286.2032,286.19125,288.51407
965,2095-06-16,289.58536,292.34628,291.3797,291.39627,292.27112
966,2095-07-16,295.02267,296.43036,294.6317,295.49625,295.27298
967,2095-08-16,295.24802,295.20105,295.1008,296.88278,294.8599
968,2095-09-16,293.2447,293.22647,294.59845,293.56638,293.87918
969,2095-10-16,290.7956,288.84924,289.17606,290.48013,289.31784
970,2095-11-16,286.48877,284.2234,284.637,287.2521,286.65518
971,2095-12-16,283.79678,284.03406,283.66003,282.10645,282.3837
972,2096-01-16,280.8256,282.0053,282.1913,281.03677,280.95642
973,2096-02-15,276.72803,279.21976,281.07068,281.80453,281.62766
974,2096-03-16,281.24164,280.76508,282.25778,281.6014,282.63638
975,2096-04-16,286.2649,284.5137,285.9438,282.97748,283.47977
976,2096-05-16,288.39774,286.78534,289.86325,285.86377,287.87366
977,2096-06-16,291.03244,290.0714,291.66055,293.84155,290.97275
978,2096-07-16,295.58994,294.33517,296.17346,295.12927,293.56873
979,2096-08-16,296.60727,296.6568,296.58957,296.07242,294.97485
980,2096-09-16,294.61298,292.9955,294.99225,292.65857,291.7145
981,2096-10-16,289.74063,288.42062,290.02823,289.25934,289.2945
982,2096-11-16,286.44528,285.11584,285.23788,285.0722,286.62097
983,2096-12-16,284.03302,282.18008,284.28574,284.14163,283.42633
984,2097-01-16,280.90744,283.1418,282.17413,282.73795,278.16867
985,2097-02-15,282.34406,281.1848,281.66428,280.80353,278.0814
986,2097-03-16,283.23352,282.04025,284.8346,281.1625,282.45102
987,2097-04-16,287.08997,283.78232,285.8926,283.47452,284.75363
988,2097-05-16,289.23526,286.334,286.5842,287.78757,287.73578
989,2097-06-16,293.10416,289.97617,293.73743,291.233,292.6274
990,2097-07-16,295.31805,294.27832,297.5718,295.35,294.55524
991,2097-08-16,295.8013,295.1239,298.01648,295.64322,297.07077
992,2097-09-16,293.44363,294.1185,296.04147,293.9701,294.4196
993,2097-10-16,289.49072,287.92703,290.4867,290.23407,289.4949
994,2097-11-16,284.55038,285.8665,285.6698,287.3115,285.96536
995,2097-12-16,285.01404,284.96332,282.26266,283.68304,284.14465
996,2098-01-16,283.87585,282.81656,280.23987,281.14996,281.86362
997,2098-02-15,280.44022,282.45056,281.70874,280.76044,281.76196
998,2098-03-16,281.57315,282.40964,283.9439,280.59515,281.5455
999,2098-04-16,284.40573,286.30304,285.7092,286.058,283.18005
1000,2098-05-16,289.52237,287.9255,288.63287,288.65536,288.58862
1001,2098-06-16,292.1799,290.999,291.17215,293.28235,291.42334
1002,2098-07-16,294.54855,295.50073,295.7335,297.19824,294.97308
1003,2098-08-16,295.07767,295.89053,295.8462,297.1818,296.95352
1004,2098-09-16,294.404,292.74338,295.10535,293.13715,294.3166
1005,2098-10-16,290.81174,288.4959,288.49258,291.38034,290.21686
1006,2098-11-16,285.99796,285.1643,285.36935,286.28546,283.91544
1007,2098-12-16,284.05673,283.69028,283.3234,282.73703,282.62738
1008,2099-01-16,283.24564,282.03506,283.10922,284.07794,282.01556
1009,2099-02-15,283.78204,282.58218,280.9978,281.0565,284.13467
1010,2099-03-16,281.9505,282.3673,283.0121,282.0115,284.0449
1011,2099-04-16,284.46112,284.0098,285.6403,284.36234,284.48978
1012,2099-05-16,288.07565,287.71692,287.2457,288.0715,288.1329
1013,2099-06-16,290.79532,291.78247,292.16675,291.7694,292.3839
1014,2099-07-16,294.8148,294.19266,295.4743,293.85934,297.15836
1015,2099-08-16,297.3135,295.98608,296.76056,295.8949,296.92917
1016,2099-09-16,295.4928,293.68823,295.8358,294.99286,295.2034
1017,2099-10-16,291.61194,290.67014,290.45972,291.75037,290.30206
1018,2099-11-16,286.68478,285.0828,284.8916,287.97974,284.5271
1019,2099-12-16,282.6415,282.59433,283.6077,284.6489,282.74847
1020,2100-01-16,282.0496,281.90613,281.611,283.65707,281.37384
1021,2100-02-15,282.55872,284.05597,281.464,282.61243,281.0441
1022,2100-03-16,280.94186,283.16504,282.57446,281.93225,284.0428
1023,2100-04-16,284.3961,286.89755,284.7063,284.9714,284.84122
1024,2100-05-16,287.19244,288.22156,287.66125,289.68466,287.75693
1025,2100-06-16,291.09695,291.98846,292.26953,293.16962,289.80185
1026,2100-07-16,294.3582,295.81607,296.13547,296.5061,296.00443
1027,2100-08-16,296.8494,298.12158,296.48636,295.0952,297.96085
1028,2100-09-16,296.39175,295.3532,293.64743,293.58072,293.58472
1029,2100-10-16,290.50656,290.86874,290.60156,289.9733,292.36774
1030,2100-11-16,288.0717,287.65518,286.57153,286.28085,286.13412
1031,2100-12-16,284.7642,284.98795,283.8986,285.24762,283.48456
