,time,r1i1p1f2,r2i1p1f2,r3i1p1f2,r4i1p1f2,r5i1p1f2,r6i1p1f2
0,2015-01-16,279.31445,278.16763,276.25,278.2841,276.61154,279.24716
1,2015-02-15,279.11682,279.06458,274.78397,275.70267,276.84158,279.34412
2,2015-03-16,277.4406,280.95395,278.069,277.44733,280.2855,280.92474
3,2015-04-16,280.23328,281.9958,281.841,280.3836,281.14948,281.06226
4,2015-05-16,283.2289,284.30032,282.39807,284.26328,282.04245,288.11047
5,2015-06-16,289.742,290.27512,288.88464,290.27185,287.62045,291.16498
6,2015-07-16,291.78217,293.7696,295.36884,294.22836,292.73224,293.54315
7,2015-08-16,294.9163,294.286,291.39963,292.4601,291.15918,290.87122
8,2015-09-16,292.00067,292.1098,288.99347,290.03162,289.58224,289.53934
9,2015-10-16,285.35608,285.61313,286.60272,286.38516,286.64233,285.46106
10,2015-11-16,283.255,280.58853,283.31766,282.4507,282.6527,282.19394
11,2015-12-16,277.50626,278.85117,280.62314,280.9619,278.14127,280.33044
12,2016-01-16,279.58313,274.43732,281.05313,276.5727,279.32663,278.85117
13,2016-02-15,277.86716,276.58026,280.53226,277.30997,278.25162,277.37573
14,2016-03-16,278.4298,276.397,280.61862,278.66968,278.5775,278.97217
15,2016-04-16,281.45648,280.1723,280.5698,279.90823,283.47348,282.28946
16,2016-05-16,286.08014,285.76688,287.14453,284.1254,287.26965,286.22803
17,2016-06-16,287.35165,291.14246,291.29108,287.31366,289.3298,291.71445
18,2016-07-16,294.53204,292.0021,295.1375,293.45047,295.325,294.20963
19,2016-08-16,292.85492,293.84207,291.12344,293.66946,293.49152,292.13962
20,2016-09-16,289.6136,290.66754,287.7689,289.58664,291.00125,289.55167
21,2016-10-16,286.37564,285.48322,283.80276,286.5916,285.81882,284.14075
22,2016-11-16,282.3593,282.0832,282.26096,282.10458,283.47614,283.2121
23,2016-12-16,279.24872,280.17905,276.01224,276.08398,280.01218,279.07736
24,2017-01-16,276.92648,279.77505,276.19305,276.406,279.17157,279.4101
25,2017-02-15,279.34943,278.8439,277.09033,276.6827,277.9421,279.1284
26,2017-03-16,277.90372,279.04276,278.96045,277.92758,277.17627,278.47366
27,2017-04-16,280.5005,282.6055,282.22592,279.533,282.28198,281.24307
28,2017-05-16,283.57535,285.32034,283.7695,284.63196,285.9037,286.72098
29,2017-06-16,288.22958,289.81757,291.43112,289.04608,288.19733,291.45758
30,2017-07-16,295.7494,291.3139,291.88504,291.0779,292.30573,292.78625
31,2017-08-16,293.93216,292.4507,293.68655,289.90015,292.12863,292.49762
32,2017-09-16,289.11703,290.4954,288.61978,289.38513,290.17484,290.73627
33,2017-10-16,283.57907,284.9536,287.35617,284.3615,284.13586,283.96143
34,2017-11-16,281.07758,281.69534,282.3149,282.39224,283.11493,281.74405
35,2017-12-16,279.04617,279.9586,278.8628,279.757,277.6875,280.16483
36,2018-01-16,278.23257,278.83374,274.84503,276.90262,278.17355,279.38177
37,2018-02-15,278.86493,280.64478,275.5374,275.94492,274.42477,279.29166
38,2018-03-16,278.70306,279.45908,279.6829,278.11176,275.75742,280.43228
39,2018-04-16,284.00684,281.2053,281.22354,280.50027,280.25272,283.09564
40,2018-05-16,287.98737,286.27612,283.80835,284.5697,284.82376,286.61346
41,2018-06-16,289.66104,290.6562,288.0448,286.80136,289.9728,290.76007
42,2018-07-16,292.19846,293.655,292.25272,295.1534,294.31723,294.96036
43,2018-08-16,294.12277,292.38116,293.9374,294.1111,293.57,293.91464
44,2018-09-16,291.64847,287.1313,289.51205,290.46118,287.25446,290.58826
45,2018-10-16,286.00018,285.98932,286.50354,284.87036,285.1917,286.9215
46,2018-11-16,283.70923,281.73053,282.8304,281.09183,282.39035,281.9506
47,2018-12-16,279.2139,278.85214,282.28918,279.61707,280.1445,279.9813
48,2019-01-16,279.83075,277.04303,279.20966,274.6415,280.42084,278.40118
49,2019-02-15,279.10626,278.39398,278.87625,272.9503,277.86642,276.10187
50,2019-03-16,279.4694,276.15488,278.98764,276.4057,279.5428,279.3248
51,2019-04-16,283.44086,279.04706,280.06055,280.05606,282.21933,281.91818
52,2019-05-16,284.7973,284.9593,286.19794,284.12952,285.60284,286.34036
53,2019-06-16,288.7825,289.8123,288.3867,287.90475,290.79962,291.62555
54,2019-07-16,294.33643,291.7164,293.68228,291.7219,292.88446,293.55737
55,2019-08-16,291.9729,293.57196,294.8361,290.66434,292.26443,292.8987
56,2019-09-16,289.09677,290.98807,291.60852,288.0752,289.41345,288.96393
57,2019-10-16,284.95276,285.67294,285.9165,286.00723,284.55295,284.90314
58,2019-11-16,281.1573,281.11636,282.42752,282.8383,281.44394,282.8806
59,2019-12-16,278.6576,277.6752,278.6148,280.9029,279.15494,281.12872
60,2020-01-16,275.7719,275.64163,278.51456,278.56686,278.2021,280.52448
61,2020-02-15,277.20032,275.45746,276.0015,277.8467,279.6732,281.175
62,2020-03-16,279.23416,277.50293,278.9984,278.52084,279.39322,280.21964
63,2020-04-16,278.7739,280.5732,280.2481,280.1548,280.81284,281.7417
64,2020-05-16,284.08435,283.29657,284.12604,281.98123,283.6098,286.91644
65,2020-06-16,288.23224,288.085,290.47644,289.26825,291.4217,291.0178
66,2020-07-16,289.9989,293.7505,291.91177,292.42896,290.44678,291.77243
67,2020-08-16,294.7315,293.28186,292.78763,291.81625,290.73132,293.04556
68,2020-09-16,291.8678,290.51636,289.4903,288.49316,290.53394,290.40546
69,2020-10-16,287.08722,285.1883,286.19803,285.35788,285.79376,288.0551
70,2020-11-16,281.9084,280.40768,280.76782,279.19403,282.17618,283.10788
71,2020-12-16,279.06866,279.72046,279.43243,280.23236,278.9641,281.44925
72,2021-01-16,278.82333,278.17844,276.36945,277.60406,279.90155,280.64188
73,2021-02-15,277.0759,278.03308,277.9307,275.9806,278.04434,277.86484
74,2021-03-16,281.08545,278.824,278.75262,277.5287,278.8515,280.66824
75,2021-04-16,281.63324,282.17917,281.80072,281.262,284.19302,282.39062
76,2021-05-16,287.93585,285.6999,285.82333,284.49838,284.19357,287.28046
77,2021-06-16,290.18204,288.12967,290.12402,287.21826,288.28375,288.41486
78,2021-07-16,291.2116,294.5863,294.40002,292.10968,293.67316,295.7087
79,2021-08-16,292.65857,294.028,294.33154,295.67908,293.73758,293.326
80,2021-09-16,290.4313,289.6067,289.81625,289.70135,288.4668,289.3503
81,2021-10-16,286.26547,285.34955,286.1691,286.94305,285.81143,286.7358
82,2021-11-16,280.88348,281.0889,282.65262,281.44263,280.04883,281.6669
83,2021-12-16,279.53223,280.16962,279.3265,281.02594,277.63306,281.16846
84,2022-01-16,279.00342,279.55783,278.62106,279.7407,275.69016,279.74228
85,2022-02-15,278.9236,278.4416,278.148,277.05838,276.81323,278.4946
86,2022-03-16,279.18167,279.76627,278.481,279.1166,280.94702,278.4912
87,2022-04-16,280.05856,282.86554,281.5937,279.61267,280.63553,280.79245
88,2022-05-16,284.37714,286.54025,284.32037,285.2212,284.96353,286.2874
89,2022-06-16,287.40155,290.9189,290.77252,289.37683,289.84607,290.47092
90,2022-07-16,293.16135,292.40048,293.22968,291.395,294.3454,294.07556
91,2022-08-16,292.63498,293.08392,292.50497,294.1546,295.5634,291.0539
92,2022-09-16,290.06088,290.89325,289.30084,291.14703,290.32516,289.80594
93,2022-10-16,284.9276,287.2195,285.78983,285.74884,285.97577,286.28488
94,2022-11-16,280.57977,282.0885,281.3143,282.406,280.6932,283.01547
95,2022-12-16,278.48633,279.2455,278.9461,280.0386,281.08127,279.49347
96,2023-01-16,279.81552,278.19937,278.7263,278.09744,279.6777,276.4204
97,2023-02-15,278.91476,278.58502,277.27127,278.13245,280.85168,278.74554
98,2023-03-16,278.5795,278.64822,276.4249,279.7022,281.49384,280.43524
99,2023-04-16,281.4102,280.00516,279.99213,280.67526,280.70676,281.25214
100,2023-05-16,286.12927,284.4875,284.51633,285.05206,284.8408,284.88574
101,2023-06-16,289.26587,288.91257,287.10757,287.44357,289.72247,291.58847
102,2023-07-16,291.43866,294.84064,292.57504,291.64343,292.97937,292.54214
103,2023-08-16,293.17883,292.83664,291.062,294.1507,292.64526,293.60812
104,2023-09-16,288.70688,290.27484,289.9932,289.07645,288.67975,291.0719
105,2023-10-16,286.90598,284.28842,284.66138,285.3533,285.2714,286.3701
106,2023-11-16,282.43094,280.802,284.37003,281.50226,282.46042,280.91586
107,2023-12-16,281.5566,278.38733,279.32254,279.23096,280.56415,279.06558
108,2024-01-16,278.3387,277.2306,278.93466,279.9481,278.36786,278.42242
109,2024-02-15,276.9814,277.227,278.36014,279.72974,278.02975,278.21622
110,2024-03-16,280.17383,278.38657,281.99945,282.0834,278.1786,279.65485
111,2024-04-16,281.52167,279.94885,283.34885,282.7524,279.36102,282.9566
112,2024-05-16,282.56363,284.27576,285.42825,286.12192,289.84695,285.25906
113,2024-06-16,286.8,288.19412,289.1556,288.60455,293.03705,290.1716
114,2024-07-16,292.62863,293.37485,293.22104,292.0063,293.29544,293.03738
115,2024-08-16,291.87927,293.1808,293.97678,295.27277,292.31876,294.69217
116,2024-09-16,288.81262,289.4854,291.58603,290.84845,287.90207,290.57953
117,2024-10-16,285.18048,285.25665,285.8858,284.22055,285.07425,285.42786
118,2024-11-16,282.99924,281.82623,281.58548,280.16882,283.30365,281.1996
119,2024-12-16,278.5873,277.4211,278.53394,279.21686,279.67325,278.53085
120,2025-01-16,278.02942,276.86667,276.6864,278.43073,277.969,276.76416
121,2025-02-15,278.70367,277.98773,276.35614,278.82974,278.5255,276.67273
122,2025-03-16,279.07648,279.26642,279.07233,278.6368,278.33392,278.47647
123,2025-04-16,281.36005,281.48505,281.62796,281.81897,280.88098,280.99692
124,2025-05-16,282.81842,286.4281,285.32245,285.30338,284.05963,285.80457
125,2025-06-16,287.89865,288.1745,289.96417,290.13422,290.38956,289.20975
126,2025-07-16,295.04343,292.80154,292.65424,294.1834,294.13828,291.65817
127,2025-08-16,293.66763,292.23087,293.31464,293.3182,292.5177,295.6814
128,2025-09-16,291.71506,290.1843,291.18588,288.1814,288.82343,290.88846
129,2025-10-16,286.21722,285.27097,284.4496,283.69806,287.12543,285.6122
130,2025-11-16,280.26654,281.61426,280.71417,280.66907,281.0994,283.59888
131,2025-12-16,277.79248,280.3656,278.37137,280.88177,280.30023,280.75522
132,2026-01-16,279.83035,277.43597,276.72394,278.2194,278.2385,277.9145
133,2026-02-15,278.39395,276.1588,279.17966,277.75,279.28452,277.18674
134,2026-03-16,279.01385,278.33517,281.44885,279.21658,278.2456,281.10574
135,2026-04-16,280.9641,281.6209,282.98224,280.75247,280.4468,282.9473
136,2026-05-16,283.71872,285.2334,287.3882,285.27432,284.74387,285.95816
137,2026-06-16,289.90244,289.96246,290.3106,290.60324,289.72607,290.8274
138,2026-07-16,292.8498,291.47864,292.3855,292.777,292.11926,292.7165
139,2026-08-16,290.9102,293.9807,293.7419,294.18683,292.30542,293.53198
140,2026-09-16,288.0749,289.80402,288.08347,292.85602,289.02686,289.45755
141,2026-10-16,285.8574,284.05167,287.36127,286.42624,286.2694,287.53625
142,2026-11-16,283.61148,282.12643,283.85275,282.19296,280.27243,281.56427
143,2026-12-16,280.3803,278.7665,278.64185,278.60605,278.61392,279.65845
144,2027-01-16,280.33698,278.74292,277.9526,277.2404,279.61002,279.57062
145,2027-02-15,279.65497,277.45322,277.8255,277.61703,280.60107,277.65485
146,2027-03-16,279.0731,276.23215,280.86093,278.63043,280.03638,277.3994
147,2027-04-16,280.46616,278.09476,281.70718,283.23996,283.34436,278.29825
148,2027-05-16,284.75598,284.64072,285.6875,285.526,285.50955,282.96674
149,2027-06-16,292.4505,287.69095,289.6066,291.12073,293.9179,288.8581
150,2027-07-16,291.48138,294.79163,293.8387,293.04605,293.61072,291.01703
151,2027-08-16,291.44925,292.99146,293.28403,295.76752,294.48215,291.99078
152,2027-09-16,289.659,293.1684,290.36118,290.05328,291.39172,288.77466
153,2027-10-16,286.82175,286.9504,285.72052,287.0764,288.5015,286.02316
154,2027-11-16,281.1007,282.09167,282.52347,284.28976,281.49835,282.11914
155,2027-12-16,278.80856,280.63956,280.68918,279.7627,280.33783,277.86063
156,2028-01-16,279.5723,277.9873,279.40848,276.60498,281.9334,278.36407
157,2028-02-15,280.9718,278.12637,278.23123,276.97513,281.9166,280.0249
158,2028-03-16,281.98538,277.9969,279.9423,278.65872,281.8003,277.8056
159,2028-04-16,282.8332,280.52505,280.22238,281.81818,284.0425,282.71985
160,2028-05-16,285.92496,282.12143,285.3011,287.0772,285.19772,286.23846
161,2028-06-16,291.0209,287.99646,291.22034,288.3254,289.36374,290.5936
162,2028-07-16,292.10272,291.63623,295.57422,294.93082,294.70154,293.20935
163,2028-08-16,294.47122,292.2846,294.8866,295.99115,291.53482,291.93677
164,2028-09-16,291.06052,290.30313,288.98026,289.43558,291.2806,289.82788
165,2028-10-16,284.69052,284.586,285.19565,286.35428,286.40567,288.47873
166,2028-11-16,281.9388,281.65988,280.71863,280.542,283.81836,281.6041
167,2028-12-16,281.0362,280.4116,278.70267,280.30542,281.78098,276.92175
168,2029-01-16,278.22244,275.68097,278.96747,279.15967,280.21295,278.49677
169,2029-02-15,279.4695,277.28574,278.59195,279.5674,281.19757,280.39557
170,2029-03-16,279.67828,279.8498,279.79337,278.32913,281.38922,279.57776
171,2029-04-16,281.2976,283.35767,282.75195,282.40192,283.0725,282.09357
172,2029-05-16,288.05222,284.35452,287.02585,283.29214,285.1157,286.9471
173,2029-06-16,291.46448,290.6985,287.75848,287.33377,290.72345,291.73788
174,2029-07-16,291.9312,293.888,292.64468,291.99493,294.42538,293.1628
175,2029-08-16,292.64154,293.69696,293.46982,292.5953,292.53946,292.2654
176,2029-09-16,289.73114,289.93262,290.7291,291.74072,290.1444,290.31274
177,2029-10-16,284.8614,287.11646,285.3902,286.1977,286.08328,285.2778
178,2029-11-16,280.97388,279.82574,283.52722,281.02756,281.1084,280.96527
179,2029-12-16,279.0798,277.18192,279.98688,279.27536,280.7232,278.04297
180,2030-01-16,279.9593,275.07794,279.93475,276.74347,278.04208,278.199
181,2030-02-15,277.96133,278.99817,278.7279,275.0132,278.83905,278.92532
182,2030-03-16,278.54263,279.3119,278.0308,279.66718,277.92404,279.43808
183,2030-04-16,281.46378,280.8802,283.23804,282.1233,281.28662,283.36792
184,2030-05-16,286.9842,283.86133,285.17688,283.95322,284.5383,286.24548
185,2030-06-16,291.3439,291.23657,288.38882,290.26822,287.75787,290.24368
186,2030-07-16,292.49582,292.22696,294.1222,292.0115,295.01935,293.7441
187,2030-08-16,294.73663,293.83078,293.79697,292.3657,293.74002,292.7064
188,2030-09-16,290.98703,290.01743,290.74765,291.58862,291.1221,290.04855
189,2030-10-16,286.79587,285.0001,285.97717,286.00317,286.93066,286.98215
190,2030-11-16,283.01108,280.82388,282.9904,283.2886,282.2695,280.09317
191,2030-12-16,279.80734,279.09027,279.6541,279.97308,280.30838,280.63263
192,2031-01-16,277.73505,278.55243,277.3315,277.93512,278.98386,278.15057
193,2031-02-15,277.82095,277.17114,279.08282,274.0017,277.24045,279.05637
194,2031-03-16,277.56226,277.89633,279.2491,276.95578,278.07333,281.13394
195,2031-04-16,281.7614,278.56354,281.34042,281.436,281.80045,282.40613
196,2031-05-16,285.82513,282.4841,283.8816,283.19745,284.35373,285.13577
197,2031-06-16,291.53687,288.89145,288.396,289.60922,291.9031,289.7968
198,2031-07-16,291.973,290.296,291.14035,292.02563,291.53326,292.41858
199,2031-08-16,293.05594,293.49646,294.1655,293.87183,292.91364,292.32254
200,2031-09-16,290.03952,292.82742,290.6547,290.81613,289.91925,288.59393
201,2031-10-16,287.38635,285.62405,284.92487,284.7325,286.4282,286.26263
202,2031-11-16,283.0254,283.94516,281.47906,280.957,283.1715,282.5413
203,2031-12-16,279.47784,280.52777,277.68787,279.72403,279.71744,278.60815
204,2032-01-16,277.30206,277.76883,276.55176,278.52173,278.17133,278.5298
205,2032-02-15,279.42258,279.6752,279.49258,276.97003,278.6975,280.02286
206,2032-03-16,278.13217,279.60632,278.81467,280.49176,280.5897,280.773
207,2032-04-16,279.94205,282.3341,283.27414,281.2221,282.20706,281.46158
208,2032-05-16,286.69815,286.70654,285.12045,283.955,286.7303,285.13824
209,2032-06-16,290.75006,291.03772,291.08102,289.38202,289.9787,291.02957
210,2032-07-16,292.35764,294.06042,291.76788,292.07587,294.68567,292.76843
211,2032-08-16,292.50723,295.51794,291.07,293.9759,294.2832,295.92004
212,2032-09-16,288.82834,293.18237,289.22876,289.84198,290.66183,290.01666
213,2032-10-16,286.40945,288.09653,284.1524,286.4744,287.8179,286.22226
214,2032-11-16,281.71957,284.34973,282.60623,282.2878,282.4944,283.46704
215,2032-12-16,279.26712,281.3693,280.91263,278.71625,281.20743,280.7087
216,2033-01-16,278.27402,280.67218,277.7754,277.7819,279.00308,280.289
217,2033-02-15,276.80035,278.72427,278.78552,278.50848,279.36713,277.25592
218,2033-03-16,279.45007,280.58264,278.16605,280.373,277.7861,279.57028
219,2033-04-16,283.67245,281.44513,280.0231,283.2082,279.92053,283.25943
220,2033-05-16,285.35608,284.20422,285.81107,284.20367,283.44678,286.0323
221,2033-06-16,290.22958,290.25662,289.4002,289.9012,289.5065,293.50607
222,2033-07-16,294.50467,294.186,293.44717,293.6025,293.5267,293.23358
223,2033-08-16,292.9443,292.93692,291.83014,292.932,292.77258,293.4636
224,2033-09-16,290.6794,289.27252,289.2748,289.4524,288.962,290.74738
225,2033-10-16,286.91373,284.542,285.1893,284.7402,286.27588,285.5355
226,2033-11-16,282.1352,283.09824,283.51126,281.12265,281.24905,281.73236
227,2033-12-16,279.27805,279.73166,277.47287,280.8777,278.44193,280.3577
228,2034-01-16,276.14413,278.0746,276.22507,278.77167,278.64432,279.50494
229,2034-02-15,276.81522,277.67572,276.6063,278.87625,277.75452,280.43613
230,2034-03-16,278.22937,278.50372,276.7347,278.06528,277.54764,280.2956
231,2034-04-16,280.91165,280.73422,280.17953,281.1231,280.6408,282.87372
232,2034-05-16,284.93408,284.80453,286.18637,288.011,284.0531,286.48282
233,2034-06-16,287.27554,289.11075,289.58545,288.8908,288.63937,291.14774
234,2034-07-16,293.72427,292.3882,292.89792,292.72397,292.80457,293.2289
235,2034-08-16,292.62186,293.75458,292.85532,293.34155,294.2001,293.82196
236,2034-09-16,291.68204,289.88257,292.55814,288.5204,290.45905,289.24603
237,2034-10-16,285.0196,286.82635,285.93997,286.471,286.53317,286.1206
238,2034-11-16,283.2987,282.21942,281.18832,280.84274,283.62976,282.17874
239,2034-12-16,281.26508,280.4714,279.5001,278.389,280.586,279.5623
240,2035-01-16,275.91815,278.69363,279.12665,277.42386,279.67664,280.1947
241,2035-02-15,273.99432,277.47156,276.6248,277.49844,280.1492,278.91162
242,2035-03-16,276.51508,279.21683,279.77985,279.82916,280.37988,281.0011
243,2035-04-16,280.41705,283.23566,281.39877,283.7306,281.3689,280.44907
244,2035-05-16,284.65588,285.34875,285.714,284.1659,284.59164,284.73633
245,2035-06-16,289.2393,291.03656,289.33893,290.44656,288.38965,290.74454
246,2035-07-16,293.3015,293.91415,294.47388,293.7062,292.79385,297.43607
247,2035-08-16,292.20633,292.54056,294.68427,293.7096,294.39938,294.5058
248,2035-09-16,289.9972,290.98575,290.33337,289.29813,291.78412,288.7171
249,2035-10-16,286.4188,287.3643,285.2028,287.12,287.92267,285.11728
250,2035-11-16,281.3673,283.14017,282.48135,282.04056,282.0706,281.6253
251,2035-12-16,280.07996,280.3451,279.7318,278.04828,280.7581,282.52408
252,2036-01-16,278.49664,279.51147,278.48056,275.67322,279.8485,278.88553
253,2036-02-15,277.409,277.90085,278.33044,278.75146,278.43225,277.10098
254,2036-03-16,278.5682,279.32556,279.14615,280.07993,279.47775,279.20755
255,2036-04-16,281.96188,279.44302,282.42096,283.5309,281.75876,280.30093
256,2036-05-16,285.8301,283.06323,287.5083,284.3697,284.23657,286.51718
257,2036-06-16,291.0408,288.9467,291.01642,289.3773,289.7,288.64685
258,2036-07-16,294.40463,291.89233,294.3959,292.81042,295.79578,291.35248
259,2036-08-16,291.1919,295.15616,292.40933,294.3353,295.60928,293.00275
260,2036-09-16,288.02283,290.30835,291.17593,291.03726,290.45474,289.96143
261,2036-10-16,285.92102,287.5197,287.35382,286.9874,286.82034,284.6066
262,2036-11-16,281.4249,281.34488,281.26877,283.81213,281.9264,281.7743
263,2036-12-16,280.80997,279.4764,279.6846,279.9032,280.89282,278.8595
264,2037-01-16,277.9293,277.0563,275.7441,279.84662,278.92093,277.4403
265,2037-02-15,278.23532,279.14587,278.01364,278.96304,279.69278,277.39532
266,2037-03-16,278.76978,281.70798,280.7464,281.84308,280.74765,279.59326
267,2037-04-16,281.09644,283.1513,282.2446,282.36646,281.37216,282.18173
268,2037-05-16,284.77048,287.23242,282.6907,284.05188,285.92065,285.39307
269,2037-06-16,290.57996,290.54932,287.60077,288.6731,289.7962,288.9417
270,2037-07-16,293.11447,291.83887,292.55585,293.67108,292.58112,294.3725
271,2037-08-16,294.4488,293.7594,292.00388,293.14642,291.27054,293.27847
272,2037-09-16,291.6664,291.76193,290.02985,288.93613,288.97086,289.38638
273,2037-10-16,284.1837,286.00806,288.43085,287.1086,286.58463,286.28778
274,2037-11-16,282.47736,282.05264,283.72668,283.48203,282.0505,281.49274
275,2037-12-16,278.03104,279.12354,279.71,280.88153,277.69635,278.21454
276,2038-01-16,279.70883,276.9945,278.24942,277.52338,279.0205,277.86362
277,2038-02-15,277.7525,275.71793,278.5206,279.95267,277.6766,278.35895
278,2038-03-16,278.5421,278.77896,277.62976,279.03076,278.21918,282.08282
279,2038-04-16,280.3922,281.49356,280.24756,281.57568,280.19794,285.90802
280,2038-05-16,283.5865,285.8184,285.44324,285.76108,283.11066,285.15063
281,2038-06-16,290.03088,292.4503,291.57303,290.23245,289.3405,291.70584
282,2038-07-16,292.22626,295.2131,293.84003,291.6791,293.98993,293.33398
283,2038-08-16,293.39566,295.5989,292.94583,292.2152,294.67545,292.27774
284,2038-09-16,290.2033,289.59775,289.93506,287.8741,289.37698,291.42944
285,2038-10-16,284.64407,284.97882,283.93384,284.09412,284.3357,287.4136
286,2038-11-16,282.285,282.12994,282.75348,281.83588,280.65085,283.6428
287,2038-12-16,276.0982,280.00244,279.15012,277.26892,279.66434,281.17285
288,2039-01-16,276.69315,280.33563,279.986,277.81357,278.5328,276.9249
289,2039-02-15,276.93893,279.32855,280.60336,275.47446,277.57776,279.55103
290,2039-03-16,278.08475,280.81076,280.6395,279.0038,278.21933,279.2161
291,2039-04-16,281.67612,281.4842,281.92596,280.53748,281.1455,281.59103
292,2039-05-16,281.8669,287.34286,283.45065,285.6374,283.8783,285.0878
293,2039-06-16,287.5858,291.27966,288.92673,290.54193,289.35226,289.8371
294,2039-07-16,289.8261,292.27106,295.8023,293.42886,292.59726,293.09445
295,2039-08-16,293.09064,293.2065,292.03052,290.66623,293.0491,294.67148
296,2039-09-16,289.0307,292.2906,288.9307,289.72595,289.5089,290.31537
297,2039-10-16,287.95847,287.62183,286.2876,286.37518,285.1544,286.91736
298,2039-11-16,283.38742,283.74405,283.06354,280.28522,284.4031,282.9934
299,2039-12-16,281.7369,280.04834,282.46976,279.0351,282.03024,279.30783
300,2040-01-16,279.6588,279.14703,278.88693,276.3284,280.15045,280.6189
301,2040-02-15,277.89517,278.86246,276.8393,276.36658,278.21677,280.6314
302,2040-03-16,278.59866,281.1429,279.44724,279.33978,279.4732,280.1137
303,2040-04-16,281.06372,280.6751,282.36453,281.80243,282.5461,282.07892
304,2040-05-16,288.3392,284.66782,286.67752,285.58017,285.91492,283.9389
305,2040-06-16,290.5023,290.0493,289.80844,288.22858,291.064,291.2107
306,2040-07-16,292.37967,293.54037,292.03543,292.8363,291.5833,295.5559
307,2040-08-16,292.83334,292.05566,291.45062,291.51907,290.66974,292.14996
308,2040-09-16,290.67215,289.0549,290.97595,287.332,287.52707,288.98016
309,2040-10-16,287.58862,286.22372,286.82715,284.84506,285.4622,284.28967
310,2040-11-16,284.08353,281.81082,281.33258,281.20294,282.6115,282.65027
311,2040-12-16,281.2259,280.43347,277.11453,279.5733,279.92294,278.48972
312,2041-01-16,279.88287,280.66797,278.43268,278.6934,277.83698,277.09357
313,2041-02-15,278.0239,280.12158,279.03757,277.04358,278.6917,276.11206
314,2041-03-16,279.4778,281.4814,278.2232,278.20496,278.3417,278.10834
315,2041-04-16,281.5164,283.21436,280.6358,280.6501,282.5107,280.57147
316,2041-05-16,285.49893,285.6749,283.65445,287.87268,286.16415,283.6546
317,2041-06-16,289.3375,290.79938,289.45523,292.64224,291.36673,290.7252
318,2041-07-16,291.7489,290.97302,293.9171,292.87775,292.58722,292.3286
319,2041-08-16,292.67883,294.76538,291.99475,293.87796,293.61993,293.49066
320,2041-09-16,290.01846,291.70102,289.57803,290.2053,289.51712,291.53928
321,2041-10-16,285.6594,287.64496,286.88205,283.95938,287.35715,284.58643
322,2041-11-16,282.22626,283.29678,282.52698,282.62946,282.82614,281.68146
323,2041-12-16,279.63428,279.61618,279.758,277.4979,281.3546,279.57135
324,2042-01-16,278.9207,275.9196,277.93387,276.00064,280.87225,277.91208
325,2042-02-15,278.454,276.50833,280.72488,279.77765,279.98654,279.0749
326,2042-03-16,278.3581,280.29608,281.7745,279.25793,282.73026,281.35333
327,2042-04-16,281.065,282.1873,283.25085,281.27542,281.23346,282.2225
328,2042-05-16,282.80563,283.9184,283.84775,283.79886,285.43893,285.98807
329,2042-06-16,291.93143,290.77142,292.82407,290.41797,290.66107,292.31775
330,2042-07-16,291.7273,295.23795,292.79886,294.86365,293.58435,292.25558
331,2042-08-16,294.4299,292.22882,294.20187,292.13406,294.04016,293.29654
332,2042-09-16,291.3888,291.30896,292.67032,289.15845,288.96628,291.46167
333,2042-10-16,286.69452,283.55313,285.36227,285.79312,285.08752,286.27194
334,2042-11-16,281.19022,281.68875,282.73776,280.92932,282.48468,282.20117
335,2042-12-16,278.78702,279.28015,279.44107,279.6249,279.40686,279.27655
336,2043-01-16,280.35608,279.0951,280.15186,276.54718,275.42798,278.71347
337,2043-02-15,279.6077,279.19318,279.23724,276.68225,276.67484,279.3982
338,2043-03-16,278.82596,280.94373,279.60056,278.66214,277.87982,279.806
339,2043-04-16,282.28003,281.25684,281.61655,280.4487,281.4995,281.7873
340,2043-05-16,286.15964,287.09647,285.43127,283.41434,286.13257,284.32404
341,2043-06-16,289.4977,287.58337,287.59033,288.55157,290.62967,291.16058
342,2043-07-16,292.2642,293.99066,293.68912,294.56638,292.1602,292.8577
343,2043-08-16,296.03424,291.69757,292.02365,293.6404,292.53455,293.76178
344,2043-09-16,289.9826,290.30646,290.04663,288.68024,288.11832,289.4955
345,2043-10-16,288.2225,287.7162,287.7003,284.97546,285.3686,287.46603
346,2043-11-16,281.97946,283.25912,282.2739,281.76837,280.80807,282.42807
347,2043-12-16,280.38687,281.7668,279.64185,278.73953,277.91473,279.42264
348,2044-01-16,280.72488,280.04636,278.71036,276.0479,277.3183,277.0102
349,2044-02-15,279.54,279.66763,278.36255,278.8447,279.4679,279.08627
350,2044-03-16,278.81924,279.87994,278.948,279.67773,280.2266,278.83
351,2044-04-16,279.7235,281.51508,281.02246,280.0969,281.87054,282.64795
352,2044-05-16,284.05563,286.16653,287.8126,286.72925,284.16748,285.13437
353,2044-06-16,292.76608,289.03784,288.71674,287.85617,290.68585,290.42166
354,2044-07-16,294.4378,293.1462,294.04684,291.6298,296.0798,292.69864
355,2044-08-16,292.1079,294.29956,292.29282,293.7117,294.71997,296.47498
356,2044-09-16,289.4648,290.97952,292.33746,289.45953,292.10953,289.58594
357,2044-10-16,283.78323,288.93335,286.96375,285.8471,286.2753,285.74704
358,2044-11-16,279.76266,282.59882,282.96497,282.6057,283.33002,281.4366
359,2044-12-16,281.62506,280.35968,278.31354,280.9941,279.45087,279.42572
360,2045-01-16,277.9541,279.00925,276.14444,279.61102,280.55524,277.40073
361,2045-02-15,276.83215,278.76108,277.36163,277.74936,279.66275,277.75397
362,2045-03-16,280.47366,282.4382,278.80548,278.53616,279.59735,278.4427
363,2045-04-16,281.13193,281.10858,282.1252,282.7859,282.44562,282.79233
364,2045-05-16,285.1029,284.20813,285.6549,286.03094,285.2924,285.30273
365,2045-06-16,289.5906,289.7811,289.77667,291.35025,290.46033,290.45657
366,2045-07-16,292.20636,293.13922,293.59433,292.91684,293.70795,294.3383
367,2045-08-16,295.45874,290.6585,294.60565,294.6688,293.81778,293.6774
368,2045-09-16,291.0466,291.04965,290.56186,290.0974,293.37402,291.99133
369,2045-10-16,286.30243,285.19336,287.6122,287.8758,286.54218,286.24673
370,2045-11-16,282.61215,282.447,283.77673,283.41754,282.10303,281.91986
371,2045-12-16,277.74966,280.9491,280.85938,279.32712,280.02325,280.2799
372,2046-01-16,278.5703,277.62756,278.19675,279.55933,280.24023,279.4615
373,2046-02-15,280.8385,278.0933,275.26978,278.30276,280.5374,277.4752
374,2046-03-16,278.32645,280.68015,281.30377,280.2941,281.26855,278.23264
375,2046-04-16,284.2222,280.9738,283.09683,279.2731,282.11105,281.18637
376,2046-05-16,285.53418,286.15643,286.1802,285.15228,283.41656,283.1715
377,2046-06-16,291.00714,290.7245,287.75146,289.25845,286.79587,288.9569
378,2046-07-16,294.5987,294.40466,292.57205,295.5036,290.7369,292.44827
379,2046-08-16,295.86533,296.3662,293.3683,294.00748,292.8669,294.81964
380,2046-09-16,291.29663,289.77927,289.54056,292.2438,290.17953,290.69403
381,2046-10-16,286.87744,286.4933,287.1107,287.34576,287.07285,284.50922
382,2046-11-16,281.47,281.82126,282.229,283.7587,282.03088,282.45956
383,2046-12-16,279.10016,279.75162,281.52625,278.39337,278.60016,280.55252
384,2047-01-16,279.2304,276.34033,278.8705,279.06848,279.61783,278.86234
385,2047-02-15,277.73923,278.15573,278.8621,278.11908,278.4774,275.9357
386,2047-03-16,279.82578,280.11862,280.14264,279.95673,279.23297,278.98672
387,2047-04-16,282.6909,281.56265,281.79767,281.24423,280.26016,281.68954
388,2047-05-16,287.28656,285.4466,285.4507,284.80362,286.68607,286.60345
389,2047-06-16,288.74258,291.13846,289.1892,288.9908,290.20572,289.58896
390,2047-07-16,289.7396,292.9276,292.35004,293.2186,291.13556,292.49753
391,2047-08-16,292.46082,292.20023,294.48526,293.59412,294.16766,294.27994
392,2047-09-16,289.22842,290.7403,290.1482,293.063,293.9824,289.52692
393,2047-10-16,285.52814,288.22424,283.94064,289.45108,286.79068,285.55478
394,2047-11-16,282.1861,282.2251,281.9971,283.7308,281.26617,280.5142
395,2047-12-16,279.81345,278.635,280.7242,281.52017,279.91684,277.65305
396,2048-01-16,277.39557,279.0495,277.21823,279.8421,279.1244,277.68747
397,2048-02-15,278.86368,280.10175,280.19397,278.50278,277.1546,277.15735
398,2048-03-16,279.71936,279.30194,278.10205,282.0742,279.1625,280.8321
399,2048-04-16,279.88007,281.28152,281.74988,281.0839,281.17444,281.09906
400,2048-05-16,283.82214,285.8948,283.30933,283.18765,286.48972,287.49387
401,2048-06-16,289.654,289.4956,286.9899,288.33124,293.58386,291.84946
402,2048-07-16,293.3366,293.02246,295.20325,291.6531,294.04843,294.77908
403,2048-08-16,294.1842,293.01624,293.09378,294.816,294.43042,294.85748
404,2048-09-16,290.6485,291.68814,293.0052,290.52274,288.96353,290.24136
405,2048-10-16,287.21683,286.42236,287.14658,287.02292,287.0647,287.8544
406,2048-11-16,282.3548,281.5614,281.59744,283.6874,283.16608,284.0604
407,2048-12-16,278.81033,280.06815,279.9864,279.1244,280.44766,278.54745
408,2049-01-16,280.5375,277.38092,280.0679,279.05228,277.8726,278.04816
409,2049-02-15,278.8265,279.13266,277.54898,279.20526,277.168,277.295
410,2049-03-16,281.68063,278.8757,277.68967,278.9449,277.9531,280.5883
411,2049-04-16,282.09183,279.61386,281.86484,281.01407,280.0451,283.20663
412,2049-05-16,286.88602,284.99786,282.11588,285.50177,283.00943,285.4124
413,2049-06-16,290.0195,288.17288,289.69116,292.22406,287.708,288.45807
414,2049-07-16,291.71918,293.3846,293.69885,294.43204,295.29187,292.99207
415,2049-08-16,295.9782,293.81155,298.22726,294.88477,293.61655,291.92584
416,2049-09-16,290.35294,291.0335,291.1914,291.31,289.52957,290.34055
417,2049-10-16,286.97147,284.15842,286.63895,288.26254,288.40396,284.44992
418,2049-11-16,281.34927,281.7208,282.56003,283.11807,283.63324,283.12442
419,2049-12-16,280.7237,279.7843,280.84134,278.51633,278.7294,279.93692
420,2050-01-16,279.66232,277.87427,278.92673,277.90884,276.92532,275.93008
421,2050-02-15,279.4676,279.09683,277.39392,279.27237,280.17038,279.639
422,2050-03-16,279.99844,278.04086,278.45294,280.82877,281.07043,280.59827
423,2050-04-16,280.99332,282.15765,280.64383,281.71683,283.29745,281.40488
424,2050-05-16,284.3709,285.40625,285.12344,284.9208,283.5206,286.47662
425,2050-06-16,289.54715,291.45984,288.32877,290.81796,290.74203,289.34998
426,2050-07-16,294.50345,291.20618,294.1504,296.18228,293.93973,294.36838
427,2050-08-16,292.3317,293.93298,292.56174,293.3985,293.0878,293.7276
428,2050-09-16,289.18008,291.2973,288.36322,290.94727,291.89615,291.06924
429,2050-10-16,286.31418,286.23035,284.5035,286.42163,285.2572,289.0655
430,2050-11-16,283.88742,280.7709,282.68018,281.8878,282.80588,282.4671
431,2050-12-16,281.38425,281.70963,279.1507,280.6646,278.8985,277.46414
432,2051-01-16,279.47623,278.1987,277.1972,279.24103,277.9181,275.8524
433,2051-02-15,280.01395,279.6728,279.35776,280.3055,274.9581,275.73648
434,2051-03-16,279.25665,280.34763,279.4678,279.54587,277.3547,278.41177
435,2051-04-16,279.88794,283.89127,282.43994,280.32043,280.27704,281.60492
436,2051-05-16,285.0161,286.58902,283.2333,286.0875,282.92935,283.12698
437,2051-06-16,289.1374,289.2853,289.98145,290.19537,288.0101,287.64835
438,2051-07-16,293.21655,293.40442,294.89685,291.54694,294.66782,294.0516
439,2051-08-16,295.38412,293.4986,294.15753,292.84152,293.3622,294.47565
440,2051-09-16,293.7621,290.21533,288.2026,291.4859,289.53314,291.01718
441,2051-10-16,284.68204,286.9452,285.27045,286.64563,285.99664,285.10312
442,2051-11-16,280.73108,281.43582,279.48477,282.21445,283.72003,281.68503
443,2051-12-16,279.76324,277.69788,278.61252,280.84158,278.86652,277.8626
444,2052-01-16,275.56177,275.09302,280.08926,279.5296,279.2331,278.4438
445,2052-02-15,278.0279,277.8738,278.4435,276.31827,279.57944,279.9389
446,2052-03-16,276.95184,278.60056,279.36414,278.94864,277.8491,281.39288
447,2052-04-16,282.1462,281.72916,281.66684,281.121,280.26648,283.92294
448,2052-05-16,283.73215,284.5915,284.5165,285.96146,285.79846,285.29108
449,2052-06-16,288.2215,289.90598,292.2152,291.00156,288.81424,290.16254
450,2052-07-16,293.25467,294.49442,297.9565,294.80154,294.37192,293.93237
451,2052-08-16,292.20438,292.91608,292.58698,292.9961,292.67618,296.45438
452,2052-09-16,288.19296,289.95776,288.3713,290.27686,292.4173,289.41397
453,2052-10-16,284.49918,285.97986,285.68814,286.79123,286.35657,287.14325
454,2052-11-16,281.3376,281.82666,281.4068,284.3092,284.3362,282.70297
455,2052-12-16,278.49417,281.2446,280.16928,279.98428,281.34366,279.08813
456,2053-01-16,278.72723,278.22855,279.0601,279.30112,278.98453,278.41843
457,2053-02-15,279.365,279.9222,277.88824,278.19974,277.05112,275.7049
458,2053-03-16,280.07703,279.2033,280.03152,279.24875,278.54605,278.96115
459,2053-04-16,285.17325,281.75854,284.07104,282.02036,281.19028,280.28458
460,2053-05-16,287.22653,286.39594,286.0935,288.3288,284.69742,283.78625
461,2053-06-16,288.524,291.13177,289.45688,289.87354,290.92404,288.86414
462,2053-07-16,293.74008,294.87277,293.4812,291.90067,293.8902,291.6351
463,2053-08-16,294.20203,292.65472,295.97574,294.46167,293.71408,295.08212
464,2053-09-16,290.54776,291.0652,295.85757,290.36514,290.65393,291.9812
465,2053-10-16,286.35065,286.2181,290.0725,285.91623,287.51205,286.88077
466,2053-11-16,284.107,283.23776,284.42123,282.59186,283.62234,282.8098
467,2053-12-16,281.12497,280.8266,281.59277,280.22574,278.4972,281.183
468,2054-01-16,279.26862,278.54623,279.26794,278.84528,278.4397,279.87567
469,2054-02-15,278.6829,279.95703,278.10208,278.94492,280.29694,280.42047
470,2054-03-16,279.07562,280.28757,277.99854,278.05167,280.24826,280.7416
471,2054-04-16,281.53586,283.32877,283.76166,281.01865,280.59375,283.48883
472,2054-05-16,285.245,287.2259,286.6613,283.6014,285.72964,285.7382
473,2054-06-16,290.09357,289.07343,291.79437,287.49295,293.89957,290.90466
474,2054-07-16,294.55237,294.6315,294.46494,291.88983,296.5078,293.66394
475,2054-08-16,294.21436,292.4966,294.67398,293.99167,293.6066,292.81195
476,2054-09-16,290.2637,289.0335,293.19537,292.13217,289.78134,289.40024
477,2054-10-16,286.78574,287.7153,288.72495,287.64386,286.4829,286.08142
478,2054-11-16,282.49152,281.68634,282.50275,280.8527,284.14938,280.9668
479,2054-12-16,279.30237,281.91785,278.73706,280.81976,280.60706,280.4618
480,2055-01-16,275.89386,278.67554,278.8527,277.95975,278.1171,279.1714
481,2055-02-15,277.5964,278.0109,277.68048,278.72977,279.62808,277.1559
482,2055-03-16,280.5038,279.3545,280.11212,281.2037,281.25122,278.86566
483,2055-04-16,280.71103,280.5716,282.77737,280.69122,280.7376,281.73642
484,2055-05-16,284.52347,285.71097,287.3833,284.5425,283.85403,287.36224
485,2055-06-16,289.39957,289.3964,290.18906,291.20932,290.63388,289.55814
486,2055-07-16,292.773,293.9359,293.93622,293.14743,294.54996,292.9136
487,2055-08-16,294.6325,292.24597,292.51822,292.08072,291.94598,294.79718
488,2055-09-16,288.9605,289.58926,289.85284,288.7464,288.75388,291.39804
489,2055-10-16,285.69974,287.65552,287.41885,284.9526,286.5975,287.23904
490,2055-11-16,281.06973,284.62628,283.99234,283.5729,281.30566,282.19046
491,2055-12-16,279.1098,279.88654,278.84644,279.74203,280.52042,278.71967
492,2056-01-16,279.7458,280.09274,279.1406,280.0102,279.19034,277.56403
493,2056-02-15,280.59442,280.4535,278.3298,281.24454,280.79648,276.1383
494,2056-03-16,281.21942,282.2255,278.25623,280.34058,279.8501,277.9047
495,2056-04-16,281.2164,283.36823,282.98715,282.0084,282.36325,279.37292
496,2056-05-16,285.92462,287.6804,285.61694,284.99435,284.05798,284.4418
497,2056-06-16,290.57516,290.67728,291.39996,290.0968,288.34656,291.9823
498,2056-07-16,292.82513,296.82007,294.2021,294.83575,293.7966,291.9669
499,2056-08-16,292.0506,297.16248,293.60495,295.07892,294.94946,294.32208
500,2056-09-16,288.74573,290.4296,291.23883,290.37003,291.06186,290.81192
501,2056-10-16,288.72186,285.3667,287.77298,288.18057,286.5119,288.69992
502,2056-11-16,281.6208,281.14948,282.18823,284.02432,281.65906,283.91727
503,2056-12-16,279.52414,279.3099,280.10062,278.87967,279.7534,279.61783
504,2057-01-16,280.04565,279.31082,277.7826,280.59763,279.89755,279.4656
505,2057-02-15,278.66855,278.49762,279.1635,279.24567,278.13525,276.9289
506,2057-03-16,281.50687,281.13208,280.8469,279.96863,280.04764,277.69287
507,2057-04-16,282.069,281.46252,280.40234,282.8595,282.1582,284.11523
508,2057-05-16,284.42422,285.39874,284.0561,286.21378,284.4232,288.55536
509,2057-06-16,292.67902,290.25677,290.78387,288.7272,288.102,290.73184
510,2057-07-16,296.42776,293.87445,293.90863,293.96188,292.96042,294.6655
511,2057-08-16,293.748,293.6655,294.6217,295.1569,294.58844,294.4579
512,2057-09-16,291.44656,290.4729,294.14417,290.09152,290.91684,292.8107
513,2057-10-16,287.08453,285.2562,287.87463,285.5801,286.3801,287.7897
514,2057-11-16,282.65695,281.5129,282.65155,282.2132,284.39877,283.13068
515,2057-12-16,279.0797,280.5852,280.14743,279.3256,280.96585,281.71643
516,2058-01-16,279.13577,280.0944,277.94794,277.99078,279.72214,281.0989
517,2058-02-15,278.84018,278.5009,279.14117,279.07034,277.38147,278.68912
518,2058-03-16,279.9772,277.99237,279.22418,281.68948,278.50217,278.7943
519,2058-04-16,283.00974,283.1513,281.00198,281.23752,283.25613,280.58563
520,2058-05-16,285.33447,286.33167,287.0593,283.67972,284.66864,285.15787
521,2058-06-16,288.9859,290.50693,291.8201,289.16647,292.21854,290.79187
522,2058-07-16,293.5184,295.7811,294.9094,293.35925,296.73175,294.40384
523,2058-08-16,293.1171,295.28555,294.3664,293.21487,293.87732,294.24365
524,2058-09-16,292.1951,293.55707,291.13165,289.64944,290.3291,290.44174
525,2058-10-16,286.25418,287.70773,285.23224,285.4119,287.74707,288.0643
526,2058-11-16,282.85995,283.87415,282.18015,281.1728,285.44937,283.01
527,2058-12-16,279.35098,280.6838,278.44943,279.27008,281.0945,277.37253
528,2059-01-16,280.41193,278.76382,277.30258,277.70163,281.20148,276.33514
529,2059-02-15,278.63055,277.2686,279.83847,278.36197,279.01584,279.6728
530,2059-03-16,279.25363,279.13345,281.1932,280.6479,278.13693,279.7779
531,2059-04-16,281.21033,281.83975,282.93552,281.15298,284.06424,280.18594
532,2059-05-16,285.42218,284.44568,284.02728,284.6471,286.75534,285.0693
533,2059-06-16,290.48062,289.74487,288.1414,289.24112,291.41388,289.3871
534,2059-07-16,295.44946,297.32532,292.01874,293.0478,294.24887,293.8331
535,2059-08-16,294.6158,295.11536,292.39935,295.42804,295.57785,295.67978
536,2059-09-16,289.3478,292.0278,291.17456,291.44656,290.5696,292.5586
537,2059-10-16,288.47217,287.4647,287.3541,286.59244,290.5197,285.74734
538,2059-11-16,284.8982,281.16248,282.27243,284.5297,283.48444,283.42297
539,2059-12-16,280.89258,280.49246,281.34683,280.0246,281.2585,279.9459
540,2060-01-16,279.47818,279.73398,278.50256,280.0635,279.80722,279.25204
541,2060-02-15,280.1513,278.538,278.28928,281.82846,279.27994,276.58292
542,2060-03-16,280.5165,280.97845,278.96207,279.21487,281.27963,278.71957
543,2060-04-16,281.89948,282.9735,281.8695,280.94907,281.12244,280.04208
544,2060-05-16,285.5502,284.6551,286.8874,284.7909,285.817,285.17792
545,2060-06-16,292.6515,290.19394,291.3683,289.21936,290.07608,288.22296
546,2060-07-16,293.3776,295.43082,292.13235,292.68637,295.54968,291.39154
547,2060-08-16,295.2431,294.65552,294.51266,292.77383,294.67126,293.65533
548,2060-09-16,292.5849,291.1347,290.17572,291.56903,288.89246,291.37115
549,2060-10-16,287.9058,287.17844,287.04092,285.58878,286.56573,286.5796
550,2060-11-16,282.8622,283.492,284.0274,280.40686,282.11197,280.30508
551,2060-12-16,281.63498,282.59747,281.3651,277.39987,278.45868,279.47394
552,2061-01-16,280.42664,279.14783,278.0571,276.57416,278.46155,276.21344
553,2061-02-15,278.61795,278.3239,277.19464,276.56183,280.4008,274.79156
554,2061-03-16,280.3317,279.10547,279.66437,280.1055,279.50497,277.90665
555,2061-04-16,282.49866,282.3113,284.23013,281.3984,282.97736,280.72342
556,2061-05-16,286.2481,285.1179,285.10864,285.5387,286.24338,286.38892
557,2061-06-16,290.83304,294.13345,291.25757,292.324,291.0033,290.10544
558,2061-07-16,295.21332,293.30722,293.60486,292.34207,292.83887,296.6063
559,2061-08-16,292.99567,294.75858,295.04306,293.52945,293.09216,293.45706
560,2061-09-16,290.2258,291.81668,292.55493,291.63654,291.36053,290.9308
561,2061-10-16,286.4202,286.94214,287.70056,289.01276,286.76373,288.2589
562,2061-11-16,281.74075,282.30008,281.33743,285.14655,284.1444,283.81113
563,2061-12-16,279.73108,280.84842,278.98636,280.14133,282.01266,279.9388
564,2062-01-16,278.72208,279.8652,277.33356,279.68097,280.85107,278.96957
565,2062-02-15,279.66562,277.98715,278.53378,277.6085,275.56784,279.15622
566,2062-03-16,280.60007,278.75232,280.2149,280.9734,279.67786,279.89035
567,2062-04-16,281.45126,279.69778,284.07373,285.42834,280.58008,281.9018
568,2062-05-16,284.54742,286.06793,287.5077,286.97168,283.89478,285.36743
569,2062-06-16,290.10025,292.94818,290.97055,289.74347,290.24567,289.51138
570,2062-07-16,295.28397,295.51178,293.79147,296.15665,294.82755,293.45245
571,2062-08-16,292.74274,293.66312,293.7594,295.11957,293.34424,293.73724
572,2062-09-16,289.551,291.08502,293.93637,292.06433,289.50537,290.70374
573,2062-10-16,288.7803,286.8515,287.0577,287.7414,285.85068,285.606
574,2062-11-16,281.3574,283.19925,285.4122,283.95865,282.4189,283.80463
575,2062-12-16,279.29123,280.04276,281.3931,281.90625,279.1498,279.609
576,2063-01-16,279.78613,279.55542,278.54138,279.11133,279.23358,278.2265
577,2063-02-15,279.58044,279.3756,276.65802,279.60757,280.08557,277.80927
578,2063-03-16,278.34244,280.136,276.25934,279.87714,279.89282,280.51898
579,2063-04-16,281.12405,281.86176,280.92862,282.25653,282.7215,284.3402
580,2063-05-16,285.73773,284.27423,284.71353,285.03525,286.59976,284.41763
581,2063-06-16,290.6563,289.84518,290.03,289.1537,291.24347,289.9521
582,2063-07-16,293.84222,295.48285,295.24393,292.6472,293.09702,293.46085
583,2063-08-16,292.9245,294.10812,295.20926,292.76572,294.15604,292.5245
584,2063-09-16,290.9046,290.37018,289.78482,291.97452,292.63358,291.871
585,2063-10-16,285.24094,287.75412,285.17563,286.51022,286.93463,286.05206
586,2063-11-16,284.8095,283.10312,281.82074,282.2965,282.62344,282.58765
587,2063-12-16,281.63425,280.89648,279.65137,279.0338,280.0555,278.05548
588,2064-01-16,278.10748,280.35107,278.92807,278.7067,278.9413,276.21332
589,2064-02-15,276.28998,279.47568,278.283,277.9272,278.20535,278.3083
590,2064-03-16,277.4478,279.9229,280.41803,280.721,279.6008,279.13846
591,2064-04-16,279.73132,281.80792,282.69028,282.86758,281.44275,282.8547
592,2064-05-16,285.35718,284.76373,284.80954,285.0502,285.07635,287.19122
593,2064-06-16,289.68207,289.9659,289.2433,290.5283,291.73233,293.2794
594,2064-07-16,295.23148,291.646,293.43106,294.43704,292.9449,294.6705
595,2064-08-16,296.44308,293.53546,294.62015,292.43152,292.8228,293.96667
596,2064-09-16,291.26974,290.1366,293.8536,289.8209,291.0333,289.42993
597,2064-10-16,289.9531,287.57538,287.16025,287.89844,287.20114,286.8774
598,2064-11-16,283.90573,283.8447,282.84662,282.35275,283.31418,285.31082
599,2064-12-16,278.38837,280.12662,282.02618,281.29233,279.71014,278.5926
600,2065-01-16,277.76358,280.05453,277.71588,278.35114,278.09796,278.47983
601,2065-02-15,279.49628,280.80408,279.4377,278.00204,278.36807,278.59332
602,2065-03-16,279.8612,279.7606,281.34805,280.76358,280.1861,279.9906
603,2065-04-16,281.36707,283.25046,282.7099,282.0702,281.9965,281.2869
604,2065-05-16,288.49524,286.95413,287.56052,285.86063,284.41187,284.23956
605,2065-06-16,289.64133,291.5783,289.63574,291.98218,292.08517,290.64294
606,2065-07-16,293.05267,296.9477,293.4102,296.53247,292.39206,293.9316
607,2065-08-16,294.65143,296.17386,291.94574,294.0558,294.19806,294.6295
608,2065-09-16,291.37192,290.40128,289.46732,289.82388,289.5571,290.85278
609,2065-10-16,286.33664,287.91583,286.94382,287.68634,285.14536,288.65228
610,2065-11-16,284.26425,282.42578,282.7968,283.67834,282.8189,282.6278
611,2065-12-16,281.0725,280.2286,280.49554,282.28293,281.4435,279.9988
612,2066-01-16,278.9944,280.12592,279.5809,278.32208,281.0289,279.56082
613,2066-02-15,275.19345,277.4734,279.31412,277.40076,278.447,279.64825
614,2066-03-16,281.04745,279.3857,281.1263,280.107,280.21875,279.127
615,2066-04-16,281.37314,283.06207,283.5925,282.06732,280.83865,283.25095
616,2066-05-16,286.6666,286.26276,289.78906,284.3334,286.0374,285.66397
617,2066-06-16,290.80426,289.12955,292.1505,289.88135,291.75726,290.76688
618,2066-07-16,295.70956,296.39975,294.5567,295.32077,296.30457,297.19598
619,2066-08-16,293.34454,295.0903,294.58646,295.08902,294.98544,297.4717
620,2066-09-16,289.73105,292.3875,289.80002,290.46542,290.8265,292.54584
621,2066-10-16,286.1539,287.3999,287.23096,286.65173,287.43686,285.84833
622,2066-11-16,283.43256,283.31155,283.19058,282.1331,281.2017,281.5875
623,2066-12-16,280.1362,280.0595,279.0174,282.30078,279.72928,279.69873
624,2067-01-16,281.3484,278.66574,280.22452,279.19388,279.975,279.9238
625,2067-02-15,278.09595,274.40067,275.55676,279.8742,279.25674,278.79712
626,2067-03-16,279.57077,280.2959,280.69604,282.12387,280.22974,278.27676
627,2067-04-16,281.544,281.56796,281.56625,284.0184,281.058,284.11337
628,2067-05-16,284.8215,286.96164,285.69955,286.74304,285.97736,287.07327
629,2067-06-16,290.33554,290.46326,289.64514,292.55225,289.80954,292.81558
630,2067-07-16,295.06854,293.38818,294.61542,295.28778,292.71335,294.3152
631,2067-08-16,295.27985,294.79425,295.04126,294.83044,293.80887,296.5521
632,2067-09-16,292.52356,290.07495,290.51443,291.1393,289.30838,292.11453
633,2067-10-16,286.58185,287.9236,287.10727,288.34888,288.33102,285.38007
634,2067-11-16,283.60373,282.01038,281.85287,283.9974,284.26065,283.40417
635,2067-12-16,279.89526,280.94775,278.72824,280.97208,281.663,281.78433
636,2068-01-16,279.7332,278.93704,279.66644,279.39117,279.2507,278.87146
637,2068-02-15,279.8861,279.8407,279.4468,279.2638,280.02127,279.10452
638,2068-03-16,279.62854,281.8372,279.19794,279.81656,281.79288,282.17673
639,2068-04-16,282.03455,281.63342,281.62836,283.00757,283.20236,282.59134
640,2068-05-16,287.5756,284.6336,285.41144,285.12735,286.64575,283.03113
641,2068-06-16,291.42102,289.0038,289.42624,293.4858,290.628,289.51917
642,2068-07-16,294.2313,294.4792,293.77734,294.97025,294.7968,294.5305
643,2068-08-16,293.2598,293.88586,295.96417,293.94592,295.00623,293.5066
644,2068-09-16,290.5532,290.81134,292.87408,290.6541,290.8686,291.24445
645,2068-10-16,287.9772,286.46432,286.33502,287.19977,285.272,285.41852
646,2068-11-16,284.10385,283.16214,283.10318,284.02524,282.53052,281.91794
647,2068-12-16,281.06696,279.72043,280.75586,280.5517,280.26755,281.06784
648,2069-01-16,277.53848,276.25378,279.76303,280.25443,276.99008,278.818
649,2069-02-15,277.83456,279.02612,278.15424,279.72174,278.80627,279.67578
650,2069-03-16,279.82898,278.8305,277.86246,281.00415,280.34286,280.9985
651,2069-04-16,284.8177,280.1154,282.50055,282.2778,282.82434,282.27454
652,2069-05-16,285.5198,284.23898,284.59695,286.9576,284.47266,287.62524
653,2069-06-16,289.9061,289.58276,292.2032,290.39728,291.65698,289.03363
654,2069-07-16,295.09958,298.40036,294.58194,294.4912,295.53006,293.92938
655,2069-08-16,297.32806,296.95676,294.2104,294.26538,294.9461,295.4101
656,2069-09-16,291.2411,293.1023,292.1688,291.95578,291.9667,291.86005
657,2069-10-16,287.20963,291.10706,288.32755,287.52274,286.2457,286.01886
658,2069-11-16,284.73898,284.44855,284.51996,283.2044,284.69382,282.93353
659,2069-12-16,281.47397,280.93533,282.97308,281.84247,279.31232,279.49088
660,2070-01-16,277.59387,281.4616,278.85468,281.4343,277.79468,279.34402
661,2070-02-15,280.6027,279.76675,279.38226,279.2867,274.5124,276.80945
662,2070-03-16,281.85233,280.742,280.23383,280.44278,276.99664,278.80466
663,2070-04-16,283.05145,281.15533,284.09973,281.85162,280.50037,282.6006
664,2070-05-16,286.75555,284.76007,286.32996,286.48322,285.19803,287.1279
665,2070-06-16,292.52777,289.56665,291.3651,290.65292,289.38657,292.01886
666,2070-07-16,295.84998,294.9068,297.22586,295.32867,293.69403,293.81284
667,2070-08-16,296.0304,296.0536,298.6426,296.20502,296.2045,294.66904
668,2070-09-16,291.05328,292.94028,292.0815,292.34482,290.25656,290.63116
669,2070-10-16,285.53354,287.3182,286.912,287.3511,285.85797,286.09506
670,2070-11-16,282.84586,283.25702,283.57162,282.1972,282.8889,283.6429
671,2070-12-16,281.62042,282.9566,280.132,282.08432,279.4355,278.53348
672,2071-01-16,281.31027,278.98688,278.38583,281.7494,279.22922,277.79272
673,2071-02-15,279.71515,278.52188,278.60806,280.65057,278.28354,273.04666
674,2071-03-16,280.21027,279.72644,281.19116,281.89938,278.58322,278.57474
675,2071-04-16,282.01178,283.63492,281.92886,282.97513,280.56412,282.14688
676,2071-05-16,285.8149,286.24353,285.8475,288.8556,289.05582,285.9035
677,2071-06-16,291.02338,290.54633,290.89197,292.59186,288.62698,289.8862
678,2071-07-16,293.71695,292.98837,294.5013,296.5944,293.14154,294.06354
679,2071-08-16,293.7256,292.0338,292.90656,295.48886,293.19196,294.073
680,2071-09-16,291.7979,289.20627,290.8575,292.81567,289.38797,291.54956
681,2071-10-16,288.2335,287.13388,287.03497,288.72678,287.03894,288.08005
682,2071-11-16,282.72693,283.5095,281.3532,285.25116,283.24554,284.3237
683,2071-12-16,279.4217,281.2694,278.71854,281.22647,282.1858,281.29233
684,2072-01-16,277.74762,279.84506,278.22177,281.66635,280.2113,278.9272
685,2072-02-15,276.5698,279.4266,279.4072,281.92618,279.35306,276.92557
686,2072-03-16,277.85654,281.64795,280.02167,280.848,279.75208,280.2756
687,2072-04-16,281.38297,283.0341,282.20206,282.3544,280.4065,283.70523
688,2072-05-16,285.7012,288.49063,285.20776,287.90393,285.28165,285.8498
689,2072-06-16,289.67444,289.50748,290.96912,291.35193,292.262,290.51895
690,2072-07-16,293.88748,292.88937,293.18732,294.8304,292.35883,294.8863
691,2072-08-16,295.20023,294.03104,295.93,294.70358,294.87897,296.2344
692,2072-09-16,291.9582,292.03485,291.61926,291.55594,293.4682,292.12543
693,2072-10-16,287.00574,285.65366,287.64832,288.0596,288.3118,287.03094
694,2072-11-16,285.43448,283.20956,285.3479,285.11075,281.89294,285.92316
695,2072-12-16,282.1003,278.84015,280.52225,280.3503,280.47882,281.99667
696,2073-01-16,280.29852,280.97183,278.96356,277.80832,279.8267,278.7323
697,2073-02-15,278.6598,281.13138,274.7967,277.60153,279.0497,280.22757
698,2073-03-16,279.80637,279.8891,277.9941,281.12146,278.68964,280.2424
699,2073-04-16,280.5979,281.59213,282.32132,282.2907,280.909,283.31668
700,2073-05-16,287.8142,285.00513,286.64096,286.58765,283.4791,286.75797
701,2073-06-16,291.95267,290.45657,291.72226,289.9475,290.3109,291.53113
702,2073-07-16,294.95325,291.9197,293.52814,296.34045,294.69534,295.10056
703,2073-08-16,297.46408,294.26602,294.00665,293.67392,293.58875,294.143
704,2073-09-16,291.2051,289.13452,292.32925,292.62527,292.35083,290.387
705,2073-10-16,288.48694,285.322,289.38297,286.27927,289.78827,286.98593
706,2073-11-16,282.95688,283.9492,285.98413,283.48166,285.16647,283.17108
707,2073-12-16,278.67514,279.62775,280.4906,280.89243,279.5922,280.18668
708,2074-01-16,276.19516,280.50333,280.07516,277.73325,278.68658,280.359
709,2074-02-15,279.1933,279.04398,278.0936,277.70383,277.14764,278.52344
710,2074-03-16,278.57178,276.92453,280.43094,278.67935,279.7436,279.17538
711,2074-04-16,281.10986,282.22662,284.1118,281.70874,284.0593,279.96658
712,2074-05-16,285.16812,284.79187,286.9172,283.54224,287.5502,282.69403
713,2074-06-16,291.4843,290.54605,292.92007,288.83472,291.13904,288.12222
714,2074-07-16,293.66116,294.11835,296.84616,293.94394,292.05655,295.744
715,2074-08-16,294.00046,292.84396,297.26016,293.53436,293.2592,293.30643
716,2074-09-16,291.63055,292.30923,293.13376,289.9172,291.3043,292.04617
717,2074-10-16,289.56082,288.5823,287.38803,288.51346,287.5872,287.43118
718,2074-11-16,284.45804,283.60358,281.22446,282.12778,283.40186,283.9303
719,2074-12-16,282.05353,280.82562,280.71405,280.1433,280.5812,280.2663
720,2075-01-16,281.12344,277.58044,279.11084,277.20004,277.8519,282.08133
721,2075-02-15,279.5432,278.66187,277.54788,278.69806,279.7379,281.36554
722,2075-03-16,280.52652,280.8467,278.89853,280.27664,279.50684,280.47928
723,2075-04-16,282.99933,281.1353,283.21768,281.62393,281.67627,282.24594
724,2075-05-16,288.69434,286.38968,287.6286,286.38452,285.90134,287.0521
725,2075-06-16,288.55457,290.02902,289.6485,288.96625,290.74338,292.2632
726,2075-07-16,294.1702,292.78488,294.8331,294.05408,293.50333,295.691
727,2075-08-16,296.19788,294.20895,295.36853,295.6247,297.22818,295.75232
728,2075-09-16,291.43936,290.81207,290.53818,292.5255,292.14838,292.72583
729,2075-10-16,287.00427,286.74088,287.11807,287.17426,286.44305,289.81784
730,2075-11-16,283.12238,283.51526,285.22333,283.73596,282.51776,284.54822
731,2075-12-16,280.697,280.69653,281.7136,279.70615,281.44382,280.94553
732,2076-01-16,279.89502,276.57324,282.10175,278.37088,277.40994,278.13837
733,2076-02-15,279.28107,279.3861,280.3354,279.1243,278.70718,279.4374
734,2076-03-16,280.16357,280.16592,281.46185,280.80106,277.73,278.9653
735,2076-04-16,282.95456,280.7052,282.97168,282.47296,282.08835,282.06848
736,2076-05-16,286.8729,284.2522,285.60724,286.19125,286.0144,288.73907
737,2076-06-16,293.1275,289.9255,290.72345,289.2524,291.92004,294.41116
738,2076-07-16,295.34848,292.54916,294.36703,292.02335,295.4224,293.9984
739,2076-08-16,298.42584,293.94333,292.7928,292.32642,294.11816,295.41733
740,2076-09-16,292.52597,292.07108,290.64716,291.91614,290.84793,292.30774
741,2076-10-16,286.9576,289.53967,287.41144,290.41907,285.7989,287.5099
742,2076-11-16,285.8806,282.15646,282.64685,284.7974,283.72772,282.37057
743,2076-12-16,281.55603,280.30264,281.3727,280.16492,278.38153,281.25467
744,2077-01-16,276.77277,278.90182,280.276,279.60944,279.2977,280.4714
745,2077-02-15,278.25873,278.31152,281.1794,279.0069,279.15884,278.92416
746,2077-03-16,280.85245,280.18604,278.9153,280.5682,280.50415,279.81116
747,2077-04-16,281.81055,284.07925,282.99957,285.3971,284.88367,282.3985
748,2077-05-16,285.1017,285.7191,288.81885,289.92902,287.6975,285.68582
749,2077-06-16,291.174,292.15146,290.92245,293.61484,292.26224,290.2947
750,2077-07-16,295.26328,297.7982,293.29718,295.05573,293.29355,293.66467
751,2077-08-16,296.00964,296.5736,297.03815,295.21002,294.39734,297.0872
752,2077-09-16,290.6656,292.37064,290.46677,291.6114,292.25626,293.0008
753,2077-10-16,287.18546,287.96387,286.92252,285.8248,288.53983,288.9112
754,2077-11-16,284.58386,284.2748,282.854,283.71735,283.6491,283.7708
755,2077-12-16,281.4259,280.5591,280.48697,282.5093,281.32455,281.02277
756,2078-01-16,279.2698,276.68378,278.32706,278.02927,278.6715,279.3998
757,2078-02-15,279.85855,278.06656,278.68677,280.5958,278.1305,280.848
758,2078-03-16,280.93762,279.02985,281.24152,281.82156,279.54245,280.3804
759,2078-04-16,283.69815,283.17966,282.903,287.4132,281.16525,283.34253
760,2078-05-16,286.43805,284.13647,286.69882,287.50934,284.995,287.57687
761,2078-06-16,288.83072,292.29013,290.76273,289.6943,289.4704,290.31488
762,2078-07-16,294.30063,294.84387,293.4346,295.96973,292.62274,295.52353
763,2078-08-16,294.99872,294.74124,294.82944,298.62698,294.66974,296.93442
764,2078-09-16,294.4505,291.4228,293.8655,292.7589,291.21085,291.98962
765,2078-10-16,289.98688,286.87823,285.65845,286.97495,287.26828,287.00592
766,2078-11-16,284.8651,284.50455,283.2654,283.12234,282.88736,283.6972
767,2078-12-16,280.19687,278.94296,278.11523,282.53345,279.98004,281.8645
768,2079-01-16,280.4287,277.82706,279.42786,279.79803,279.2596,279.52234
769,2079-02-15,277.84872,278.87354,280.42676,277.99536,279.57715,280.1084
770,2079-03-16,279.70172,281.16733,277.79575,280.35385,281.98328,280.0277
771,2079-04-16,282.89197,282.8129,281.7605,282.4713,284.56625,283.1675
772,2079-05-16,288.12207,286.7578,286.66617,286.27835,285.5443,287.48087
773,2079-06-16,290.97333,292.3421,292.7577,289.16815,291.71262,293.503
774,2079-07-16,294.30014,294.43243,297.72577,294.7713,296.1169,295.40674
775,2079-08-16,295.2919,296.1538,294.91736,296.75723,296.9862,294.7081
776,2079-09-16,290.2909,293.5302,291.43555,291.76648,292.52115,291.21185
777,2079-10-16,287.05164,288.2234,290.28583,288.6174,289.94843,287.33984
778,2079-11-16,284.16943,283.39838,284.33347,281.86075,285.83688,285.98398
779,2079-12-16,281.39716,281.14938,281.20908,281.4308,282.10605,280.95148
780,2080-01-16,280.613,279.25098,280.4071,279.71252,280.84872,280.34677
781,2080-02-15,279.3982,279.03256,278.46503,277.1414,281.35626,279.8007
782,2080-03-16,280.4819,281.0072,281.9471,280.36963,282.38995,281.14484
783,2080-04-16,283.64694,282.2616,283.57483,282.13272,282.67355,282.57727
784,2080-05-16,289.27487,286.77667,286.3144,285.13782,285.21317,288.17264
785,2080-06-16,290.05475,294.09784,290.22452,289.15475,291.08664,292.5426
786,2080-07-16,295.89816,298.46002,295.5105,295.70084,293.53348,296.5242
787,2080-08-16,294.98865,295.7529,294.18463,297.6455,296.30457,295.5658
788,2080-09-16,292.97247,291.27255,292.96826,290.8981,293.31573,292.21445
789,2080-10-16,289.40576,289.3041,288.37228,287.54993,290.27103,287.48245
790,2080-11-16,285.0374,285.46652,285.71933,283.7818,283.1877,283.8749
791,2080-12-16,280.07877,279.6833,281.79642,283.2133,281.81317,281.7913
792,2081-01-16,279.58563,278.95538,280.69946,280.74908,280.71884,281.053
793,2081-02-15,280.44763,281.3771,277.00665,279.75055,280.33026,277.95578
794,2081-03-16,279.36813,281.08997,280.37454,280.38995,282.62085,280.0903
795,2081-04-16,281.7266,281.45935,281.7581,281.29108,281.95123,281.76685
796,2081-05-16,285.33496,287.71796,286.95532,285.36487,286.14734,288.09497
797,2081-06-16,291.14517,292.24463,290.5464,291.05768,291.28677,291.7053
798,2081-07-16,295.82294,294.15118,296.52585,292.99304,297.80573,297.69348
799,2081-08-16,296.4403,295.44382,299.65442,293.27695,295.94168,294.42212
800,2081-09-16,292.43997,293.2982,292.25693,292.9076,293.9722,290.8247
801,2081-10-16,290.01224,286.107,286.9121,286.1287,288.44745,287.92258
802,2081-11-16,285.5943,284.55695,282.27966,283.76578,284.27478,284.31375
803,2081-12-16,280.17725,280.9076,281.93683,280.37805,280.27643,283.1562
804,2082-01-16,279.935,280.74933,279.8654,278.26767,280.02127,279.6095
805,2082-02-15,280.95807,280.59497,280.6487,279.46664,279.49442,278.91208
806,2082-03-16,280.053,280.17554,280.0745,282.13467,281.21283,279.31775
807,2082-04-16,280.53217,282.96808,281.64987,282.13287,281.58383,283.1556
808,2082-05-16,286.37372,286.6367,287.39774,284.91623,285.35892,287.10355
809,2082-06-16,290.8298,291.32025,289.18088,290.0515,291.24176,293.8664
810,2082-07-16,295.84442,295.02365,294.51364,297.69205,297.1657,295.32227
811,2082-08-16,296.08057,296.45694,297.0029,296.71292,292.7175,293.4492
812,2082-09-16,291.58093,292.22885,292.47128,292.95547,292.2062,292.11984
813,2082-10-16,287.89062,287.88266,287.21674,287.79965,286.52573,289.02975
814,2082-11-16,283.75732,282.11722,284.3485,283.8837,283.6007,285.1164
815,2082-12-16,279.11588,280.23,283.10184,280.0433,281.32767,280.63046
816,2083-01-16,281.1575,280.42834,280.67792,279.65924,278.4073,279.51483
817,2083-02-15,281.21463,278.46408,278.78625,279.9865,278.97107,278.504
818,2083-03-16,282.52774,281.29526,281.01334,281.43652,278.68732,281.13583
819,2083-04-16,283.25162,281.82663,283.1052,281.19,281.87894,283.80835
820,2083-05-16,289.8362,284.08408,286.51038,286.30396,287.07718,285.56235
821,2083-06-16,294.19873,293.28238,291.11758,289.16852,292.54794,289.17532
822,2083-07-16,297.58282,296.45694,294.86307,295.79868,296.66388,293.36932
823,2083-08-16,296.71228,295.76797,294.4797,296.42886,294.2256,293.95892
824,2083-09-16,292.31265,291.56143,290.4411,292.36816,290.75305,291.37616
825,2083-10-16,288.89136,288.8342,287.77716,289.09653,288.18582,288.27518
826,2083-11-16,283.2282,283.44977,283.4582,283.19565,284.1349,284.9373
827,2083-12-16,279.96527,282.3637,280.43008,281.17804,280.9822,282.01138
828,2084-01-16,281.89893,280.2473,278.55725,280.61353,280.4439,279.10416
829,2084-02-15,281.4893,280.35394,281.11777,280.582,281.09064,278.51352
830,2084-03-16,280.34378,280.2088,282.2091,281.7159,281.02408,280.36996
831,2084-04-16,281.90063,283.85846,284.97653,283.31784,283.12457,286.24783
832,2084-05-16,286.84793,287.8309,286.99393,287.61548,285.05933,287.82892
833,2084-06-16,292.0212,289.57965,291.6357,292.03473,291.46298,291.59137
834,2084-07-16,294.2238,294.94812,296.41187,295.25906,296.35367,294.09964
835,2084-08-16,297.01447,295.54538,296.4277,296.3243,294.31628,296.5964
836,2084-09-16,292.64133,292.62506,293.2457,292.3385,292.5075,292.1052
837,2084-10-16,287.45486,286.37115,287.0383,289.5539,289.50168,287.2988
838,2084-11-16,282.51016,281.97144,282.4519,285.66342,283.49088,283.04028
839,2084-12-16,280.36133,281.59335,281.15717,282.92572,280.7487,281.10828
840,2085-01-16,280.6731,278.87216,279.59113,278.65408,277.26596,278.76755
841,2085-02-15,278.78262,279.1127,278.76962,279.5651,277.92007,280.90985
842,2085-03-16,280.5223,280.4241,279.41714,278.43338,279.51285,280.46597
843,2085-04-16,281.70074,283.3358,282.0262,282.64438,283.98343,283.4033
844,2085-05-16,285.09515,286.91623,287.44434,284.92776,286.41965,285.97827
845,2085-06-16,293.38254,292.9717,291.89706,288.04324,291.7647,291.5217
846,2085-07-16,296.44037,297.01114,294.03552,295.78583,298.03326,296.043
847,2085-08-16,296.99155,297.48157,296.42352,294.2586,296.59528,296.40997
848,2085-09-16,292.60165,294.1493,291.83957,292.12006,295.22162,292.93268
849,2085-10-16,286.50403,290.53183,288.90076,288.21683,288.88174,289.65445
850,2085-11-16,283.16788,284.76877,283.07962,284.32593,282.63403,285.73022
851,2085-12-16,282.81,282.79102,280.3702,280.37625,281.86792,280.94257
852,2086-01-16,281.51483,280.58353,278.74225,278.1374,280.28888,279.37112
853,2086-02-15,281.5204,279.4858,280.22318,280.1792,278.9969,278.85678
854,2086-03-16,282.32315,281.77023,280.2721,279.11237,278.65463,278.99277
855,2086-04-16,284.0741,285.28876,283.2319,280.80756,283.45026,283.04776
856,2086-05-16,286.595,287.3057,286.30704,284.47662,287.85294,289.12207
857,2086-06-16,291.20645,291.51822,288.8166,287.9056,291.60324,290.36798
858,2086-07-16,294.15408,295.23926,295.94745,296.09668,296.5433,295.00906
859,2086-08-16,297.06982,297.63376,298.15262,295.4047,294.91034,294.26776
860,2086-09-16,294.54276,292.9623,293.08612,294.1025,293.472,291.3691
861,2086-10-16,290.1112,287.29678,288.34717,287.2837,289.48184,287.26123
862,2086-11-16,281.8502,283.2755,284.4331,282.86716,284.2028,284.8843
863,2086-12-16,282.57498,281.15683,281.85507,280.10648,281.35077,283.08752
864,2087-01-16,278.58487,277.93198,280.38196,278.14816,278.1728,279.16248
865,2087-02-15,279.70966,281.24155,279.901,274.92722,278.66885,280.66333
866,2087-03-16,279.4802,282.64908,278.34186,278.77634,278.7149,281.31372
867,2087-04-16,283.65274,282.92654,282.94815,282.01398,281.48828,283.093
868,2087-05-16,286.335,285.35803,284.92642,287.86264,284.77753,284.79324
869,2087-06-16,290.07742,291.1476,293.2304,291.28598,289.64944,294.1209
870,2087-07-16,295.32846,293.1028,295.35956,293.8483,293.67297,293.63235
871,2087-08-16,296.69055,294.15363,294.47986,294.93463,295.10944,296.1717
872,2087-09-16,294.09988,291.49374,292.83664,292.4642,293.82098,292.0426
873,2087-10-16,290.1634,288.00797,289.97366,287.3483,289.0028,288.22803
874,2087-11-16,286.47565,284.57785,283.84683,281.97748,285.2378,283.49915
875,2087-12-16,282.60114,281.5247,282.4342,280.59964,278.8769,280.4307
876,2088-01-16,281.40305,279.3315,280.2862,278.84866,278.44565,280.49136
877,2088-02-15,281.33054,281.9318,279.4017,278.19543,277.95297,278.57385
878,2088-03-16,281.2597,280.81433,280.55487,278.54315,279.53525,280.13083
879,2088-04-16,283.3747,282.9093,281.97488,281.63882,284.65555,280.67416
880,2088-05-16,287.47736,285.65796,284.60803,285.69574,287.3768,285.4979
881,2088-06-16,290.44766,289.97583,290.15524,292.31763,294.18774,289.13806
882,2088-07-16,294.08356,293.00522,295.4816,294.97525,297.09784,293.60632
883,2088-08-16,294.3185,294.67868,297.55444,296.9464,296.58115,295.5715
884,2088-09-16,293.2117,293.83496,292.3234,293.88104,291.92145,290.70718
885,2088-10-16,289.0389,288.0825,287.3049,290.49057,288.11453,289.18866
886,2088-11-16,284.59003,285.0065,282.78964,285.09,285.7198,284.41553
887,2088-12-16,282.24887,280.90472,280.3853,281.33652,280.70145,281.86813
888,2089-01-16,281.53433,280.52747,277.60886,280.45462,280.9457,280.25696
889,2089-02-15,280.68866,278.42438,281.02155,280.10443,279.09543,281.18756
890,2089-03-16,281.80048,281.1338,280.51587,279.0526,280.31653,282.2292
891,2089-04-16,285.0828,282.47946,281.8187,282.90274,281.51953,283.5382
892,2089-05-16,287.20825,286.21143,287.32147,284.74344,286.9836,285.8351
893,2089-06-16,291.44174,291.6708,290.77185,291.8381,292.6853,290.77728
894,2089-07-16,296.7877,294.62808,294.76065,294.01227,296.48553,296.6265
895,2089-08-16,296.63327,294.99762,295.76398,293.91415,295.94122,295.54184
896,2089-09-16,292.9824,292.963,292.76855,293.01477,294.72964,292.28726
897,2089-10-16,287.70514,287.56125,287.8716,287.4126,289.3496,286.80234
898,2089-11-16,284.41232,283.31128,282.14258,285.58276,285.41956,285.02966
899,2089-12-16,281.827,282.37604,279.91254,280.8419,282.09763,281.26038
900,2090-01-16,282.35867,278.7442,281.1012,280.6782,281.2505,278.8792
901,2090-02-15,279.4334,278.35986,281.76752,281.95612,279.97455,280.3886
902,2090-03-16,280.50836,278.48685,281.99963,281.5472,280.77682,279.56445
903,2090-04-16,282.5657,282.1766,282.98196,283.65076,283.55902,283.1049
904,2090-05-16,287.70813,285.77826,287.4105,287.2591,290.68427,286.22906
905,2090-06-16,292.62003,291.81094,294.3009,293.46674,294.49356,291.86465
906,2090-07-16,296.89224,299.8097,295.8957,296.20734,294.54587,296.73627
907,2090-08-16,296.77698,295.00107,295.00443,294.97787,293.73874,295.1431
908,2090-09-16,295.804,289.80762,291.67197,293.02023,292.61386,294.35428
909,2090-10-16,287.42856,287.31177,289.3014,289.893,288.8084,291.31448
910,2090-11-16,283.47995,282.6457,284.65747,283.98343,283.7232,286.9762
911,2090-12-16,280.523,281.1141,283.3068,280.75867,281.78796,283.6895
912,2091-01-16,278.6099,279.50223,281.0268,282.34525,278.9913,283.24213
913,2091-02-15,279.09384,277.02502,279.3082,280.25366,276.49414,281.04007
914,2091-03-16,280.3403,278.1578,280.0924,281.49554,279.46512,278.16077
915,2091-04-16,280.91595,282.01434,282.62,283.72977,283.49243,282.57108
916,2091-05-16,288.81897,286.55484,287.3849,286.22043,288.42953,288.74316
917,2091-06-16,294.0811,293.65472,291.66818,294.0089,290.9943,292.48453
918,2091-07-16,295.15424,295.2597,295.6442,296.94788,297.0069,297.02536
919,2091-08-16,300.1649,295.49942,297.31686,297.6209,297.16565,297.2725
920,2091-09-16,293.52805,291.04535,293.0495,293.63773,292.76395,294.21536
921,2091-10-16,289.21426,288.239,287.27954,288.0066,287.87433,289.0793
922,2091-11-16,283.87814,285.1654,284.11343,284.18112,283.46344,283.28458
923,2091-12-16,281.93155,280.50705,281.06644,281.61237,280.88818,281.51572
924,2092-01-16,281.08435,278.45367,280.98804,281.1042,280.19012,281.2207
925,2092-02-15,279.35492,279.11108,280.18375,280.21854,279.72937,282.2002
926,2092-03-16,278.95367,279.75104,281.96466,279.36853,281.30423,280.97156
927,2092-04-16,284.51028,281.01532,284.90643,283.14273,284.92337,286.61526
928,2092-05-16,286.52606,286.2404,288.4177,289.56152,285.3203,289.25797
929,2092-06-16,292.45578,291.06003,292.9525,289.44565,296.3083,294.41522
930,2092-07-16,297.78156,295.77728,294.29782,296.45132,293.76944,295.631
931,2092-08-16,295.08014,298.34213,298.7378,298.38037,295.91565,299.49756
932,2092-09-16,292.77338,294.2926,292.47308,294.28616,292.73914,294.16574
933,2092-10-16,287.14343,289.07275,289.15582,287.42337,288.4322,287.04562
934,2092-11-16,282.87875,284.26306,286.05603,284.7296,284.1651,283.40826
935,2092-12-16,281.51395,283.03275,283.27045,280.87943,282.30237,282.32812
936,2093-01-16,279.31326,280.65787,279.4041,280.5794,280.83572,280.32428
937,2093-02-15,278.76443,276.6509,278.66245,278.69122,278.08087,281.4151
938,2093-03-16,281.58237,280.3362,281.5051,282.0709,280.9616,281.25177
939,2093-04-16,284.69418,282.81958,284.9021,282.984,284.96246,283.2052
940,2093-05-16,286.79675,286.03934,287.99426,288.9374,287.34094,286.99695
941,2093-06-16,294.6297,294.38065,291.81226,292.8981,294.2883,292.6444
942,2093-07-16,295.79907,297.93054,297.00333,294.9375,295.92764,297.5995
943,2093-08-16,296.06985,296.54376,297.42752,295.8645,298.81207,296.9555
944,2093-09-16,294.4969,294.01782,293.4457,294.20752,292.65845,294.03098
945,2093-10-16,288.66116,290.14923,289.8581,289.78937,290.1099,290.52933
946,2093-11-16,285.2757,284.35977,284.0265,286.0255,285.06064,284.6042
947,2093-12-16,281.64374,279.8272,282.6952,281.691,280.4595,282.6283
948,2094-01-16,281.67792,281.65338,280.62646,279.8429,279.30676,281.60455
949,2094-02-15,281.9331,279.31036,280.9786,279.0538,278.06738,281.02728
950,2094-03-16,281.42822,279.89365,279.95053,280.60132,278.25565,280.45718
951,2094-04-16,284.3732,282.2359,282.20444,286.9024,281.4986,282.86243
952,2094-05-16,286.03,285.58157,287.4229,286.35785,288.1136,286.18875
953,2094-06-16,291.84433,293.8141,291.5293,292.8539,291.82013,291.7114
954,2094-07-16,298.3345,294.85876,297.6697,297.5242,295.74747,298.00613
955,2094-08-16,298.00266,294.6238,297.058,297.43634,295.7965,294.9559
956,2094-09-16,291.4411,292.38525,292.8136,296.7327,294.5677,292.319
957,2094-10-16,288.46326,287.46133,286.2463,291.60065,289.28882,288.30588
958,2094-11-16,285.3819,282.7203,283.8663,287.10803,284.24948,285.9228
959,2094-12-16,282.7312,280.7261,281.33707,283.52377,281.20047,281.42578
960,2095-01-16,278.0365,280.03857,280.28723,281.33557,279.4024,282.83432
961,2095-02-15,280.67307,280.25934,280.24017,281.84497,279.35043,280.9825
962,2095-03-16,282.33545,280.9602,280.47144,280.52597,279.91287,280.0985
963,2095-04-16,287.36658,283.43863,282.2634,284.89465,281.7032,285.87137
964,2095-05-16,286.67746,287.0605,287.33438,286.85477,285.19598,289.45956
965,2095-06-16,294.3446,292.94666,291.32034,290.68634,292.2579,291.97876
966,2095-07-16,295.3123,297.6945,296.627,294.42435,299.4687,295.5147
967,2095-08-16,296.0892,295.4198,297.76083,297.13226,297.99164,296.55835
968,2095-09-16,292.15573,293.3223,293.04922,292.98093,292.1361,293.68027
969,2095-10-16,288.27936,287.8569,289.61386,290.13348,290.802,289.40295
970,2095-11-16,284.5212,285.2808,284.31607,284.60968,284.093,284.28204
971,2095-12-16,282.76825,281.24292,283.11008,282.7058,282.86203,282.3923
972,2096-01-16,281.51962,282.06247,280.15067,279.97375,280.96976,281.30267
973,2096-02-15,281.26886,281.0699,280.96994,278.3045,279.06052,281.68286
974,2096-03-16,280.37302,281.18823,282.1935,281.655,279.62064,282.1557
975,2096-04-16,282.84528,283.34485,282.4163,282.51834,282.36188,283.2456
976,2096-05-16,287.84634,287.21906,285.11633,286.2971,287.3713,287.4911
977,2096-06-16,294.8597,293.5335,290.1843,290.37503,290.46362,293.20682
978,2096-07-16,298.23575,295.42902,296.65457,294.4348,294.874,298.6012
979,2096-08-16,297.96683,295.38553,298.28702,297.43546,294.1102,297.4784
980,2096-09-16,294.07556,291.92404,294.33624,291.02762,293.60907,293.51797
981,2096-10-16,288.83426,287.98865,288.49146,288.9124,289.9631,290.12054
982,2096-11-16,284.32388,282.6208,284.32562,283.3638,284.20746,285.0567
983,2096-12-16,281.15845,282.89224,281.0571,281.31055,281.61475,282.26602
984,2097-01-16,282.6498,280.45288,279.90195,281.31302,279.24036,280.86987
985,2097-02-15,280.78253,279.87973,279.03723,281.36234,278.10635,279.91922
986,2097-03-16,280.6608,283.4752,281.45505,281.50427,281.3689,281.85742
987,2097-04-16,282.91354,283.46152,283.35074,284.70688,282.03848,284.6914
988,2097-05-16,288.0503,289.50122,289.8528,286.54428,286.7871,284.36624
989,2097-06-16,291.3916,292.46573,292.57874,293.2351,291.88586,293.51767
990,2097-07-16,296.11838,293.51254,296.89157,295.50577,294.7045,297.4023
991,2097-08-16,299.7085,297.06818,298.24585,297.64572,296.0934,297.8357
992,2097-09-16,293.41656,292.32318,292.6429,290.83908,292.7753,293.66202
993,2097-10-16,289.41217,287.48642,291.51593,287.36438,288.51422,288.3741
994,2097-11-16,284.65967,284.60013,283.88568,286.27417,285.133,285.49673
995,2097-12-16,283.21667,282.383,282.65073,281.72266,281.52722,280.20935
996,2098-01-16,280.56354,279.47433,282.6159,279.55872,280.17758,281.61786
997,2098-02-15,280.50092,281.111,281.91522,277.96573,282.00504,280.82513
998,2098-03-16,280.284,280.97855,282.09515,278.75327,281.9322,283.20926
999,2098-04-16,284.1924,283.11725,282.6989,282.55936,285.04535,284.1164
1000,2098-05-16,288.56424,287.10083,288.24194,285.0847,290.83557,290.06485
1001,2098-06-16,292.911,291.45346,290.8205,290.65335,293.3232,292.68536
1002,2098-07-16,296.24057,294.07663,295.6271,296.74948,295.906,295.15042
1003,2098-08-16,298.11157,296.8877,294.84924,296.51266,295.73816,297.12946
1004,2098-09-16,293.7311,293.2468,293.69336,292.58966,293.72095,293.40906
1005,2098-10-16,289.15686,290.13602,288.77664,286.32477,290.48203,287.3893
1006,2098-11-16,285.04367,286.16245,285.87466,282.2198,286.23703,284.13675
1007,2098-12-16,283.215,283.05304,283.11865,280.36334,283.36685,281.84424
1008,2099-01-16,281.38788,279.2422,279.38614,278.13766,281.4333,282.52078
1009,2099-02-15,280.0832,279.71497,279.84967,277.14557,281.56082,279.90146
1010,2099-03-16,280.83466,281.5853,282.71652,279.53558,281.96304,278.99002
1011,2099-04-16,284.51096,284.91656,283.47354,280.6065,283.3297,281.69058
1012,2099-05-16,287.8625,286.92297,285.8341,286.8101,286.4518,285.12067
1013,2099-06-16,295.00974,290.68497,290.10806,293.0602,294.7653,291.5912
1014,2099-07-16,298.09467,299.3661,297.82693,296.14694,296.73413,294.96167
1015,2099-08-16,299.4357,296.54172,295.89938,298.02744,296.1864,294.8094
1016,2099-09-16,293.57407,293.1881,293.08554,292.4198,290.96085,291.43942
1017,2099-10-16,287.55466,288.38022,288.38843,288.42944,289.65875,287.89566
1018,2099-11-16,284.76825,284.99747,285.30774,284.00186,284.33142,285.01556
1019,2099-12-16,282.3789,281.37183,282.43008,281.87662,280.27637,282.571
1020,2100-01-16,278.78973,279.10577,280.85428,280.1565,279.93732,280.6289
1021,2100-02-15,277.35284,279.65173,279.6318,280.838,279.97318,281.27264
1022,2100-03-16,278.40363,280.90518,280.9178,281.35385,280.08255,282.8085
1023,2100-04-16,282.65323,282.29178,285.30423,282.82175,286.7021,283.24707
1024,2100-05-16,287.81656,287.335,286.62485,285.61005,286.38004,288.21716
1025,2100-06-16,290.77878,292.4352,291.48407,292.774,291.4533,290.60446
1026,2100-07-16,296.64926,296.02264,298.65384,295.4989,293.98886,295.30252
1027,2100-08-16,299.90433,295.76804,298.14365,297.32233,297.62305,296.81366
1028,2100-09-16,293.67957,292.49536,293.04047,293.3896,293.40298,292.5744
1029,2100-10-16,287.75272,288.88303,289.10254,288.76688,288.61362,290.5554
1030,2100-11-16,283.13214,284.4724,286.03293,285.93002,285.04694,285.6036
1031,2100-12-16,282.72824,282.4033,282.8789,281.21622,283.03348,283.29532
